SYMBOL,company,product,region,country,industry,sector,gics_sector
1332.T,Nissui Corporation,Equity,jp_topix_500,Japan,Packaged Foods,"Fishery,Agriculture & Forestry",Consumer Defensive
1333.T,Maruha Nichiro Corporation,Equity,jp_topix_500,Japan,Packaged Foods,"Fishery,Agriculture & Forestry",Consumer Defensive
1414.T,"SHO-BOND Holdings Co.,Ltd.",Equity,jp_topix_500,Japan,Engineering & Construction,Construction,Industrials
1417.T,MIRAIT ONE Corporation,Equity,jp_topix_500,Japan,Engineering & Construction,Construction,Industrials
1605.T,INPEX CORPORATION,Equity,jp_topix_500,Japan,Oil & Gas E&P,Mining,Energy
1719.T,HAZAMA ANDO CORPORATION,Equity,jp_topix_500,Japan,Engineering & Construction,Construction,Industrials
1721.T,COMSYS Holdings Corporation,Equity,jp_topix_500,Japan,Engineering & Construction,Construction,Industrials
1801.T,TAISEI CORPORATION,Equity,jp_topix_500,Japan,Engineering & Construction,Construction,Industrials
1802.T,OBAYASHI CORPORATION,Equity,jp_topix_500,Japan,Engineering & Construction,Construction,Industrials
1803.T,SHIMIZU CORPORATION,Equity,jp_topix_500,Japan,Engineering & Construction,Construction,Industrials
1808.T,HASEKO Corporation,Equity,jp_topix_500,Japan,Residential Construction,Construction,Consumer Cyclical
1812.T,KAJIMA CORPORATION,Equity,jp_topix_500,Japan,Engineering & Construction,Construction,Industrials
1820.T,"Nishimatsu Construction Co.,Ltd.",Equity,jp_topix_500,Japan,Engineering & Construction,Construction,Industrials
1860.T,TODA CORPORATION,Equity,jp_topix_500,Japan,Engineering & Construction,Construction,Industrials
1878.T,"DAITO TRUST CONSTRUCTION CO.,LTD.",Equity,jp_topix_500,Japan,Real Estate - Diversified,Real Estate,Real Estate
1893.T,"PENTA-OCEAN CONSTRUCTION CO.,LTD.",Equity,jp_topix_500,Japan,Engineering & Construction,Construction,Industrials
1911.T,"Sumitomo Forestry Co.,Ltd.",Equity,jp_topix_500,Japan,Residential Construction,Construction,Consumer Cyclical
1925.T,"DAIWA HOUSE INDUSTRY CO.,LTD.",Equity,jp_topix_500,Japan,Real Estate - Development,Construction,Real Estate
1928.T,"Sekisui House,Ltd.",Equity,jp_topix_500,Japan,Residential Construction,Construction,Consumer Cyclical
1942.T,"KANDENKO CO.,LTD.",Equity,jp_topix_500,Japan,Engineering & Construction,Construction,Industrials
1944.T,KINDEN CORPORATION,Equity,jp_topix_500,Japan,Engineering & Construction,Construction,Industrials
1951.T,"EXEO Group,Inc.",Equity,jp_topix_500,Japan,Engineering & Construction,Construction,Industrials
1959.T,KRAFTIA CORPORATION,Equity,jp_topix_500,Japan,Engineering & Construction,Construction,Industrials
1963.T,JGC HOLDINGS CORPORATION,Equity,jp_topix_500,Japan,Engineering & Construction,Construction,Industrials
1969.T,"Takasago Thermal Engineering Co.,Ltd.",Equity,jp_topix_500,Japan,Building Products & Equipment,Construction,Industrials
2002.T,NISSHIN SEIFUN GROUP INC.,Equity,jp_topix_500,Japan,Packaged Foods,Foods,Consumer Defensive
2127.T,Nihon M&A Center Holdings Inc.,Equity,jp_topix_500,Japan,Capital Markets,Services,Financial Services
2181.T,"PERSOL HOLDINGS CO.,LTD.",Equity,jp_topix_500,Japan,Staffing & Employment Services,Services,Industrials
2201.T,"Morinaga & Co.,Ltd.",Equity,jp_topix_500,Japan,Confectioners,Foods,Consumer Defensive
2206.T,"Ezaki Glico Co.,Ltd.",Equity,jp_topix_500,Japan,Packaged Foods,Foods,Consumer Defensive
2212.T,"YAMAZAKI BAKING CO.,LTD.",Equity,jp_topix_500,Japan,Packaged Foods,Foods,Consumer Defensive
2222.T,"Kotobuki Spirits Co.,Ltd.",Equity,jp_topix_500,Japan,Confectioners,Foods,Consumer Defensive
2229.T,"CALBEE,Inc.",Equity,jp_topix_500,Japan,Packaged Foods,Foods,Consumer Defensive
2264.T,"MORINAGA MILK INDUSTRY CO.,LTD.",Equity,jp_topix_500,Japan,Packaged Foods,Foods,Consumer Defensive
2267.T,"YAKULT HONSHA CO.,LTD.",Equity,jp_topix_500,Japan,Beverages - Non-Alcoholic,Foods,Consumer Defensive
2269.T,"Meiji Holdings Co.,Ltd.",Equity,jp_topix_500,Japan,Packaged Foods,Foods,Consumer Defensive
2282.T,NH Foods Ltd.,Equity,jp_topix_500,Japan,Packaged Foods,Foods,Consumer Defensive
2327.T,NS Solutions Corporation,Equity,jp_topix_500,Japan,Information Technology Services,Information & Communication,Technology
2331.T,"ALSOK CO.,LTD.",Equity,jp_topix_500,Japan,Security & Protection Services,Services,Industrials
2371.T,"Kakaku.com,Inc.",Equity,jp_topix_500,Japan,Internet Content & Information,Services,Communication Services
2413.T,"M3,Inc.",Equity,jp_topix_500,Japan,Health Information Services,Services,Healthcare
2432.T,"DeNA Co.,Ltd.",Equity,jp_topix_500,Japan,Conglomerates,Information & Communication,Industrials
2433.T,HAKUHODO DY HOLDINGS INCORPORATED,Equity,jp_topix_500,Japan,Advertising Agencies,Services,Communication Services
2501.T,SAPPORO HOLDINGS LIMITED,Equity,jp_topix_500,Japan,Beverages - Brewers,Foods,Consumer Defensive
2502.T,"Asahi Group Holdings,Ltd.",Equity,jp_topix_500,Japan,Beverages - Brewers,Foods,Consumer Defensive
2503.T,"Kirin Holdings Company,Limited",Equity,jp_topix_500,Japan,Beverages - Brewers,Foods,Consumer Defensive
2531.T,TAKARA HOLDINGS INC.,Equity,jp_topix_500,Japan,Beverages - Brewers,Foods,Consumer Defensive
2579.T,Coca-Cola Bottlers Japan Holdings Inc.,Equity,jp_topix_500,Japan,Beverages - Non-Alcoholic,Foods,Consumer Defensive
2587.T,Suntory Beverage & Food Limited,Equity,jp_topix_500,Japan,Beverages - Non-Alcoholic,Foods,Consumer Defensive
2593.T,"ITO EN,LTD.",Equity,jp_topix_500,Japan,Beverages - Non-Alcoholic,Foods,Consumer Defensive
2607.T,"FUJI OIL CO.,LTD.",Equity,jp_topix_500,Japan,Packaged Foods,Foods,Consumer Defensive
2670.T,"ABC-MART,INC.",Equity,jp_topix_500,Japan,Apparel Retail,Retail Trade,Consumer Cyclical
2768.T,Sojitz Corporation,Equity,jp_topix_500,Japan,Conglomerates,Wholesale Trade,Industrials
2784.T,Alfresa Holdings Corporation,Equity,jp_topix_500,Japan,Medical Distribution,Wholesale Trade,Healthcare
2801.T,KIKKOMAN CORPORATION,Equity,jp_topix_500,Japan,Packaged Foods,Foods,Consumer Defensive
2802.T,"Ajinomoto Co.,Inc.",Equity,jp_topix_500,Japan,Packaged Foods,Foods,Consumer Defensive
2809.T,Kewpie Corporation,Equity,jp_topix_500,Japan,Packaged Foods,Foods,Consumer Defensive
2810.T,House Foods Group Inc.,Equity,jp_topix_500,Japan,Packaged Foods,Foods,Consumer Defensive
2811.T,"KAGOME CO.,LTD.",Equity,jp_topix_500,Japan,Packaged Foods,Foods,Consumer Defensive
2871.T,NICHIREI CORPORATION,Equity,jp_topix_500,Japan,Packaged Foods,Foods,Consumer Defensive
2875.T,"TOYO SUISAN KAISHA,LTD.",Equity,jp_topix_500,Japan,Packaged Foods,Foods,Consumer Defensive
2897.T,"NISSIN FOODS HOLDINGS CO.,LTD.",Equity,jp_topix_500,Japan,Packaged Foods,Foods,Consumer Defensive
2914.T,JAPAN TOBACCO INC.,Equity,jp_topix_500,Japan,Tobacco,Foods,Consumer Defensive
3003.T,"Hulic Co.,Ltd.",Equity,jp_topix_500,Japan,Real Estate Services,Real Estate,Real Estate
3038.T,"KOBE BUSSAN CO.,LTD.",Equity,jp_topix_500,Japan,Grocery Stores,Wholesale Trade,Consumer Defensive
3048.T,BIC CAMERA INC.,Equity,jp_topix_500,Japan,Specialty Retail,Retail Trade,Consumer Cyclical
3064.T,"MonotaRO Co.,Ltd.",Equity,jp_topix_500,Japan,Internet Retail,Retail Trade,Consumer Cyclical
3086.T,"J.FRONT RETAILING Co.,Ltd.",Equity,jp_topix_500,Japan,Department Stores,Retail Trade,Consumer Cyclical
3088.T,MatsukiyoCocokara & Co.,Equity,jp_topix_500,Japan,Pharmaceutical Retailers,Retail Trade,Healthcare
3092.T,"ZOZO,Inc.",Equity,jp_topix_500,Japan,Internet Retail,Retail Trade,Consumer Cyclical
3099.T,Isetan Mitsukoshi Holdings Ltd.,Equity,jp_topix_500,Japan,Department Stores,Retail Trade,Consumer Cyclical
3105.T,Nisshinbo Holdings Inc.,Equity,jp_topix_500,Japan,Conglomerates,Electric Appliances,Industrials
3107.T,"Daiwabo Holdings Co.,Ltd.",Equity,jp_topix_500,Japan,Electronics & Computer Distribution,Wholesale Trade,Technology
3116.T,TOYOTA BOSHOKU CORPORATION,Equity,jp_topix_500,Japan,Auto Parts,Transportation Equipment,Consumer Cyclical
3132.T,"MACNICA HOLDINGS,INC.",Equity,jp_topix_500,Japan,Electronics & Computer Distribution,Wholesale Trade,Technology
3197.T,"SKYLARK HOLDINGS CO.,LTD.",Equity,jp_topix_500,Japan,Restaurants,Retail Trade,Consumer Cyclical
3231.T,"Nomura Real Estate Holdings,Inc.",Equity,jp_topix_500,Japan,Real Estate Services,Real Estate,Real Estate
3288.T,"Open House Group Co.,Ltd.",Equity,jp_topix_500,Japan,Real Estate - Diversified,Real Estate,Real Estate
3289.T,Tokyu Fudosan Holdings Corporation,Equity,jp_topix_500,Japan,Real Estate - Diversified,Real Estate,Real Estate
3291.T,"Iida Group Holdings Co.,Ltd.",Equity,jp_topix_500,Japan,Residential Construction,Real Estate,Consumer Cyclical
3349.T,COSMOS Pharmaceutical Corporation,Equity,jp_topix_500,Japan,Pharmaceutical Retailers,Retail Trade,Healthcare
3360.T,"SHIP HEALTHCARE HOLDINGS,INC.",Equity,jp_topix_500,Japan,Medical Instruments & Supplies,Wholesale Trade,Healthcare
3382.T,"Seven & i Holdings Co.,Ltd.",Equity,jp_topix_500,Japan,Grocery Stores,Retail Trade,Consumer Defensive
3391.T,TSURUHA HOLDINGS INC.,Equity,jp_topix_500,Japan,Pharmaceutical Retailers,Retail Trade,Healthcare
3397.T,TORIDOLL Holdings Corporation,Equity,jp_topix_500,Japan,Restaurants,Retail Trade,Consumer Cyclical
3401.T,TEIJIN LIMITED,Equity,jp_topix_500,Japan,Conglomerates,Textiles & Apparels,Industrials
3402.T,"TORAY INDUSTRIES,INC.",Equity,jp_topix_500,Japan,Textile Manufacturing,Textiles & Apparels,Consumer Cyclical
3405.T,"KURARAY CO.,LTD.",Equity,jp_topix_500,Japan,Chemicals,Chemicals,Basic Materials
3407.T,ASAHI KASEI CORPORATION,Equity,jp_topix_500,Japan,Conglomerates,Chemicals,Industrials
3436.T,SUMCO CORPORATION,Equity,jp_topix_500,Japan,Semiconductor Equipment & Materials,Metal Products,Technology
3549.T,"KUSURI NO AOKI HOLDINGS CO.,LTD.",Equity,jp_topix_500,Japan,Pharmaceutical Retailers,Retail Trade,Healthcare
3563.T,FOOD & LIFE COMPANIES LTD.,Equity,jp_topix_500,Japan,Restaurants,Retail Trade,Consumer Cyclical
3591.T,WACOAL HOLDINGS CORP.,Equity,jp_topix_500,Japan,Apparel Manufacturing,Textiles & Apparels,Consumer Cyclical
3626.T,TIS Inc.,Equity,jp_topix_500,Japan,Information Technology Services,Information & Communication,Technology
3635.T,"KOEI TECMO HOLDINGS CO.,LTD.",Equity,jp_topix_500,Japan,Electronic Gaming & Multimedia,Information & Communication,Communication Services
3659.T,"NEXON Co.,Ltd.",Equity,jp_topix_500,Japan,Electronic Gaming & Multimedia,Information & Communication,Communication Services
3697.T,SHIFT Inc.,Equity,jp_topix_500,Japan,Software - Application,Information & Communication,Technology
3769.T,"GMO Payment Gateway,Inc.",Equity,jp_topix_500,Japan,Software - Infrastructure,Information & Communication,Technology
3774.T,Internet Initiative Japan Inc.,Equity,jp_topix_500,Japan,Telecom Services,Information & Communication,Communication Services
3861.T,Oji Holdings Corporation,Equity,jp_topix_500,Japan,Paper & Paper Products,Pulp & Paper,Basic Materials
3923.T,"RAKUS Co.,Ltd.",Equity,jp_topix_500,Japan,Information Technology Services,Information & Communication,Technology
3941.T,"Rengo Co.,Ltd.",Equity,jp_topix_500,Japan,Packaging & Containers,Pulp & Paper,Consumer Cyclical
3994.T,"Money Forward,Inc.",Equity,jp_topix_500,Japan,Software - Application,Information & Communication,Technology
4004.T,Resonac Holdings Corporation,Equity,jp_topix_500,Japan,Chemicals,Chemicals,Basic Materials
4005.T,"SUMITOMO CHEMICAL COMPANY,LIMITED",Equity,jp_topix_500,Japan,Chemicals,Chemicals,Basic Materials
4021.T,Nissan Chemical Corporation,Equity,jp_topix_500,Japan,Chemicals,Chemicals,Basic Materials
4042.T,TOSOH CORPORATION,Equity,jp_topix_500,Japan,Chemicals,Chemicals,Basic Materials
4043.T,Tokuyama Corporation,Equity,jp_topix_500,Japan,Specialty Chemicals,Chemicals,Basic Materials
4045.T,"TOAGOSEI CO.,LTD.",Equity,jp_topix_500,Japan,Chemicals,Chemicals,Basic Materials
4061.T,Denka Company Limited,Equity,jp_topix_500,Japan,Chemicals,Chemicals,Basic Materials
4062.T,"IBIDEN CO.,LTD.",Equity,jp_topix_500,Japan,Electronic Components,Electric Appliances,Technology
4063.T,"Shin-Etsu Chemical Co.,Ltd.",Equity,jp_topix_500,Japan,Chemicals,Chemicals,Basic Materials
4088.T,AIR WATER INC.,Equity,jp_topix_500,Japan,Specialty Chemicals,Chemicals,Basic Materials
4091.T,NIPPON SANSO HOLDINGS CORPORATION,Equity,jp_topix_500,Japan,Chemicals,Chemicals,Basic Materials
4114.T,"NIPPON SHOKUBAI CO.,LTD.",Equity,jp_topix_500,Japan,Chemicals,Chemicals,Basic Materials
4118.T,KANEKA CORPORATION,Equity,jp_topix_500,Japan,Specialty Chemicals,Chemicals,Basic Materials
4151.T,"Kyowa Kirin Co.,Ltd.",Equity,jp_topix_500,Japan,Drug Manufacturers - Specialty & Generic,Pharmaceutical,Healthcare
4182.T,"Mitsubishi Gas Chemical Company,Inc.",Equity,jp_topix_500,Japan,Specialty Chemicals,Chemicals,Basic Materials
4183.T,"Mitsui Chemicals,Inc.",Equity,jp_topix_500,Japan,Specialty Chemicals,Chemicals,Basic Materials
4186.T,"TOKYO OHKA KOGYO CO.,LTD.",Equity,jp_topix_500,Japan,Electronic Components,Chemicals,Technology
4188.T,Mitsubishi Chemical Group Corporation,Equity,jp_topix_500,Japan,Specialty Chemicals,Chemicals,Basic Materials
4194.T,"Visional,Inc.",Equity,jp_topix_500,Japan,Internet Content & Information,Information & Communication,Communication Services
4202.T,Daicel Corporation,Equity,jp_topix_500,Japan,Specialty Chemicals,Chemicals,Basic Materials
4203.T,"Sumitomo Bakelite Company,Limited",Equity,jp_topix_500,Japan,Specialty Chemicals,Chemicals,Basic Materials
4204.T,"Sekisui Chemical Co.,Ltd.",Equity,jp_topix_500,Japan,Conglomerates,Chemicals,Industrials
4205.T,ZEON CORPORATION,Equity,jp_topix_500,Japan,Specialty Chemicals,Chemicals,Basic Materials
4206.T,"Aica Kogyo Company,Limited",Equity,jp_topix_500,Japan,Conglomerates,Chemicals,Industrials
4208.T,UBE Corporation,Equity,jp_topix_500,Japan,Specialty Chemicals,Chemicals,Basic Materials
4272.T,"NIPPON KAYAKU CO.,LTD.",Equity,jp_topix_500,Japan,Chemicals,Chemicals,Basic Materials
4307.T,"Nomura Research Institute,Ltd.",Equity,jp_topix_500,Japan,Information Technology Services,Information & Communication,Technology
4324.T,DENTSU GROUP INC.,Equity,jp_topix_500,Japan,Advertising Agencies,Services,Communication Services
4385.T,"Mercari,Inc.",Equity,jp_topix_500,Japan,Internet Retail,Information & Communication,Consumer Cyclical
4401.T,ADEKA CORPORATION,Equity,jp_topix_500,Japan,Specialty Chemicals,Chemicals,Basic Materials
4403.T,NOF CORPORATION,Equity,jp_topix_500,Japan,Specialty Chemicals,Chemicals,Basic Materials
4452.T,Kao Corporation,Equity,jp_topix_500,Japan,Household & Personal Products,Chemicals,Consumer Defensive
4502.T,Takeda Pharmaceutical Company Limited,Equity,jp_topix_500,Japan,Drug Manufacturers - Specialty & Generic,Pharmaceutical,Healthcare
4503.T,Astellas Pharma Inc.,Equity,jp_topix_500,Japan,Drug Manufacturers - General,Pharmaceutical,Healthcare
4506.T,"Sumitomo Pharma Co.,Ltd.",Equity,jp_topix_500,Japan,Drug Manufacturers - Specialty & Generic,Pharmaceutical,Healthcare
4507.T,"Shionogi & Co.,Ltd.",Equity,jp_topix_500,Japan,Drug Manufacturers - Specialty & Generic,Pharmaceutical,Healthcare
4516.T,"Nippon Shinyaku Co.,Ltd.",Equity,jp_topix_500,Japan,Drug Manufacturers - Specialty & Generic,Pharmaceutical,Healthcare
4519.T,"CHUGAI PHARMACEUTICAL CO.,LTD.",Equity,jp_topix_500,Japan,Drug Manufacturers - General,Pharmaceutical,Healthcare
4523.T,"Eisai Co.,Ltd.",Equity,jp_topix_500,Japan,Drug Manufacturers - Specialty & Generic,Pharmaceutical,Healthcare
4527.T,"ROHTO PHARMACEUTICAL CO.,LTD.",Equity,jp_topix_500,Japan,Household & Personal Products,Pharmaceutical,Consumer Defensive
4528.T,"ONO PHARMACEUTICAL CO.,LTD.",Equity,jp_topix_500,Japan,Drug Manufacturers - General,Pharmaceutical,Healthcare
4530.T,"HISAMITSU PHARMACEUTICAL CO.,INC.",Equity,jp_topix_500,Japan,Drug Manufacturers - Specialty & Generic,Pharmaceutical,Healthcare
4536.T,"SANTEN PHARMACEUTICAL CO.,LTD.",Equity,jp_topix_500,Japan,Drug Manufacturers - General,Pharmaceutical,Healthcare
4540.T,TSUMURA & CO.,Equity,jp_topix_500,Japan,Drug Manufacturers - Specialty & Generic,Pharmaceutical,Healthcare
4543.T,TERUMO CORPORATION,Equity,jp_topix_500,Japan,Medical Instruments & Supplies,Precision Instruments,Healthcare
4544.T,"H.U. Group Holdings,Inc.",Equity,jp_topix_500,Japan,Diagnostics & Research,Services,Healthcare
4568.T,"DAIICHI SANKYO COMPANY,LIMITED",Equity,jp_topix_500,Japan,Drug Manufacturers - General,Pharmaceutical,Healthcare
4578.T,"Otsuka Holdings Co.,Ltd.",Equity,jp_topix_500,Japan,Drug Manufacturers - General,Pharmaceutical,Healthcare
4587.T,PeptiDream Inc.,Equity,jp_topix_500,Japan,Biotechnology,Pharmaceutical,Healthcare
4612.T,"NIPPON PAINT HOLDINGS CO.,LTD.",Equity,jp_topix_500,Japan,Specialty Chemicals,Chemicals,Basic Materials
4613.T,"KANSAI PAINT CO.,LTD.",Equity,jp_topix_500,Japan,Specialty Chemicals,Chemicals,Basic Materials
4626.T,"TAIYO HOLDINGS CO.,LTD.",Equity,jp_topix_500,Japan,Specialty Chemicals,Chemicals,Basic Materials
4631.T,DIC Corporation,Equity,jp_topix_500,Japan,Specialty Chemicals,Chemicals,Basic Materials
4661.T,"ORIENTAL LAND CO.,LTD.",Equity,jp_topix_500,Japan,Leisure,Services,Consumer Cyclical
4665.T,"DUSKIN CO.,LTD.",Equity,jp_topix_500,Japan,Conglomerates,Services,Industrials
4666.T,"PARK24 Co.,Ltd.",Equity,jp_topix_500,Japan,Infrastructure Operations,Real Estate,Industrials
4676.T,"FUJI MEDIA HOLDINGS,INC.",Equity,jp_topix_500,Japan,Broadcasting,Information & Communication,Communication Services
4680.T,ROUND ONE Corporation,Equity,jp_topix_500,Japan,Leisure,Services,Consumer Cyclical
4681.T,"RESORTTRUST,INC.",Equity,jp_topix_500,Japan,Resorts & Casinos,Services,Consumer Cyclical
4684.T,"OBIC Co.,Ltd.",Equity,jp_topix_500,Japan,Software - Application,Information & Communication,Technology
4689.T,LY Corporation,Equity,jp_topix_500,Japan,Internet Retail,Information & Communication,Consumer Cyclical
4704.T,Trend Micro Incorporated,Equity,jp_topix_500,Japan,Software - Infrastructure,Information & Communication,Technology
4716.T,ORACLE CORPORATION JAPAN,Equity,jp_topix_500,Japan,Software - Infrastructure,Information & Communication,Technology
4732.T,"USS Co.,Ltd.",Equity,jp_topix_500,Japan,Auto & Truck Dealerships,Services,Consumer Cyclical
4733.T,"OBIC BUSINESS CONSULTANTS CO.,LTD.",Equity,jp_topix_500,Japan,Information Technology Services,Information & Communication,Technology
4751.T,"CyberAgent,Inc.",Equity,jp_topix_500,Japan,Advertising Agencies,Services,Communication Services
4755.T,"Rakuten Group,Inc.",Equity,jp_topix_500,Japan,Internet Retail,Services,Consumer Cyclical
4768.T,OTSUKA CORPORATION,Equity,jp_topix_500,Japan,Information Technology Services,Information & Communication,Technology
4887.T,"SAWAI GROUP HOLDINGS Co.,Ltd.",Equity,jp_topix_500,Japan,Drug Manufacturers - Specialty & Generic,Pharmaceutical,Healthcare
4901.T,FUJIFILM Holdings Corporation,Equity,jp_topix_500,Japan,Conglomerates,Chemicals,Industrials
4902.T,"KONICA MINOLTA,INC.",Equity,jp_topix_500,Japan,Business Equipment & Supplies,Electric Appliances,Industrials
4911.T,"Shiseido Company,Limited",Equity,jp_topix_500,Japan,Household & Personal Products,Chemicals,Consumer Defensive
4912.T,Lion Corporation,Equity,jp_topix_500,Japan,Household & Personal Products,Chemicals,Consumer Defensive
4922.T,KOSE Corporation,Equity,jp_topix_500,Japan,Household & Personal Products,Chemicals,Consumer Defensive
4927.T,POLA ORBIS HOLDINGS INC.,Equity,jp_topix_500,Japan,Household & Personal Products,Chemicals,Consumer Defensive
4967.T,"KOBAYASHI PHARMACEUTICAL CO.,LTD.",Equity,jp_topix_500,Japan,Household & Personal Products,Chemicals,Consumer Defensive
4980.T,Dexerials Corporation,Equity,jp_topix_500,Japan,Electronic Components,Chemicals,Technology
5016.T,JX Advanced Metals Corporation,Equity,jp_topix_500,Japan,Semiconductor Equipment & Materials,Nonferrous Metals,Technology
5019.T,"Idemitsu Kosan Co.,Ltd.",Equity,jp_topix_500,Japan,Oil & Gas Refining & Marketing,Oil & Coal Products,Energy
5020.T,"ENEOS Holdings,Inc.",Equity,jp_topix_500,Japan,Oil & Gas Refining & Marketing,Oil & Coal Products,Energy
5021.T,"COSMO ENERGY HOLDINGS COMPANY,LIMITED",Equity,jp_topix_500,Japan,Oil & Gas Integrated,Oil & Coal Products,Energy
5076.T,INFRONEER Holdings Inc.,Equity,jp_topix_500,Japan,Engineering & Construction,Construction,Industrials
5101.T,"The Yokohama Rubber Company,Limited",Equity,jp_topix_500,Japan,Auto Parts,Rubber Products,Consumer Cyclical
5105.T,Toyo Tire Corporation,Equity,jp_topix_500,Japan,Auto Parts,Rubber Products,Consumer Cyclical
5108.T,BRIDGESTONE CORPORATION,Equity,jp_topix_500,Japan,Auto Parts,Rubber Products,Consumer Cyclical
5110.T,"Sumitomo Rubber Industries,Ltd.",Equity,jp_topix_500,Japan,Auto Parts,Rubber Products,Consumer Cyclical
5201.T,AGC Inc.,Equity,jp_topix_500,Japan,Conglomerates,Glass & Ceramics Products,Industrials
5214.T,"Nippon Electric Glass Co.,Ltd.",Equity,jp_topix_500,Japan,Electronic Components,Glass & Ceramics Products,Technology
5232.T,"Sumitomo Osaka Cement Co.,Ltd.",Equity,jp_topix_500,Japan,Building Materials,Glass & Ceramics Products,Basic Materials
5233.T,TAIHEIYO CEMENT CORPORATION,Equity,jp_topix_500,Japan,Building Materials,Glass & Ceramics Products,Basic Materials
5301.T,"TOKAI CARBON CO.,LTD.",Equity,jp_topix_500,Japan,Specialty Chemicals,Glass & Ceramics Products,Basic Materials
5332.T,TOTO LTD.,Equity,jp_topix_500,Japan,Building Products & Equipment,Glass & Ceramics Products,Industrials
5333.T,"NGK INSULATORS,LTD.",Equity,jp_topix_500,Japan,Specialty Industrial Machinery,Glass & Ceramics Products,Industrials
5334.T,"Niterra Co.,Ltd.",Equity,jp_topix_500,Japan,Auto Parts,Glass & Ceramics Products,Consumer Cyclical
5344.T,"MARUWA CO.,LTD.",Equity,jp_topix_500,Japan,Electronic Components,Glass & Ceramics Products,Technology
5393.T,NICHIAS CORPORATION,Equity,jp_topix_500,Japan,Conglomerates,Glass & Ceramics Products,Industrials
5401.T,NIPPON STEEL CORPORATION,Equity,jp_topix_500,Japan,Steel,Iron & Steel,Basic Materials
5406.T,"Kobe Steel,Ltd.",Equity,jp_topix_500,Japan,Steel,Iron & Steel,Basic Materials
5411.T,"JFE Holdings,Inc.",Equity,jp_topix_500,Japan,Steel,Iron & Steel,Basic Materials
5444.T,"YAMATO KOGYO CO.,LTD.",Equity,jp_topix_500,Japan,Steel,Iron & Steel,Basic Materials
5463.T,Maruichi Steel Tube Ltd.,Equity,jp_topix_500,Japan,Steel,Iron & Steel,Basic Materials
5471.T,"Daido Steel Co.,Ltd.",Equity,jp_topix_500,Japan,Steel,Iron & Steel,Basic Materials
5631.T,"The Japan Steel Works,Ltd.",Equity,jp_topix_500,Japan,Specialty Industrial Machinery,Machinery,Industrials
5706.T,"Mitsui Kinzoku Company,Limited",Equity,jp_topix_500,Japan,Conglomerates,Nonferrous Metals,Industrials
5711.T,Mitsubishi Materials Corporation,Equity,jp_topix_500,Japan,Other Industrial Metals & Mining,Nonferrous Metals,Basic Materials
5713.T,"Sumitomo Metal Mining Co.,Ltd.",Equity,jp_topix_500,Japan,Other Industrial Metals & Mining,Nonferrous Metals,Basic Materials
5714.T,"DOWA HOLDINGS CO.,LTD.",Equity,jp_topix_500,Japan,Other Industrial Metals & Mining,Nonferrous Metals,Basic Materials
5801.T,"Furukawa Electric Co.,Ltd.",Equity,jp_topix_500,Japan,Electrical Equipment & Parts,Nonferrous Metals,Industrials
5802.T,"Sumitomo Electric Industries,Ltd.",Equity,jp_topix_500,Japan,Auto Parts,Nonferrous Metals,Consumer Cyclical
5803.T,Fujikura Ltd.,Equity,jp_topix_500,Japan,Conglomerates,Nonferrous Metals,Industrials
5830.T,"Iyogin Holdings,Inc.",Equity,jp_topix_500,Japan,Banks - Regional,Banks,Financial Services
5831.T,"Shizuoka Financial Group,Inc.",Equity,jp_topix_500,Japan,Banks - Regional,Banks,Financial Services
5832.T,"Chugin Financial Group,Inc.",Equity,jp_topix_500,Japan,Banks - Regional,Banks,Financial Services
5838.T,"Rakuten Bank,Ltd.",Equity,jp_topix_500,Japan,Banks - Regional,Banks,Financial Services
5844.T,"Kyoto Financial Group,Inc.",Equity,jp_topix_500,Japan,Banks - Regional,Banks,Financial Services
5901.T,"Toyo Seikan Group Holdings,Ltd.",Equity,jp_topix_500,Japan,Packaging & Containers,Metal Products,Consumer Cyclical
5929.T,Sanwa Holdings Corporation,Equity,jp_topix_500,Japan,Building Products & Equipment,Metal Products,Industrials
5938.T,LIXIL Corporation,Equity,jp_topix_500,Japan,Building Products & Equipment,Metal Products,Industrials
5947.T,RINNAI CORPORATION,Equity,jp_topix_500,Japan,"Furnishings, Fixtures & Appliances",Metal Products,Consumer Cyclical
5991.T,"NHK SPRING CO.,LTD.",Equity,jp_topix_500,Japan,Auto Parts,Metal Products,Consumer Cyclical
6005.T,"MIURA CO.,LTD.",Equity,jp_topix_500,Japan,Specialty Industrial Machinery,Machinery,Industrials
6098.T,"Recruit Holdings Co.,Ltd.",Equity,jp_topix_500,Japan,Internet Content & Information,Services,Communication Services
6113.T,"AMADA CO.,LTD.",Equity,jp_topix_500,Japan,Specialty Industrial Machinery,Machinery,Industrials
6134.T,FUJI CORPORATION,Equity,jp_topix_500,Japan,Specialty Industrial Machinery,Machinery,Industrials
6136.T,OSG Corporation,Equity,jp_topix_500,Japan,Tools & Accessories,Machinery,Industrials
6141.T,"DMG MORI CO.,LTD.",Equity,jp_topix_500,Japan,Tools & Accessories,Machinery,Industrials
6146.T,DISCO CORPORATION,Equity,jp_topix_500,Japan,Semiconductor Equipment & Materials,Machinery,Technology
6178.T,"JAPAN POST HOLDINGS Co.,Ltd.",Equity,jp_topix_500,Japan,Banks - Regional,Services,Financial Services
6201.T,TOYOTA INDUSTRIES CORPORATION,Equity,jp_topix_500,Japan,Farm & Heavy Construction Machinery,Transportation Equipment,Industrials
6268.T,Nabtesco Corporation,Equity,jp_topix_500,Japan,Specialty Industrial Machinery,Machinery,Industrials
6269.T,"MODEC,INC.",Equity,jp_topix_500,Japan,Oil & Gas Equipment & Services,Machinery,Energy
6273.T,SMC CORPORATION,Equity,jp_topix_500,Japan,Specialty Industrial Machinery,Machinery,Industrials
6301.T,KOMATSU LTD.,Equity,jp_topix_500,Japan,Farm & Heavy Construction Machinery,Machinery,Industrials
6302.T,"SUMITOMO HEAVY INDUSTRIES,LTD.",Equity,jp_topix_500,Japan,Specialty Industrial Machinery,Machinery,Industrials
6305.T,"Hitachi Construction Machinery Co.,Ltd.",Equity,jp_topix_500,Japan,Farm & Heavy Construction Machinery,Machinery,Industrials
6323.T,RORZE CORPORATION,Equity,jp_topix_500,Japan,Semiconductor Equipment & Materials,Machinery,Technology
6326.T,KUBOTA CORPORATION,Equity,jp_topix_500,Japan,Farm & Heavy Construction Machinery,Machinery,Industrials
6361.T,EBARA CORPORATION,Equity,jp_topix_500,Japan,Specialty Industrial Machinery,Machinery,Industrials
6367.T,"DAIKIN INDUSTRIES,LTD.",Equity,jp_topix_500,Japan,Building Products & Equipment,Machinery,Industrials
6368.T,ORGANO CORPORATION,Equity,jp_topix_500,Japan,Pollution & Treatment Controls,Machinery,Industrials
6370.T,Kurita Water Industries Ltd.,Equity,jp_topix_500,Japan,Pollution & Treatment Controls,Machinery,Industrials
6383.T,"DAIFUKU CO.,LTD.",Equity,jp_topix_500,Japan,Specialty Industrial Machinery,Machinery,Industrials
6406.T,"FUJITEC CO.,LTD.",Equity,jp_topix_500,Japan,Specialty Industrial Machinery,Machinery,Industrials
6417.T,"SANKYO CO.,LTD.",Equity,jp_topix_500,Japan,Gambling,Machinery,Consumer Cyclical
6436.T,Amano Corporation,Equity,jp_topix_500,Japan,Scientific & Technical Instruments,Machinery,Technology
6448.T,"BROTHER INDUSTRIES,LTD.",Equity,jp_topix_500,Japan,Business Equipment & Supplies,Electric Appliances,Industrials
6457.T,GLORY LTD.,Equity,jp_topix_500,Japan,Specialty Industrial Machinery,Machinery,Industrials
6460.T,SEGA SAMMY HOLDINGS INC.,Equity,jp_topix_500,Japan,Electronic Gaming & Multimedia,Machinery,Communication Services
6465.T,HOSHIZAKI CORPORATION,Equity,jp_topix_500,Japan,Specialty Industrial Machinery,Machinery,Industrials
6471.T,NSK Ltd.,Equity,jp_topix_500,Japan,Auto Parts,Machinery,Consumer Cyclical
6472.T,NTN CORPORATION,Equity,jp_topix_500,Japan,Tools & Accessories,Machinery,Industrials
6473.T,JTEKT Corporation,Equity,jp_topix_500,Japan,Auto Parts,Machinery,Consumer Cyclical
6479.T,MINEBEA MITSUMI Inc.,Equity,jp_topix_500,Japan,Electronic Components,Electric Appliances,Technology
6481.T,"THK CO.,LTD.",Equity,jp_topix_500,Japan,Specialty Industrial Machinery,Machinery,Industrials
6501.T,"Hitachi,Ltd.",Equity,jp_topix_500,Japan,Conglomerates,Electric Appliances,Industrials
6503.T,Mitsubishi Electric Corporation,Equity,jp_topix_500,Japan,Electrical Equipment & Parts,Electric Appliances,Industrials
6504.T,"FUJI ELECTRIC CO.,LTD.",Equity,jp_topix_500,Japan,Electrical Equipment & Parts,Electric Appliances,Industrials
6506.T,YASKAWA Electric Corporation,Equity,jp_topix_500,Japan,Electrical Equipment & Parts,Electric Appliances,Industrials
6525.T,KOKUSAI ELECTRIC CORPORATION,Equity,jp_topix_500,Japan,Semiconductor Equipment & Materials,Electric Appliances,Technology
6526.T,Socionext Inc.,Equity,jp_topix_500,Japan,Electrical Equipment & Parts,Electric Appliances,Industrials
6532.T,"BayCurrent,Inc.",Equity,jp_topix_500,Japan,Consulting Services,Services,Industrials
6544.T,"JAPAN ELEVATOR SERVICE HOLDINGS CO.,LTD.",Equity,jp_topix_500,Japan,Specialty Business Services,Services,Industrials
6586.T,Makita Corporation,Equity,jp_topix_500,Japan,Tools & Accessories,Machinery,Industrials
6592.T,"MABUCHI MOTOR CO.,LTD.",Equity,jp_topix_500,Japan,Auto Parts,Electric Appliances,Consumer Cyclical
6632.T,JVCKENWOOD Corporation,Equity,jp_topix_500,Japan,Auto Parts,Electric Appliances,Consumer Cyclical
6645.T,OMRON Corporation,Equity,jp_topix_500,Japan,Electronic Components,Electric Appliances,Technology
6674.T,GS Yuasa Corporation,Equity,jp_topix_500,Japan,Auto Parts,Electric Appliances,Consumer Cyclical
6701.T,NEC Corporation,Equity,jp_topix_500,Japan,Information Technology Services,Electric Appliances,Technology
6702.T,Fujitsu Limited,Equity,jp_topix_500,Japan,Information Technology Services,Electric Appliances,Technology
6707.T,"Sanken Electric Co.,Ltd.",Equity,jp_topix_500,Japan,Semiconductors,Electric Appliances,Technology
6723.T,Renesas Electronics Corporation,Equity,jp_topix_500,Japan,Semiconductors,Electric Appliances,Technology
6724.T,SEIKO EPSON CORPORATION,Equity,jp_topix_500,Japan,Computer Hardware,Electric Appliances,Technology
6728.T,"ULVAC, Inc.",Equity,jp_topix_500,Japan,Specialty Industrial Machinery,Electric Appliances,Industrials
6752.T,Panasonic Holdings Corporation,Equity,jp_topix_500,Japan,Consumer Electronics,Electric Appliances,Technology
6753.T,Sharp Corporation,Equity,jp_topix_500,Japan,Consumer Electronics,Electric Appliances,Technology
6754.T,ANRITSU CORPORATION,Equity,jp_topix_500,Japan,Scientific & Technical Instruments,Electric Appliances,Technology
6758.T,SONY GROUP CORPORATION,Equity,jp_topix_500,Japan,Consumer Electronics,Electric Appliances,Technology
6762.T,TDK Corporation,Equity,jp_topix_500,Japan,Electronic Components,Electric Appliances,Technology
6770.T,"ALPS ALPINE CO.,LTD.",Equity,jp_topix_500,Japan,Electronic Components,Electric Appliances,Technology
6806.T,"HIROSE ELECTRIC CO.,LTD.",Equity,jp_topix_500,Japan,Electronic Components,Electric Appliances,Technology
6841.T,YOKOGAWA ELECTRIC CORPORATION,Equity,jp_topix_500,Japan,Specialty Industrial Machinery,Electric Appliances,Industrials
6845.T,Azbil Corporation,Equity,jp_topix_500,Japan,Specialty Industrial Machinery,Electric Appliances,Industrials
6849.T,NIHON KOHDEN CORPORATION,Equity,jp_topix_500,Japan,Medical Devices,Electric Appliances,Healthcare
6856.T,"HORIBA,Ltd.",Equity,jp_topix_500,Japan,Scientific & Technical Instruments,Electric Appliances,Technology
6857.T,ADVANTEST CORPORATION,Equity,jp_topix_500,Japan,Semiconductor Equipment & Materials,Electric Appliances,Technology
6861.T,KEYENCE CORPORATION,Equity,jp_topix_500,Japan,Scientific & Technical Instruments,Electric Appliances,Technology
6869.T,SYSMEX CORPORATION,Equity,jp_topix_500,Japan,Medical Devices,Electric Appliances,Healthcare
6902.T,DENSO CORPORATION,Equity,jp_topix_500,Japan,Auto Parts,Transportation Equipment,Consumer Cyclical
6920.T,Lasertec Corporation,Equity,jp_topix_500,Japan,Semiconductor Equipment & Materials,Electric Appliances,Technology
6923.T,"Stanley Electric Co.,Ltd.",Equity,jp_topix_500,Japan,Auto Parts,Electric Appliances,Consumer Cyclical
6925.T,USHIO INC.,Equity,jp_topix_500,Japan,Specialty Industrial Machinery,Electric Appliances,Industrials
6951.T,JEOL Ltd.,Equity,jp_topix_500,Japan,Scientific & Technical Instruments,Electric Appliances,Technology
6952.T,"CASIO COMPUTER CO.,LTD.",Equity,jp_topix_500,Japan,Consumer Electronics,Electric Appliances,Technology
6954.T,FANUC CORPORATION,Equity,jp_topix_500,Japan,Specialty Industrial Machinery,Electric Appliances,Industrials
6963.T,ROHM COMPANY LIMITED,Equity,jp_topix_500,Japan,Semiconductors,Electric Appliances,Technology
6965.T,HAMAMATSU PHOTONICS K.K.,Equity,jp_topix_500,Japan,Electronic Components,Electric Appliances,Technology
6971.T,KYOCERA CORPORATION,Equity,jp_topix_500,Japan,Conglomerates,Electric Appliances,Industrials
6976.T,"TAIYO YUDEN CO.,LTD.",Equity,jp_topix_500,Japan,Electronic Components,Electric Appliances,Technology
6981.T,"Murata Manufacturing Co.,Ltd.",Equity,jp_topix_500,Japan,Electronic Components,Electric Appliances,Technology
6988.T,NITTO DENKO CORPORATION,Equity,jp_topix_500,Japan,Specialty Chemicals,Chemicals,Basic Materials
7003.T,"MITSUI E&S Co.,Ltd.",Equity,jp_topix_500,Japan,Aerospace & Defense,Machinery,Industrials
7011.T,"Mitsubishi Heavy Industries,Ltd.",Equity,jp_topix_500,Japan,Specialty Industrial Machinery,Machinery,Industrials
7012.T,"Kawasaki Heavy Industries,Ltd.",Equity,jp_topix_500,Japan,Specialty Industrial Machinery,Transportation Equipment,Industrials
7013.T,IHI Corporation,Equity,jp_topix_500,Japan,Specialty Industrial Machinery,Machinery,Industrials
7164.T,"ZENKOKU HOSHO Co.,Ltd.",Equity,jp_topix_500,Japan,Credit Services,Other Financing Business,Financial Services
7167.T,"Mebuki Financial Group,Inc.",Equity,jp_topix_500,Japan,Banks - Regional,Banks,Financial Services
7180.T,"Kyushu Financial Group,Inc.",Equity,jp_topix_500,Japan,Banks - Regional,Banks,Financial Services
7181.T,"JAPAN POST INSURANCE Co.,Ltd.",Equity,jp_topix_500,Japan,Insurance - Life,Insurance,Financial Services
7182.T,"JAPAN POST BANK Co.,Ltd.",Equity,jp_topix_500,Japan,Banks - Regional,Banks,Financial Services
7186.T,"Yokohama Financial Group,Inc.",Equity,jp_topix_500,Japan,Banks - Regional,Banks,Financial Services
7189.T,"Nishi-Nippon Financial Holdings,Inc.",Equity,jp_topix_500,Japan,Banks - Regional,Banks,Financial Services
7201.T,"NISSAN MOTOR CO.,LTD.",Equity,jp_topix_500,Japan,Auto Manufacturers,Transportation Equipment,Consumer Cyclical
7202.T,ISUZU MOTORS LIMITED,Equity,jp_topix_500,Japan,Auto Manufacturers,Transportation Equipment,Consumer Cyclical
7203.T,TOYOTA MOTOR CORPORATION,Equity,jp_topix_500,Japan,Auto Manufacturers,Transportation Equipment,Consumer Cyclical
7211.T,MITSUBISHI MOTORS CORPORATION,Equity,jp_topix_500,Japan,Auto Manufacturers,Transportation Equipment,Consumer Cyclical
7240.T,NOK CORPORATION,Equity,jp_topix_500,Japan,Auto Parts,Transportation Equipment,Consumer Cyclical
7259.T,AISIN CORPORATION,Equity,jp_topix_500,Japan,Auto Parts,Transportation Equipment,Consumer Cyclical
7261.T,Mazda Motor Corporation,Equity,jp_topix_500,Japan,Auto Manufacturers,Transportation Equipment,Consumer Cyclical
7267.T,"HONDA MOTOR CO.,LTD.",Equity,jp_topix_500,Japan,Auto Manufacturers,Transportation Equipment,Consumer Cyclical
7269.T,SUZUKI MOTOR CORPORATION,Equity,jp_topix_500,Japan,Auto Manufacturers,Transportation Equipment,Consumer Cyclical
7270.T,SUBARU CORPORATION,Equity,jp_topix_500,Japan,Auto Manufacturers,Transportation Equipment,Consumer Cyclical
7272.T,"Yamaha Motor Co.,Ltd.",Equity,jp_topix_500,Japan,Auto Manufacturers,Transportation Equipment,Consumer Cyclical
7276.T,"KOITO MANUFACTURING CO.,LTD.",Equity,jp_topix_500,Japan,Auto Parts,Electric Appliances,Consumer Cyclical
7282.T,"TOYODA GOSEI CO.,LTD.",Equity,jp_topix_500,Japan,Auto Parts,Transportation Equipment,Consumer Cyclical
7309.T,SHIMANO INC.,Equity,jp_topix_500,Japan,Leisure,Transportation Equipment,Consumer Cyclical
7313.T,"TS TECH CO.,LTD.",Equity,jp_topix_500,Japan,Auto Parts,Transportation Equipment,Consumer Cyclical
7337.T,"Hirogin Holdings,Inc.",Equity,jp_topix_500,Japan,Banks - Regional,Banks,Financial Services
7453.T,"RYOHIN KEIKAKU CO.,LTD.",Equity,jp_topix_500,Japan,Department Stores,Retail Trade,Consumer Cyclical
7458.T,"DAIICHIKOSHO CO.,LTD.",Equity,jp_topix_500,Japan,Leisure,Wholesale Trade,Consumer Cyclical
7459.T,MEDIPAL HOLDINGS CORPORATION,Equity,jp_topix_500,Japan,Medical Distribution,Wholesale Trade,Healthcare
7476.T,AS ONE CORPORATION,Equity,jp_topix_500,Japan,Medical Distribution,Wholesale Trade,Healthcare
7532.T,Pan Pacific International Holdings Corporation,Equity,jp_topix_500,Japan,Discount Stores,Retail Trade,Consumer Defensive
7550.T,"ZENSHO HOLDINGS CO.,LTD.",Equity,jp_topix_500,Japan,Restaurants,Retail Trade,Consumer Cyclical
7616.T,"COLOWIDE CO.,LTD.",Equity,jp_topix_500,Japan,Restaurants,Retail Trade,Consumer Cyclical
7649.T,"SUGI HOLDINGS Co.,LTD.",Equity,jp_topix_500,Japan,Pharmaceutical Retailers,Retail Trade,Healthcare
7701.T,Shimadzu Corporation,Equity,jp_topix_500,Japan,Scientific & Technical Instruments,Precision Instruments,Technology
7729.T,"TOKYO SEIMITSU CO.,LTD.",Equity,jp_topix_500,Japan,Semiconductor Equipment & Materials,Precision Instruments,Technology
7731.T,NIKON CORPORATION,Equity,jp_topix_500,Japan,Leisure,Precision Instruments,Consumer Cyclical
7733.T,OLYMPUS CORPORATION,Equity,jp_topix_500,Japan,Medical Devices,Precision Instruments,Healthcare
7735.T,"SCREEN Holdings Co.,Ltd.",Equity,jp_topix_500,Japan,Semiconductor Equipment & Materials,Electric Appliances,Technology
7741.T,HOYA CORPORATION,Equity,jp_topix_500,Japan,Medical Instruments & Supplies,Precision Instruments,Healthcare
7747.T,"ASAHI INTECC CO.,LTD.",Equity,jp_topix_500,Japan,Medical Instruments & Supplies,Precision Instruments,Healthcare
7751.T,CANON INC.,Equity,jp_topix_500,Japan,Computer Hardware,Electric Appliances,Technology
7752.T,"RICOH COMPANY,LTD.",Equity,jp_topix_500,Japan,Business Equipment & Supplies,Electric Appliances,Industrials
7832.T,Bandai Namco Holdings Inc.,Equity,jp_topix_500,Japan,Leisure,Other Products,Consumer Cyclical
7846.T,PILOT CORPORATION,Equity,jp_topix_500,Japan,Business Equipment & Supplies,Other Products,Industrials
7867.T,"TOMY COMPANY,LTD.",Equity,jp_topix_500,Japan,Leisure,Other Products,Consumer Cyclical
7911.T,TOPPAN Holdings Inc.,Equity,jp_topix_500,Japan,Conglomerates,Other Products,Industrials
7912.T,"Dai Nippon Printing Co.,Ltd.",Equity,jp_topix_500,Japan,Conglomerates,Other Products,Industrials
7936.T,ASICS Corporation,Equity,jp_topix_500,Japan,Footwear & Accessories,Other Products,Consumer Cyclical
7951.T,YAMAHA CORPORATION,Equity,jp_topix_500,Japan,Leisure,Other Products,Consumer Cyclical
7956.T,PIGEON CORPORATION,Equity,jp_topix_500,Japan,Household & Personal Products,Other Products,Consumer Defensive
7974.T,"Nintendo Co.,Ltd.",Equity,jp_topix_500,Japan,Electronic Gaming & Multimedia,Other Products,Communication Services
7984.T,"KOKUYO CO.,LTD.",Equity,jp_topix_500,Japan,Business Equipment & Supplies,Other Products,Industrials
7988.T,NIFCO INC.,Equity,jp_topix_500,Japan,Auto Parts,Chemicals,Consumer Cyclical
8001.T,ITOCHU Corporation,Equity,jp_topix_500,Japan,Conglomerates,Wholesale Trade,Industrials
8002.T,Marubeni Corporation,Equity,jp_topix_500,Japan,Conglomerates,Wholesale Trade,Industrials
8012.T,"NAGASE & CO.,LTD.",Equity,jp_topix_500,Japan,Specialty Chemicals,Wholesale Trade,Basic Materials
8015.T,TOYOTA TSUSHO CORPORATION,Equity,jp_topix_500,Japan,Conglomerates,Wholesale Trade,Industrials
8020.T,KANEMATSU CORPORATION,Equity,jp_topix_500,Japan,Conglomerates,Wholesale Trade,Industrials
8031.T,"MITSUI & CO.,LTD.",Equity,jp_topix_500,Japan,Conglomerates,Wholesale Trade,Industrials
8035.T,Tokyo Electron Limited,Equity,jp_topix_500,Japan,Semiconductor Equipment & Materials,Electric Appliances,Technology
8053.T,"SUMITOMO CORPORATION (SUMITOMO SHOJI KAISHA,LTD.)",Equity,jp_topix_500,Japan,Conglomerates,Wholesale Trade,Industrials
8056.T,BIPROGY Inc.,Equity,jp_topix_500,Japan,Information Technology Services,Information & Communication,Technology
8058.T,Mitsubishi Corporation,Equity,jp_topix_500,Japan,Conglomerates,Wholesale Trade,Industrials
8060.T,Canon Marketing Japan Inc.,Equity,jp_topix_500,Japan,Business Equipment & Supplies,Wholesale Trade,Industrials
8086.T,NIPRO CORPORATION,Equity,jp_topix_500,Japan,Medical Instruments & Supplies,Precision Instruments,Healthcare
8088.T,IWATANI  CORPORATION,Equity,jp_topix_500,Japan,Conglomerates,Wholesale Trade,Industrials
8111.T,Goldwin Inc.,Equity,jp_topix_500,Japan,Apparel Manufacturing,Textiles & Apparels,Consumer Cyclical
8113.T,UNICHARM CORPORATION,Equity,jp_topix_500,Japan,Household & Personal Products,Chemicals,Consumer Defensive
8129.T,"TOHO HOLDINGS CO.,LTD.",Equity,jp_topix_500,Japan,Medical Distribution,Wholesale Trade,Healthcare
8136.T,"Sanrio Company,Ltd.",Equity,jp_topix_500,Japan,Specialty Retail,Wholesale Trade,Consumer Cyclical
8174.T,"NIPPON GAS CO.,LTD.",Equity,jp_topix_500,Japan,Utilities - Regulated Gas,Retail Trade,Utilities
8227.T,"SHIMAMURA Co.,Ltd.",Equity,jp_topix_500,Japan,Apparel Retail,Retail Trade,Consumer Cyclical
8233.T,"Takashimaya Company,Limited",Equity,jp_topix_500,Japan,Department Stores,Retail Trade,Consumer Cyclical
8242.T,H2O RETAILING CORPORATION,Equity,jp_topix_500,Japan,Grocery Stores,Retail Trade,Consumer Defensive
8252.T,"MARUI GROUP CO.,LTD.",Equity,jp_topix_500,Japan,Credit Services,Retail Trade,Financial Services
8253.T,"Credit Saison Co.,Ltd.",Equity,jp_topix_500,Japan,Credit Services,Other Financing Business,Financial Services
8267.T,"AEON CO.,LTD.",Equity,jp_topix_500,Japan,Department Stores,Retail Trade,Consumer Cyclical
8282.T,K'S HOLDINGS CORPORATION,Equity,jp_topix_500,Japan,Specialty Retail,Retail Trade,Consumer Cyclical
8283.T,PALTAC CORPORATION,Equity,jp_topix_500,Japan,Household & Personal Products,Wholesale Trade,Consumer Defensive
8304.T,"Aozora Bank,Ltd.",Equity,jp_topix_500,Japan,Banks - Regional,Banks,Financial Services
8306.T,"Mitsubishi UFJ Financial Group,Inc.",Equity,jp_topix_500,Japan,Banks - Diversified,Banks,Financial Services
8308.T,"Resona Holdings, Inc.",Equity,jp_topix_500,Japan,Banks - Regional,Banks,Financial Services
8309.T,"Sumitomo Mitsui Trust Group,Inc.",Equity,jp_topix_500,Japan,Banks - Regional,Banks,Financial Services
8316.T,"Sumitomo Mitsui Financial Group,Inc.",Equity,jp_topix_500,Japan,Banks - Diversified,Banks,Financial Services
8331.T,"The Chiba Bank,Ltd.",Equity,jp_topix_500,Japan,Banks - Regional,Banks,Financial Services
8334.T,"The Gunma Bank,Ltd.",Equity,jp_topix_500,Japan,Banks - Regional,Banks,Financial Services
8341.T,"The 77 Bank,Ltd.",Equity,jp_topix_500,Japan,Banks - Regional,Banks,Financial Services
8354.T,"Fukuoka Financial Group,Inc.",Equity,jp_topix_500,Japan,Banks - Regional,Banks,Financial Services
8359.T,"The Hachijuni Bank,Ltd.",Equity,jp_topix_500,Japan,Banks - Regional,Banks,Financial Services
8377.T,"Hokuhoku Financial Group, Inc.",Equity,jp_topix_500,Japan,Banks - Regional,Banks,Financial Services
8410.T,"Seven Bank,Ltd.",Equity,jp_topix_500,Japan,Banks - Regional,Banks,Financial Services
8411.T,"Mizuho Financial Group,Inc.",Equity,jp_topix_500,Japan,Banks - Regional,Banks,Financial Services
8418.T,"Yamaguchi Financial Group,Inc.",Equity,jp_topix_500,Japan,Banks - Regional,Banks,Financial Services
8424.T,"Fuyo General Lease Co.,Ltd.",Equity,jp_topix_500,Japan,Rental & Leasing Services,Other Financing Business,Industrials
8439.T,Tokyo Century Corporation,Equity,jp_topix_500,Japan,Rental & Leasing Services,Other Financing Business,Industrials
8473.T,"SBI Holdings,Inc.",Equity,jp_topix_500,Japan,Financial Conglomerates,Securities & Commodity Futures,Financial Services
8570.T,"AEON Financial Service Co.,Ltd.",Equity,jp_topix_500,Japan,Credit Services,Other Financing Business,Financial Services
8572.T,"ACOM CO.,LTD.",Equity,jp_topix_500,Japan,Credit Services,Other Financing Business,Financial Services
8591.T,ORIX CORPORATION,Equity,jp_topix_500,Japan,Financial Conglomerates,Other Financing Business,Financial Services
8593.T,Mitsubishi HC Capital Inc.,Equity,jp_topix_500,Japan,Credit Services,Other Financing Business,Financial Services
8595.T,"JAFCO Group Co.,Ltd.",Equity,jp_topix_500,Japan,Asset Management,Securities & Commodity Futures,Financial Services
8601.T,Daiwa Securities Group Inc.,Equity,jp_topix_500,Japan,Capital Markets,Securities & Commodity Futures,Financial Services
8604.T,"Nomura Holdings, Inc.",Equity,jp_topix_500,Japan,Capital Markets,Securities & Commodity Futures,Financial Services
8630.T,"Sompo Holdings,Inc.",Equity,jp_topix_500,Japan,Insurance - Property & Casualty,Insurance,Financial Services
8697.T,"Japan Exchange Group,Inc.",Equity,jp_topix_500,Japan,Financial Data & Stock Exchanges,Other Financing Business,Financial Services
8725.T,"MS&AD Insurance Group Holdings,Inc.",Equity,jp_topix_500,Japan,Insurance - Property & Casualty,Insurance,Financial Services
8729.T,Sony Financial Group Inc.,Equity,jp_topix_500,Japan,Insurance - Life,Insurance,Financial Services
8750.T,"Dai-ichi Life Holdings,Inc.",Equity,jp_topix_500,Japan,Insurance - Life,Insurance,Financial Services
8766.T,"Tokio Marine Holdings,Inc.",Equity,jp_topix_500,Japan,Insurance - Property & Casualty,Insurance,Financial Services
8795.T,"T&D Holdings, Inc.",Equity,jp_topix_500,Japan,Insurance - Life,Insurance,Financial Services
8801.T,"Mitsui Fudosan Co.,Ltd.",Equity,jp_topix_500,Japan,Real Estate - Diversified,Real Estate,Real Estate
8802.T,"Mitsubishi Estate Company,Limited",Equity,jp_topix_500,Japan,Real Estate - Diversified,Real Estate,Real Estate
8804.T,"Tokyo Tatemono Co.,Ltd.",Equity,jp_topix_500,Japan,Real Estate Services,Real Estate,Real Estate
8830.T,"Sumitomo Realty & Development Co.,Ltd.",Equity,jp_topix_500,Japan,Real Estate Services,Real Estate,Real Estate
8876.T,"Relo Group,Inc.",Equity,jp_topix_500,Japan,Specialty Business Services,Services,Industrials
9001.T,"TOBU RAILWAY CO.,LTD.",Equity,jp_topix_500,Japan,Railroads,Land Transportation,Industrials
9003.T,"Sotetsu Holdings,Inc.",Equity,jp_topix_500,Japan,Conglomerates,Land Transportation,Industrials
9005.T,TOKYU CORPORATION,Equity,jp_topix_500,Japan,Department Stores,Land Transportation,Consumer Cyclical
9006.T,Keikyu Corporation,Equity,jp_topix_500,Japan,Conglomerates,Land Transportation,Industrials
9007.T,"Odakyu Electric Railway Co.,Ltd.",Equity,jp_topix_500,Japan,Railroads,Land Transportation,Industrials
9008.T,Keio Corporation,Equity,jp_topix_500,Japan,Conglomerates,Land Transportation,Industrials
9009.T,"Keisei Electric Railway Co.,Ltd.",Equity,jp_topix_500,Japan,Railroads,Land Transportation,Industrials
9020.T,East Japan Railway Company,Equity,jp_topix_500,Japan,Railroads,Land Transportation,Industrials
9021.T,West Japan Railway Company,Equity,jp_topix_500,Japan,Railroads,Land Transportation,Industrials
9022.T,Central Japan Railway Company,Equity,jp_topix_500,Japan,Railroads,Land Transportation,Industrials
9023.T,"Tokyo Metro Co.,Ltd.",Equity,jp_topix_500,Japan,Railroads,Land Transportation,Industrials
9024.T,SEIBU HOLDINGS INC.,Equity,jp_topix_500,Japan,Conglomerates,Land Transportation,Industrials
9031.T,"Nishi-Nippon Railroad Co.,Ltd.",Equity,jp_topix_500,Japan,Railroads,Land Transportation,Industrials
9041.T,"Kintetsu Group Holdings Co.,Ltd.",Equity,jp_topix_500,Japan,Conglomerates,Land Transportation,Industrials
9042.T,"Hankyu Hanshin Holdings,Inc.",Equity,jp_topix_500,Japan,Conglomerates,Land Transportation,Industrials
9044.T,"Nankai Electric Railway Co.,Ltd.",Equity,jp_topix_500,Japan,Real Estate - Development,Land Transportation,Industrials
9045.T,"Keihan Holdings Co.,Ltd.",Equity,jp_topix_500,Japan,Conglomerates,Land Transportation,Industrials
9048.T,"Nagoya Railroad Co., Ltd.",Equity,jp_topix_500,Japan,Conglomerates,Land Transportation,Industrials
9064.T,"YAMATO HOLDINGS CO.,LTD.",Equity,jp_topix_500,Japan,Trucking,Land Transportation,Industrials
9065.T,SANKYU INC.,Equity,jp_topix_500,Japan,Integrated Freight & Logistics,Land Transportation,Industrials
9069.T,"SENKO Group Holdings Co.,Ltd.",Equity,jp_topix_500,Japan,Integrated Freight & Logistics,Land Transportation,Industrials
9072.T,"NIKKON Holdings Co.,Ltd.",Equity,jp_topix_500,Japan,Integrated Freight & Logistics,Land Transportation,Industrials
9076.T,"SEINO HOLDINGS CO.,LTD.",Equity,jp_topix_500,Japan,Trucking,Land Transportation,Industrials
9101.T,Nippon Yusen Kabushiki Kaisha,Equity,jp_topix_500,Japan,Marine Shipping,Marine Transportation,Industrials
9104.T,"Mitsui O.S.K.Lines,Ltd.",Equity,jp_topix_500,Japan,Marine Shipping,Marine Transportation,Industrials
9107.T,"Kawasaki Kisen Kaisha,Ltd.",Equity,jp_topix_500,Japan,Marine Shipping,Marine Transportation,Industrials
9142.T,Kyushu Railway Company,Equity,jp_topix_500,Japan,Conglomerates,Land Transportation,Industrials
9143.T,"SG HOLDINGS CO.,LTD.",Equity,jp_topix_500,Japan,Integrated Freight & Logistics,Land Transportation,Industrials
9147.T,"NIPPON EXPRESS HOLDINGS,INC.",Equity,jp_topix_500,Japan,Integrated Freight & Logistics,Land Transportation,Industrials
9201.T,"Japan Airlines Co.,Ltd.",Equity,jp_topix_500,Japan,Airlines,Air Transportation,Industrials
9202.T,ANA HOLDINGS INC.,Equity,jp_topix_500,Japan,Airlines,Air Transportation,Industrials
9301.T,Mitsubishi Logistics Corporation,Equity,jp_topix_500,Japan,Integrated Freight & Logistics,Warehousing & Harbor Transportation Services,Industrials
9302.T,"MITSUI-SOKO HOLDINGS Co.,Ltd.",Equity,jp_topix_500,Japan,Integrated Freight & Logistics,Warehousing & Harbor Transportation Services,Industrials
9364.T,"Kamigumi Co.,Ltd.",Equity,jp_topix_500,Japan,Integrated Freight & Logistics,Warehousing & Harbor Transportation Services,Industrials
9401.T,"TBS HOLDINGS,INC.",Equity,jp_topix_500,Japan,Broadcasting,Information & Communication,Communication Services
9404.T,"Nippon Television Holdings,Inc.",Equity,jp_topix_500,Japan,Broadcasting,Information & Communication,Communication Services
9432.T,"NTT,Inc.",Equity,jp_topix_500,Japan,Telecom Services,Information & Communication,Communication Services
9433.T,KDDI CORPORATION,Equity,jp_topix_500,Japan,Telecom Services,Information & Communication,Communication Services
9434.T,SoftBank Corp.,Equity,jp_topix_500,Japan,Telecom Services,Information & Communication,Communication Services
9435.T,"HIKARI TSUSHIN,INC.",Equity,jp_topix_500,Japan,Conglomerates,Information & Communication,Industrials
9449.T,"GMO internet group,Inc.",Equity,jp_topix_500,Japan,Telecom Services,Information & Communication,Communication Services
9468.T,KADOKAWA CORPORATION,Equity,jp_topix_500,Japan,Publishing,Information & Communication,Communication Services
9501.T,"Tokyo Electric Power Company Holdings,Incorporated",Equity,jp_topix_500,Japan,Utilities - Renewable,Electric Power & Gas,Utilities
9502.T,"Chubu Electric Power Company,Incorporated",Equity,jp_topix_500,Japan,Utilities - Diversified,Electric Power & Gas,Utilities
9503.T,"The Kansai Electric Power Company,Incorporated",Equity,jp_topix_500,Japan,Utilities - Renewable,Electric Power & Gas,Utilities
9504.T,"The Chugoku Electric Power Company,Incorporated",Equity,jp_topix_500,Japan,Utilities - Renewable,Electric Power & Gas,Utilities
9505.T,Hokuriku Electric Power Company,Equity,jp_topix_500,Japan,Utilities - Regulated Electric,Electric Power & Gas,Utilities
9506.T,"Tohoku Electric Power Company,Incorporated",Equity,jp_topix_500,Japan,Utilities - Renewable,Electric Power & Gas,Utilities
9507.T,"Shikoku Electric Power Company,Incorporated",Equity,jp_topix_500,Japan,Utilities - Regulated Electric,Electric Power & Gas,Utilities
9508.T,"Kyushu Electric Power Company,Incorporated",Equity,jp_topix_500,Japan,Utilities - Independent Power Producers,Electric Power & Gas,Utilities
9509.T,"Hokkaido Electric Power Company,Incorporated",Equity,jp_topix_500,Japan,Utilities - Renewable,Electric Power & Gas,Utilities
9513.T,"Electric Power Development Co.,Ltd.",Equity,jp_topix_500,Japan,Utilities - Renewable,Electric Power & Gas,Utilities
9531.T,"TOKYO GAS CO.,LTD.",Equity,jp_topix_500,Japan,Utilities - Regulated Gas,Electric Power & Gas,Utilities
9532.T,"OSAKA GAS CO.,LTD.",Equity,jp_topix_500,Japan,Utilities - Regulated Gas,Electric Power & Gas,Utilities
9533.T,"TOHO GAS CO.,LTD.",Equity,jp_topix_500,Japan,Utilities - Regulated Gas,Electric Power & Gas,Utilities
9602.T,"TOHO CO.,LTD",Equity,jp_topix_500,Japan,Entertainment,Information & Communication,Communication Services
9616.T,"KYORITSU MAINTENANCE CO.,LTD.",Equity,jp_topix_500,Japan,Lodging,Services,Consumer Cyclical
9627.T,AIN HOLDINGS INC.,Equity,jp_topix_500,Japan,Pharmaceutical Retailers,Retail Trade,Healthcare
9684.T,"SQUARE ENIX HOLDINGS CO.,LTD.",Equity,jp_topix_500,Japan,Electronic Gaming & Multimedia,Information & Communication,Communication Services
9697.T,"CAPCOM CO.,LTD.",Equity,jp_topix_500,Japan,Electronic Gaming & Multimedia,Information & Communication,Communication Services
9706.T,"Japan Airport Terminal Co.,ltd.",Equity,jp_topix_500,Japan,Airports & Air Services,Real Estate,Industrials
9719.T,SCSK Corporation,Equity,jp_topix_500,Japan,Information Technology Services,Information & Communication,Technology
9735.T,"SECOM CO.,LTD.",Equity,jp_topix_500,Japan,Security & Protection Services,Services,Industrials
9744.T,MEITEC Group Holdings Inc.,Equity,jp_topix_500,Japan,Staffing & Employment Services,Services,Industrials
9759.T,"NSD CO.,LTD.",Equity,jp_topix_500,Japan,Software - Application,Information & Communication,Technology
9766.T,KONAMI GROUP CORPORATION,Equity,jp_topix_500,Japan,Electronic Gaming & Multimedia,Information & Communication,Communication Services
9831.T,"YAMADA HOLDINGS CO.,LTD.",Equity,jp_topix_500,Japan,Specialty Retail,Retail Trade,Consumer Cyclical
9843.T,"Nitori Holdings Co.,Ltd.",Equity,jp_topix_500,Japan,"Furnishings, Fixtures & Appliances",Retail Trade,Consumer Cyclical
9861.T,"YOSHINOYA HOLDINGS CO.,LTD.",Equity,jp_topix_500,Japan,Restaurants,Retail Trade,Consumer Cyclical
9934.T,"INABA DENKISANGYO CO.,LTD.",Equity,jp_topix_500,Japan,Electrical Equipment & Parts,Wholesale Trade,Industrials
9962.T,MISUMI Group Inc.,Equity,jp_topix_500,Japan,Tools & Accessories,Wholesale Trade,Industrials
9983.T,"FAST RETAILING CO.,LTD.",Equity,jp_topix_500,Japan,Apparel Retail,Retail Trade,Consumer Cyclical
9984.T,SoftBank Group Corp.,Equity,jp_topix_500,Japan,Telecom Services,Information & Communication,Communication Services
9987.T,"SUZUKEN CO.,LTD.",Equity,jp_topix_500,Japan,Medical Distribution,Wholesale Trade,Healthcare
9989.T,"SUNDRUG CO.,LTD.",Equity,jp_topix_500,Japan,Pharmaceutical Retailers,Retail Trade,Healthcare
000020.KS,동화약품,Equity,kr_kospi,South Korea,의약품 제조업,,Healthcare
000040.KS,KR모터스,Equity,kr_kospi,South Korea,그외 기타 운송장비 제조업,,Consumer Cyclical
000050.KS,경방,Equity,kr_kospi,South Korea,종합 소매업,,Consumer Cyclical
000070.KS,삼양홀딩스,Equity,kr_kospi,South Korea,기타 금융업,,Industrials
000080.KS,하이트진로,Equity,kr_kospi,South Korea,알코올음료 제조업,,Consumer Defensive
000100.KS,유한양행,Equity,kr_kospi,South Korea,의약품 제조업,,Healthcare
000120.KS,CJ대한통운,Equity,kr_kospi,South Korea,도로 화물 운송업,,Industrials
000140.KS,하이트진로홀딩스,Equity,kr_kospi,South Korea,기타 금융업,,Consumer Defensive
000150.KS,두산,Equity,kr_kospi,South Korea,기타 금융업,,Industrials
000180.KS,성창기업지주,Equity,kr_kospi,South Korea,회사 본부 및 경영 컨설팅 서비스업,,Basic Materials
000210.KS,DL,Equity,kr_kospi,South Korea,기초 화학물질 제조업,,Basic Materials
000220.KS,유유제약,Equity,kr_kospi,South Korea,의약품 제조업,,Healthcare
000230.KS,일동홀딩스,Equity,kr_kospi,South Korea,의약품 제조업,,Healthcare
000240.KS,한국앤컴퍼니,Equity,kr_kospi,South Korea,기타 금융업,,Consumer Cyclical
000270.KS,기아,Equity,kr_kospi,South Korea,자동차용 엔진 및 자동차 제조업,,Consumer Cyclical
000300.KS,DH오토넥스,Equity,kr_kospi,South Korea,자동차 신품 부품 제조업,,
000320.KS,노루홀딩스,Equity,kr_kospi,South Korea,기타 금융업,,Basic Materials
000370.KS,한화손해보험,Equity,kr_kospi,South Korea,보험업,,Financial Services
000390.KS,삼화페인트공업,Equity,kr_kospi,South Korea,기타 화학제품 제조업,,Basic Materials
000400.KS,롯데손해보험,Equity,kr_kospi,South Korea,보험업,,Financial Services
000430.KS,대원강업,Equity,kr_kospi,South Korea,자동차 신품 부품 제조업,,Consumer Cyclical
000480.KS,시알홀딩스,Equity,kr_kospi,South Korea,"내화, 비내화 요업제품 제조업",,Basic Materials
000490.KS,대동,Equity,kr_kospi,South Korea,특수 목적용 기계 제조업,,Industrials
000500.KS,가온전선,Equity,kr_kospi,South Korea,절연선 및 케이블 제조업,,Technology
000520.KS,삼일제약,Equity,kr_kospi,South Korea,의약품 제조업,,Healthcare
000540.KS,흥국화재,Equity,kr_kospi,South Korea,보험업,,Financial Services
000590.KS,CS홀딩스,Equity,kr_kospi,South Korea,기타 금융업,,Industrials
000640.KS,동아쏘시오홀딩스,Equity,kr_kospi,South Korea,기타 금융업,,Healthcare
000650.KS,천일고속,Equity,kr_kospi,South Korea,육상 여객 운송업,,Industrials
000660.KS,SK하이닉스,Equity,kr_kospi,South Korea,반도체 제조업,,Technology
000670.KS,영풍,Equity,kr_kospi,South Korea,1차 비철금속 제조업,,Technology
000680.KS,LS네트웍스,Equity,kr_kospi,South Korea,상품 종합 도매업,,Consumer Cyclical
000700.KS,유수홀딩스,Equity,kr_kospi,South Korea,회사 본부 및 경영 컨설팅 서비스업,,Industrials
000720.KS,현대건설,Equity,kr_kospi,South Korea,토목 건설업,,Industrials
000760.KS,이화산업,Equity,kr_kospi,South Korea,기타 전문 도매업,,Basic Materials
000810.KS,삼성화재해상보험,Equity,kr_kospi,South Korea,보험업,,Financial Services
000850.KS,화천기공,Equity,kr_kospi,South Korea,특수 목적용 기계 제조업,,Industrials
000860.KS,강남제비스코,Equity,kr_kospi,South Korea,기타 화학제품 제조업,,Basic Materials
000880.KS,한화,Equity,kr_kospi,South Korea,기타 화학제품 제조업,,Industrials
000890.KS,보해양조,Equity,kr_kospi,South Korea,알코올음료 제조업,,Consumer Defensive
000910.KS,유니온,Equity,kr_kospi,South Korea,"시멘트, 석회, 플라스터 및 그 제품 제조업",,Basic Materials
000950.KS,전방,Equity,kr_kospi,South Korea,방적 및 가공사 제조업,,Consumer Cyclical
000970.KS,한국주철관공업,Equity,kr_kospi,South Korea,1차 철강 제조업,,Basic Materials
000990.KS,DB하이텍,Equity,kr_kospi,South Korea,반도체 제조업,,Technology
001020.KS,페이퍼코리아,Equity,kr_kospi,South Korea,"펄프, 종이 및 판지 제조업",,Basic Materials
001040.KS,CJ,Equity,kr_kospi,South Korea,기타 금융업,,Industrials
001060.KS,JW중외제약,Equity,kr_kospi,South Korea,의약품 제조업,,Healthcare
001070.KS,대한방직,Equity,kr_kospi,South Korea,직물직조 및 직물제품 제조업,,Consumer Cyclical
001080.KS,만호제강,Equity,kr_kospi,South Korea,1차 철강 제조업,,Basic Materials
001120.KS,LX인터내셔널,Equity,kr_kospi,South Korea,상품 중개업,,Industrials
001130.KS,대한제분,Equity,kr_kospi,South Korea,"곡물가공품, 전분 및 전분제품 제조업",,Consumer Defensive
001200.KS,유진증권,Equity,kr_kospi,South Korea,금융 지원 서비스업,,Financial Services
001210.KS,금호전기,Equity,kr_kospi,South Korea,전구 및 조명장치 제조업,,Industrials
001230.KS,동국홀딩스,Equity,kr_kospi,South Korea,기타 금융업,,Basic Materials
001250.KS,GS글로벌,Equity,kr_kospi,South Korea,상품 종합 도매업,,Industrials
001260.KS,남광토건,Equity,kr_kospi,South Korea,토목 건설업,,Industrials
001270.KS,부국증권,Equity,kr_kospi,South Korea,금융 지원 서비스업,,Financial Services
001290.KS,상상인증권,Equity,kr_kospi,South Korea,금융 지원 서비스업,,Financial Services
001340.KS,PKC,Equity,kr_kospi,South Korea,기초 화학물질 제조업,,Basic Materials
001360.KS,삼성제약,Equity,kr_kospi,South Korea,의약품 제조업,,Healthcare
001380.KS,SG글로벌,Equity,kr_kospi,South Korea,자동차 신품 부품 제조업,,Consumer Cyclical
001390.KS,KG케미칼,Equity,kr_kospi,South Korea,기초 화학물질 제조업,,Industrials
001420.KS,태원물산,Equity,kr_kospi,South Korea,자동차 신품 부품 제조업,,Consumer Cyclical
001430.KS,세아베스틸지주,Equity,kr_kospi,South Korea,1차 철강 제조업,,Basic Materials
001440.KS,대한전선,Equity,kr_kospi,South Korea,절연선 및 케이블 제조업,,Industrials
001450.KS,현대해상,Equity,kr_kospi,South Korea,보험업,,Financial Services
001460.KS,BYC,Equity,kr_kospi,South Korea,봉제의복 제조업,,Consumer Cyclical
001470.KS,삼부토건,Equity,kr_kospi,South Korea,토목 건설업,,Industrials
001500.KS,현대차증권,Equity,kr_kospi,South Korea,금융 지원 서비스업,,Financial Services
001510.KS,SK증권,Equity,kr_kospi,South Korea,금융 지원 서비스업,,Financial Services
001520.KS,동양,Equity,kr_kospi,South Korea,"시멘트, 석회, 플라스터 및 그 제품 제조업",,Basic Materials
001530.KS,디아이동일,Equity,kr_kospi,South Korea,상품 중개업,,Consumer Cyclical
001550.KS,조비,Equity,kr_kospi,South Korea,"비료, 농약 및 살균, 살충제 제조업",,Basic Materials
001560.KS,제일연마,Equity,kr_kospi,South Korea,기타 비금속 광물제품 제조업,,Industrials
001570.KS,금양,Equity,kr_kospi,South Korea,기초 화학물질 제조업,,Basic Materials
001620.KS,케이비아이동국실업,Equity,kr_kospi,South Korea,자동차 신품 부품 제조업,,Consumer Cyclical
001630.KS,종근당홀딩스,Equity,kr_kospi,South Korea,의약품 제조업,,Healthcare
001680.KS,대상,Equity,kr_kospi,South Korea,기타 식품 제조업,,Consumer Defensive
001720.KS,신영증권,Equity,kr_kospi,South Korea,금융 지원 서비스업,,Financial Services
001740.KS,SK네트웍스,Equity,kr_kospi,South Korea,기타 전문 도매업,,Industrials
001750.KS,한양증권,Equity,kr_kospi,South Korea,금융 지원 서비스업,,Financial Services
001770.KS,SHD,Equity,kr_kospi,South Korea,1차 철강 제조업,,Consumer Cyclical
001780.KS,알루코,Equity,kr_kospi,South Korea,1차 비철금속 제조업,,Basic Materials
001790.KS,대한제당,Equity,kr_kospi,South Korea,"곡물가공품, 전분 및 전분제품 제조업",,Consumer Defensive
001800.KS,오리온홀딩스,Equity,kr_kospi,South Korea,기타 금융업,,Consumer Defensive
001820.KS,삼화콘덴서공업,Equity,kr_kospi,South Korea,전자부품 제조업,,Technology
001940.KS,KISCO홀딩스,Equity,kr_kospi,South Korea,1차 철강 제조업,,Basic Materials
002020.KS,코오롱,Equity,kr_kospi,South Korea,기타 금융업,,Industrials
002030.KS,아세아,Equity,kr_kospi,South Korea,회사 본부 및 경영 컨설팅 서비스업,,Basic Materials
002070.KS,비비안,Equity,kr_kospi,South Korea,봉제의복 제조업,,Consumer Cyclical
002100.KS,경농,Equity,kr_kospi,South Korea,"비료, 농약 및 살균, 살충제 제조업",,Basic Materials
002140.KS,고려산업,Equity,kr_kospi,South Korea,"곡물가공품, 전분 및 전분제품 제조업",,Consumer Defensive
002150.KS,도화엔지니어링,Equity,kr_kospi,South Korea,"건축기술, 엔지니어링 및 관련 기술 서비스업",,Industrials
002170.KS,삼양통상,Equity,kr_kospi,South Korea,"가죽, 가방 및 유사제품 제조업",,Consumer Cyclical
002200.KS,한국수출포장공업,Equity,kr_kospi,South Korea,"골판지, 종이 상자 및 종이용기 제조업",,Consumer Cyclical
002210.KS,동성제약,Equity,kr_kospi,South Korea,의약품 제조업,,Healthcare
002220.KS,한일철강,Equity,kr_kospi,South Korea,1차 철강 제조업,,Basic Materials
002240.KS,고려제강,Equity,kr_kospi,South Korea,1차 철강 제조업,,Basic Materials
002310.KS,아세아제지,Equity,kr_kospi,South Korea,"골판지, 종이 상자 및 종이용기 제조업",,Basic Materials
002320.KS,한진,Equity,kr_kospi,South Korea,도로 화물 운송업,,Industrials
002350.KS,넥센타이어,Equity,kr_kospi,South Korea,고무제품 제조업,,Consumer Cyclical
002360.KS,SH에너지화학,Equity,kr_kospi,South Korea,기초 화학물질 제조업,,Basic Materials
002380.KS,케이씨씨,Equity,kr_kospi,South Korea,기타 화학제품 제조업,,Basic Materials
002390.KS,한독,Equity,kr_kospi,South Korea,의약품 제조업,,Healthcare
002410.KS,범양건영,Equity,kr_kospi,South Korea,건물 건설업,,Industrials
002420.KS,세기상사,Equity,kr_kospi,South Korea,연료 소매업,,Communication Services
002450.KS,삼익악기,Equity,kr_kospi,South Korea,악기 제조업,,Technology
002460.KS,HS화성,Equity,kr_kospi,South Korea,건물 건설업,,Industrials
002600.KS,조흥,Equity,kr_kospi,South Korea,기타 식품 제조업,,Consumer Defensive
002620.KS,제일파마홀딩스,Equity,kr_kospi,South Korea,회사 본부 및 경영 컨설팅 서비스업,,Healthcare
002630.KS,오리엔트바이오,Equity,kr_kospi,South Korea,의약품 제조업,,Healthcare
002690.KS,동일제강,Equity,kr_kospi,South Korea,1차 철강 제조업,,Basic Materials
002700.KS,신일전자,Equity,kr_kospi,South Korea,기계장비 및 관련 물품 도매업,,Consumer Cyclical
002710.KS,TCC스틸,Equity,kr_kospi,South Korea,1차 철강 제조업,,Basic Materials
002720.KS,국제약품,Equity,kr_kospi,South Korea,의약품 제조업,,Healthcare
002760.KS,보락,Equity,kr_kospi,South Korea,기타 화학제품 제조업,,Basic Materials
002780.KS,진흥기업,Equity,kr_kospi,South Korea,토목 건설업,,Industrials
002790.KS,아모레퍼시픽홀딩스,Equity,kr_kospi,South Korea,기타 화학제품 제조업,,Consumer Defensive
002810.KS,삼영무역,Equity,kr_kospi,South Korea,기타 전문 도매업,,Industrials
002820.KS,SUN&L,Equity,kr_kospi,South Korea,나무제품 제조업,,Basic Materials
002840.KS,미원상사,Equity,kr_kospi,South Korea,기타 화학제품 제조업,,Basic Materials
002870.KS,신풍,Equity,kr_kospi,South Korea,기타 전문 도매업,,Consumer Cyclical
002880.KS,대유에이텍,Equity,kr_kospi,South Korea,자동차 신품 부품 제조업,,Consumer Cyclical
002900.KS,TYM,Equity,kr_kospi,South Korea,특수 목적용 기계 제조업,,Industrials
002920.KS,유성기업,Equity,kr_kospi,South Korea,자동차 신품 부품 제조업,,Consumer Cyclical
002960.KS,한국쉘석유,Equity,kr_kospi,South Korea,석유 정제품 제조업,,Energy
002990.KS,금호건설,Equity,kr_kospi,South Korea,건물 건설업,,Industrials
003000.KS,부광약품,Equity,kr_kospi,South Korea,의약품 제조업,,Healthcare
003010.KS,혜인,Equity,kr_kospi,South Korea,기계장비 및 관련 물품 도매업,,Industrials
003030.KS,세아제강지주,Equity,kr_kospi,South Korea,기타 금융업,,Basic Materials
003060.KS,에이프로젠바이오로직스,Equity,kr_kospi,South Korea,의약품 제조업,,Healthcare
003070.KS,코오롱글로벌,Equity,kr_kospi,South Korea,토목 건설업,,Industrials
003080.KS,SB성보,Equity,kr_kospi,South Korea,"비료, 농약 및 살균, 살충제 제조업",,Basic Materials
003090.KS,대웅,Equity,kr_kospi,South Korea,의약품 제조업,,Healthcare
003120.KS,일성아이에스,Equity,kr_kospi,South Korea,의약품 제조업,,Healthcare
003160.KS,디아이,Equity,kr_kospi,South Korea,"측정, 시험, 항해, 제어 및 기타 정밀기기 제조업; 광학기기 제외",,Technology
003200.KS,일신방직,Equity,kr_kospi,South Korea,방적 및 가공사 제조업,,Consumer Cyclical
003220.KS,대원제약,Equity,kr_kospi,South Korea,의약품 제조업,,Healthcare
003230.KS,삼양식품,Equity,kr_kospi,South Korea,기타 식품 제조업,,Consumer Defensive
003240.KS,태광산업,Equity,kr_kospi,South Korea,화학섬유 제조업,,Basic Materials
003280.KS,흥아해운,Equity,kr_kospi,South Korea,해상 운송업,,Industrials
003300.KS,한일홀딩스,Equity,kr_kospi,South Korea,"시멘트, 석회, 플라스터 및 그 제품 제조업",,Basic Materials
003350.KS,한국화장품제조,Equity,kr_kospi,South Korea,기타 화학제품 제조업,,Consumer Defensive
003460.KS,유화증권,Equity,kr_kospi,South Korea,금융 지원 서비스업,,Financial Services
003470.KS,유안타증권,Equity,kr_kospi,South Korea,금융 지원 서비스업,,Financial Services
003480.KS,한진중공업홀딩스,Equity,kr_kospi,South Korea,연료용 가스 제조 및 배관공급업,,Industrials
003490.KS,대한항공,Equity,kr_kospi,South Korea,항공 여객 운송업,,Industrials
003520.KS,영진약품,Equity,kr_kospi,South Korea,의약품 제조업,,Healthcare
003530.KS,한화투자증권,Equity,kr_kospi,South Korea,금융 지원 서비스업,,Financial Services
003540.KS,대신증권,Equity,kr_kospi,South Korea,금융 지원 서비스업,,Financial Services
003550.KS,LG,Equity,kr_kospi,South Korea,기타 금융업,,Technology
003570.KS,SNT다이내믹스,Equity,kr_kospi,South Korea,자동차 신품 부품 제조업,,Industrials
003580.KS,HLB글로벌,Equity,kr_kospi,South Korea,종합 소매업,,Industrials
003610.KS,방림,Equity,kr_kospi,South Korea,직물직조 및 직물제품 제조업,,Consumer Cyclical
003620.KS,KG모빌리티,Equity,kr_kospi,South Korea,자동차용 엔진 및 자동차 제조업,,Consumer Cyclical
003650.KS,미창석유공업,Equity,kr_kospi,South Korea,석유 정제품 제조업,,Energy
003670.KS,포스코퓨처엠,Equity,kr_kospi,South Korea,일차전지 및 이차전지 제조업,,Industrials
003680.KS,한성기업,Equity,kr_kospi,South Korea,수산물 가공 및 저장 처리업,,Consumer Defensive
003690.KS,코리안리,Equity,kr_kospi,South Korea,재 보험업,,Financial Services
003720.KS,삼영,Equity,kr_kospi,South Korea,플라스틱제품 제조업,,Consumer Cyclical
003780.KS,진양산업,Equity,kr_kospi,South Korea,플라스틱제품 제조업,,Consumer Cyclical
003830.KS,대한화섬,Equity,kr_kospi,South Korea,화학섬유 제조업,,Consumer Cyclical
003850.KS,보령,Equity,kr_kospi,South Korea,의약품 제조업,,Healthcare
003920.KS,남양유업,Equity,kr_kospi,South Korea,동·식물성 유지 및 낙농제품 제조업,,Consumer Defensive
003960.KS,사조대림,Equity,kr_kospi,South Korea,수산물 가공 및 저장 처리업,,Consumer Defensive
004000.KS,롯데정밀화학,Equity,kr_kospi,South Korea,기초 화학물질 제조업,,Basic Materials
004020.KS,현대제철,Equity,kr_kospi,South Korea,1차 철강 제조업,,Basic Materials
004060.KS,SG세계물산,Equity,kr_kospi,South Korea,상품 종합 도매업,,Consumer Cyclical
004080.KS,신흥,Equity,kr_kospi,South Korea,기계장비 및 관련 물품 도매업,,Healthcare
004090.KS,한국석유공업,Equity,kr_kospi,South Korea,기타 비금속 광물제품 제조업,,Basic Materials
004100.KS,태양금속공업,Equity,kr_kospi,South Korea,자동차 신품 부품 제조업,,Consumer Cyclical
004140.KS,동방,Equity,kr_kospi,South Korea,기타 운송관련 서비스업,,Industrials
004150.KS,한솔홀딩스,Equity,kr_kospi,South Korea,기타 금융업,,Basic Materials
004170.KS,신세계,Equity,kr_kospi,South Korea,종합 소매업,,Consumer Cyclical
004250.KS,엔피씨,Equity,kr_kospi,South Korea,플라스틱제품 제조업,,Consumer Cyclical
004270.KS,남성,Equity,kr_kospi,South Korea,기타 전문 도매업,,Technology
004310.KS,현대약품,Equity,kr_kospi,South Korea,의약품 제조업,,Healthcare
004360.KS,세방,Equity,kr_kospi,South Korea,도로 화물 운송업,,Industrials
004370.KS,농심,Equity,kr_kospi,South Korea,기타 식품 제조업,,Consumer Defensive
004380.KS,삼익THK,Equity,kr_kospi,South Korea,일반 목적용 기계 제조업,,Technology
004410.KS,서울식품공업,Equity,kr_kospi,South Korea,기타 식품 제조업,,Consumer Defensive
004430.KS,송원산업,Equity,kr_kospi,South Korea,기타 화학제품 제조업,,Basic Materials
004440.KS,삼일씨엔에스,Equity,kr_kospi,South Korea,"시멘트, 석회, 플라스터 및 그 제품 제조업",,Basic Materials
004450.KS,삼화왕관,Equity,kr_kospi,South Korea,기타 금속 가공제품 제조업,,Consumer Cyclical
004490.KS,세방전지,Equity,kr_kospi,South Korea,일차전지 및 이차전지 제조업,,Industrials
004540.KS,깨끗한나라,Equity,kr_kospi,South Korea,"펄프, 종이 및 판지 제조업",,Basic Materials
004560.KS,현대비앤지스틸,Equity,kr_kospi,South Korea,1차 철강 제조업,,Basic Materials
004690.KS,삼천리,Equity,kr_kospi,South Korea,연료용 가스 제조 및 배관공급업,,Utilities
004700.KS,조광피혁,Equity,kr_kospi,South Korea,"가죽, 가방 및 유사제품 제조업",,Consumer Cyclical
004710.KS,한솔테크닉스,Equity,kr_kospi,South Korea,전자부품 제조업,,Technology
004720.KS,팜젠사이언스,Equity,kr_kospi,South Korea,의약품 제조업,,Healthcare
004770.KS,써니전자,Equity,kr_kospi,South Korea,전자부품 제조업,,Technology
004800.KS,효성,Equity,kr_kospi,South Korea,기타 금융업,,Industrials
004830.KS,덕성,Equity,kr_kospi,South Korea,플라스틱제품 제조업,,Consumer Cyclical
004840.KS,DRB동일,Equity,kr_kospi,South Korea,고무제품 제조업,,Consumer Cyclical
004870.KS,티웨이홀딩스,Equity,kr_kospi,South Korea,"시멘트, 석회, 플라스터 및 그 제품 제조업",,Basic Materials
004890.KS,동일산업,Equity,kr_kospi,South Korea,1차 철강 제조업,,Basic Materials
004910.KS,조광페인트,Equity,kr_kospi,South Korea,기타 화학제품 제조업,,Basic Materials
004920.KS,씨아이테크,Equity,kr_kospi,South Korea,영상 및 음향기기 제조업,,Technology
004960.KS,한신공영,Equity,kr_kospi,South Korea,건물 건설업,,Industrials
004970.KS,신라교역,Equity,kr_kospi,South Korea,어로 어업,,Consumer Defensive
004980.KS,성신양회,Equity,kr_kospi,South Korea,"시멘트, 석회, 플라스터 및 그 제품 제조업",,Basic Materials
004990.KS,롯데지주,Equity,kr_kospi,South Korea,기타 금융업,,Consumer Defensive
005010.KS,휴스틸,Equity,kr_kospi,South Korea,1차 철강 제조업,,Basic Materials
005030.KS,부산주공,Equity,kr_kospi,South Korea,자동차 신품 부품 제조업,,
005070.KS,코스모신소재,Equity,kr_kospi,South Korea,기타 화학제품 제조업,,Basic Materials
005090.KS,SGC에너지,Equity,kr_kospi,South Korea,전기업,,Industrials
005110.KS,한창,Equity,kr_kospi,South Korea,기계장비 및 관련 물품 도매업,,
005180.KS,빙그레,Equity,kr_kospi,South Korea,동·식물성 유지 및 낙농제품 제조업,,Consumer Defensive
005250.KS,녹십자홀딩스,Equity,kr_kospi,South Korea,회사 본부 및 경영 컨설팅 서비스업,,Healthcare
005300.KS,롯데칠성음료,Equity,kr_kospi,South Korea,비알코올음료 및 얼음 제조업,,Consumer Defensive
005320.KS,온타이드,Equity,kr_kospi,South Korea,생활용품 도매업,,Consumer Cyclical
005360.KS,모나미,Equity,kr_kospi,South Korea,생활용품 도매업,,Consumer Cyclical
005380.KS,현대자동차,Equity,kr_kospi,South Korea,자동차용 엔진 및 자동차 제조업,,Consumer Cyclical
005420.KS,코스모화학,Equity,kr_kospi,South Korea,기타 화학제품 제조업,,Basic Materials
005430.KS,한국공항,Equity,kr_kospi,South Korea,기타 운송관련 서비스업,,Industrials
005440.KS,현대지에프홀딩스,Equity,kr_kospi,South Korea,기타 금융업,,Consumer Defensive
005490.KS,POSCO홀딩스,Equity,kr_kospi,South Korea,1차 철강 제조업,,Basic Materials
005500.KS,삼진제약,Equity,kr_kospi,South Korea,의약품 제조업,,Healthcare
005610.KS,SPC삼립,Equity,kr_kospi,South Korea,기타 식품 제조업,,Consumer Defensive
005680.KS,삼영전자공업,Equity,kr_kospi,South Korea,전자부품 제조업,,Technology
005690.KS,파미셀,Equity,kr_kospi,South Korea,기초 의약물질 제조업,,Healthcare
005720.KS,넥센,Equity,kr_kospi,South Korea,고무제품 제조업,,Consumer Cyclical
005740.KS,크라운해태홀딩스,Equity,kr_kospi,South Korea,기타 금융업,,Consumer Defensive
005750.KS,대림바스,Equity,kr_kospi,South Korea,"내화, 비내화 요업제품 제조업",,Industrials
005800.KS,신영와코루,Equity,kr_kospi,South Korea,봉제의복 제조업,,Consumer Cyclical
005810.KS,풍산홀딩스,Equity,kr_kospi,South Korea,기타 금융업,,Basic Materials
005820.KS,원림,Equity,kr_kospi,South Korea,직물직조 및 직물제품 제조업,,Consumer Cyclical
005830.KS,DB손해보험,Equity,kr_kospi,South Korea,보험업,,Financial Services
005850.KS,에스엘,Equity,kr_kospi,South Korea,자동차 신품 부품 제조업,,Consumer Cyclical
005870.KS,휴니드테크놀러지스,Equity,kr_kospi,South Korea,통신 및 방송 장비 제조업,,Technology
005880.KS,대한해운,Equity,kr_kospi,South Korea,해상 운송업,,Industrials
005930.KS,삼성전자,Equity,kr_kospi,South Korea,통신 및 방송 장비 제조업,,Technology
005940.KS,NH투자증권,Equity,kr_kospi,South Korea,금융 지원 서비스업,,Financial Services
005950.KS,이수화학,Equity,kr_kospi,South Korea,기초 화학물질 제조업,,Basic Materials
005960.KS,동부건설,Equity,kr_kospi,South Korea,토목 건설업,,Industrials
006040.KS,동원산업,Equity,kr_kospi,South Korea,기타 금융업,,Consumer Defensive
006060.KS,화승인더스트리,Equity,kr_kospi,South Korea,상품 종합 도매업,,Consumer Cyclical
006090.KS,사조오양,Equity,kr_kospi,South Korea,수산물 가공 및 저장 처리업,,Consumer Defensive
006110.KS,삼아알미늄,Equity,kr_kospi,South Korea,1차 비철금속 제조업,,Basic Materials
006120.KS,SK디스커버리,Equity,kr_kospi,South Korea,기타 금융업,,Energy
006200.KS,한국전자홀딩스,Equity,kr_kospi,South Korea,기타 금융업,,Technology
006220.KS,제주은행,Equity,kr_kospi,South Korea,은행 및 저축기관,,Financial Services
006260.KS,LS,Equity,kr_kospi,South Korea,기타 금융업,,Industrials
006280.KS,녹십자,Equity,kr_kospi,South Korea,의약품 제조업,,Healthcare
006340.KS,대원전선,Equity,kr_kospi,South Korea,절연선 및 케이블 제조업,,Industrials
006360.KS,GS건설,Equity,kr_kospi,South Korea,건물 건설업,,Industrials
006370.KS,대구백화점,Equity,kr_kospi,South Korea,종합 소매업,,Consumer Cyclical
006380.KS,카프로,Equity,kr_kospi,South Korea,기초 화학물질 제조업,,
006400.KS,삼성SDI,Equity,kr_kospi,South Korea,일차전지 및 이차전지 제조업,,Industrials
006490.KS,인스코비,Equity,kr_kospi,South Korea,전기 통신업,,Communication Services
006570.KS,대림통상,Equity,kr_kospi,South Korea,기타 금속 가공제품 제조업,,Consumer Defensive
006650.KS,대한유화,Equity,kr_kospi,South Korea,기초 화학물질 제조업,,Basic Materials
006660.KS,삼성공조,Equity,kr_kospi,South Korea,자동차 신품 부품 제조업,,Consumer Cyclical
006740.KS,블루산업개발,Equity,kr_kospi,South Korea,"골판지, 종이 상자 및 종이용기 제조업",,Basic Materials
006800.KS,미래에셋증권,Equity,kr_kospi,South Korea,금융 지원 서비스업,,Financial Services
006840.KS,AK홀딩스,Equity,kr_kospi,South Korea,기타 금융업,,Basic Materials
006880.KS,신송홀딩스,Equity,kr_kospi,South Korea,산업용 농·축산물 및 동·식물 도매업,,Industrials
006890.KS,태경케미컬,Equity,kr_kospi,South Korea,기초 화학물질 제조업,,Utilities
006980.KS,우성,Equity,kr_kospi,South Korea,"곡물가공품, 전분 및 전분제품 제조업",,Consumer Defensive
007070.KS,GS리테일,Equity,kr_kospi,South Korea,종합 소매업,,Consumer Cyclical
007110.KS,일신석재,Equity,kr_kospi,South Korea,"건축자재, 철물 및 난방장치 도매업",,Industrials
007120.KS,미래아이앤지,Equity,kr_kospi,South Korea,"컴퓨터 프로그래밍, 시스템 통합 및 관리업",,Industrials
007160.KS,사조산업,Equity,kr_kospi,South Korea,수산물 가공 및 저장 처리업,,Consumer Defensive
007210.KS,벽산,Equity,kr_kospi,South Korea,기타 비금속 광물제품 제조업,,Industrials
007280.KS,한국특강,Equity,kr_kospi,South Korea,1차 철강 제조업,,Basic Materials
007310.KS,오뚜기,Equity,kr_kospi,South Korea,기타 식품 제조업,,Consumer Defensive
007340.KS,DN오토모티브,Equity,kr_kospi,South Korea,일차전지 및 이차전지 제조업,,Consumer Cyclical
007460.KS,에이프로젠,Equity,kr_kospi,South Korea,기타 금속 가공제품 제조업,,Industrials
007540.KS,샘표,Equity,kr_kospi,South Korea,기타 금융업,,Consumer Defensive
007570.KS,일양약품,Equity,kr_kospi,South Korea,의약품 제조업,,Healthcare
007590.KS,동방아그로,Equity,kr_kospi,South Korea,"비료, 농약 및 살균, 살충제 제조업",,Basic Materials
007610.KS,선도전기,Equity,kr_kospi,South Korea,"전동기, 발전기 및 전기 변환 · 공급 · 제어 장치 제조업",,
007660.KS,이수페타시스,Equity,kr_kospi,South Korea,전자부품 제조업,,Technology
007690.KS,국도화학,Equity,kr_kospi,South Korea,기초 화학물질 제조업,,Basic Materials
007700.KS,F&F 홀딩스,Equity,kr_kospi,South Korea,기타 금융업,,Consumer Cyclical
007810.KS,코리아써키트,Equity,kr_kospi,South Korea,전자부품 제조업,,Technology
007860.KS,서연,Equity,kr_kospi,South Korea,기타 금융업,,Consumer Cyclical
007980.KS,TP,Equity,kr_kospi,South Korea,봉제의복 제조업,,Consumer Cyclical
008040.KS,사조동아원,Equity,kr_kospi,South Korea,"곡물가공품, 전분 및 전분제품 제조업",,Consumer Defensive
008060.KS,대덕,Equity,kr_kospi,South Korea,기타 금융업,,Technology
008110.KS,대동전자,Equity,kr_kospi,South Korea,통신 및 방송 장비 제조업,,Industrials
008250.KS,이건산업,Equity,kr_kospi,South Korea,나무제품 제조업,,Basic Materials
008260.KS,NI스틸,Equity,kr_kospi,South Korea,1차 철강 제조업,,Basic Materials
008350.KS,남선알미늄,Equity,kr_kospi,South Korea,1차 비철금속 제조업,,Industrials
008420.KS,문배철강,Equity,kr_kospi,South Korea,1차 철강 제조업,,Basic Materials
008490.KS,서흥,Equity,kr_kospi,South Korea,기타 화학제품 제조업,,Healthcare
008500.KS,일정실업,Equity,kr_kospi,South Korea,편조원단 제조업,,Consumer Cyclical
008600.KS,윌비스,Equity,kr_kospi,South Korea,생활용품 도매업,,Consumer Cyclical
008700.KS,아남전자,Equity,kr_kospi,South Korea,영상 및 음향기기 제조업,,Technology
008730.KS,율촌화학,Equity,kr_kospi,South Korea,플라스틱제품 제조업,,Consumer Cyclical
008770.KS,호텔신라,Equity,kr_kospi,South Korea,기타 상품 전문 소매업,,Consumer Cyclical
008870.KS,금비,Equity,kr_kospi,South Korea,유리 및 유리제품 제조업,,Consumer Cyclical
008930.KS,한미사이언스,Equity,kr_kospi,South Korea,기타 금융업,,Healthcare
008970.KS,KBI동양철관,Equity,kr_kospi,South Korea,1차 철강 제조업,,Basic Materials
009070.KS,케이씨티시,Equity,kr_kospi,South Korea,도로 화물 운송업,,Industrials
009140.KS,경인전자,Equity,kr_kospi,South Korea,전자부품 제조업,,Technology
009150.KS,삼성전기,Equity,kr_kospi,South Korea,전자부품 제조업,,Technology
009160.KS,SIMPAC,Equity,kr_kospi,South Korea,1차 철강 제조업,,Industrials
009180.KS,한솔로지스틱스,Equity,kr_kospi,South Korea,기타 운송관련 서비스업,,Industrials
009190.KS,대양금속,Equity,kr_kospi,South Korea,1차 철강 제조업,,Basic Materials
009200.KS,무림페이퍼,Equity,kr_kospi,South Korea,"펄프, 종이 및 판지 제조업",,Basic Materials
009240.KS,한샘,Equity,kr_kospi,South Korea,생활용품 도매업,,Consumer Cyclical
009270.KS,신원,Equity,kr_kospi,South Korea,봉제의복 제조업,,Consumer Cyclical
009290.KS,광동제약,Equity,kr_kospi,South Korea,의약품 제조업,,Consumer Defensive
009310.KS,참엔지니어링,Equity,kr_kospi,South Korea,특수 목적용 기계 제조업,,Technology
009320.KS,아진전자부품,Equity,kr_kospi,South Korea,자동차 신품 부품 제조업,,Consumer Cyclical
009410.KS,태영건설,Equity,kr_kospi,South Korea,토목 건설업,,Industrials
009420.KS,한올바이오파마,Equity,kr_kospi,South Korea,의약품 제조업,,Healthcare
009440.KS,KC그린홀딩스,Equity,kr_kospi,South Korea,기타 금융업,,Industrials
009450.KS,경동나비엔,Equity,kr_kospi,South Korea,가정용 기기 제조업,,Industrials
009460.KS,한창제지,Equity,kr_kospi,South Korea,"펄프, 종이 및 판지 제조업",,Basic Materials
009470.KS,삼화전기,Equity,kr_kospi,South Korea,전자부품 제조업,,Technology
009540.KS,HD한국조선해양,Equity,kr_kospi,South Korea,기타 금융업,,Industrials
009580.KS,무림P&P,Equity,kr_kospi,South Korea,"펄프, 종이 및 판지 제조업",,Basic Materials
009680.KS,모토닉,Equity,kr_kospi,South Korea,자동차 신품 부품 제조업,,Consumer Cyclical
009770.KS,삼정펄프,Equity,kr_kospi,South Korea,"펄프, 종이 및 판지 제조업",,Basic Materials
009810.KS,플레이그램,Equity,kr_kospi,South Korea,기타 전문 도매업,,Industrials
009830.KS,한화솔루션,Equity,kr_kospi,South Korea,기초 화학물질 제조업,,Technology
009900.KS,명신산업,Equity,kr_kospi,South Korea,자동차 신품 부품 제조업,,Consumer Cyclical
009970.KS,영원무역홀딩스,Equity,kr_kospi,South Korea,기타 금융업,,Consumer Cyclical
010040.KS,한국내화,Equity,kr_kospi,South Korea,"내화, 비내화 요업제품 제조업",,Industrials
010060.KS,OCI홀딩스,Equity,kr_kospi,South Korea,기타 금융업,,Financial Services
010100.KS,한국무브넥스,Equity,kr_kospi,South Korea,자동차 신품 부품 제조업,,Consumer Cyclical
010120.KS,엘에스일렉트릭,Equity,kr_kospi,South Korea,"전동기, 발전기 및 전기 변환 · 공급 · 제어 장치 제조업",,Industrials
010130.KS,고려아연,Equity,kr_kospi,South Korea,1차 비철금속 제조업,,Basic Materials
010140.KS,삼성중공업,Equity,kr_kospi,South Korea,선박 및 보트 건조업,,Industrials
010400.KS,우진아이엔에스,Equity,kr_kospi,South Korea,건물설비 설치 공사업,,Industrials
010580.KS,에스엠벡셀,Equity,kr_kospi,South Korea,자동차 신품 부품 제조업,,Consumer Cyclical
010640.KS,진양폴리우레탄,Equity,kr_kospi,South Korea,플라스틱제품 제조업,,Basic Materials
010660.KS,화천기계,Equity,kr_kospi,South Korea,특수 목적용 기계 제조업,,Industrials
010690.KS,화신,Equity,kr_kospi,South Korea,자동차 신품 부품 제조업,,Consumer Cyclical
010770.KS,평화홀딩스,Equity,kr_kospi,South Korea,자동차 신품 부품 제조업,,Industrials
010780.KS,아이에스동서,Equity,kr_kospi,South Korea,"시멘트, 석회, 플라스터 및 그 제품 제조업",,Industrials
010820.KS,퍼스텍,Equity,kr_kospi,South Korea,무기 및 총포탄 제조업,,Industrials
010950.KS,S-Oil,Equity,kr_kospi,South Korea,석유 정제품 제조업,,Energy
010960.KS,삼호개발,Equity,kr_kospi,South Korea,기반조성 및 시설물 축조관련 전문공사업,,Industrials
011000.KS,진원생명과학,Equity,kr_kospi,South Korea,의약품 제조업,,Healthcare
011070.KS,LG이노텍,Equity,kr_kospi,South Korea,전자부품 제조업,,Technology
011090.KS,에넥스,Equity,kr_kospi,South Korea,가구 제조업,,Consumer Cyclical
011150.KS,CJ씨푸드,Equity,kr_kospi,South Korea,기타 식품 제조업,,Consumer Defensive
011170.KS,롯데케미칼,Equity,kr_kospi,South Korea,기초 화학물질 제조업,,Basic Materials
011200.KS,HMM,Equity,kr_kospi,South Korea,해상 운송업,,Industrials
011210.KS,현대위아,Equity,kr_kospi,South Korea,자동차 신품 부품 제조업,,Consumer Cyclical
011230.KS,삼화전자공업,Equity,kr_kospi,South Korea,영상 및 음향기기 제조업,,Technology
011280.KS,태림포장,Equity,kr_kospi,South Korea,"골판지, 종이 상자 및 종이용기 제조업",,Consumer Cyclical
011300.KS,성안머티리얼스,Equity,kr_kospi,South Korea,직물직조 및 직물제품 제조업,,Consumer Cyclical
011330.KS,유니켐,Equity,kr_kospi,South Korea,"가죽, 가방 및 유사제품 제조업",,Consumer Cyclical
011390.KS,부산산업,Equity,kr_kospi,South Korea,"시멘트, 석회, 플라스터 및 그 제품 제조업",,Basic Materials
011420.KS,갤럭시아에스엠,Equity,kr_kospi,South Korea,스포츠 서비스업,,Communication Services
011500.KS,한농화성,Equity,kr_kospi,South Korea,기타 화학제품 제조업,,Basic Materials
011690.KS,와이투솔루션,Equity,kr_kospi,South Korea,반도체 제조업,,Technology
011700.KS,한신기계공업,Equity,kr_kospi,South Korea,일반 목적용 기계 제조업,,Industrials
011760.KS,현대코퍼레이션,Equity,kr_kospi,South Korea,상품 종합 도매업,,Industrials
011780.KS,금호석유화학,Equity,kr_kospi,South Korea,기초 화학물질 제조업,,Basic Materials
011790.KS,SKC,Equity,kr_kospi,South Korea,기타 화학제품 제조업,,Basic Materials
011810.KS,STX,Equity,kr_kospi,South Korea,상품 종합 도매업,,Industrials
011930.KS,신성이엔지,Equity,kr_kospi,South Korea,반도체 제조업,,Industrials
012030.KS,DB,Equity,kr_kospi,South Korea,"컴퓨터 프로그래밍, 시스템 통합 및 관리업",,Technology
012160.KS,영흥,Equity,kr_kospi,South Korea,1차 철강 제조업,,Basic Materials
012170.KS,아센디오,Equity,kr_kospi,South Korea,"영화, 비디오물, 방송프로그램 제작 및 배급업",,Communication Services
012200.KS,계양전기,Equity,kr_kospi,South Korea,일반 목적용 기계 제조업,,Industrials
012280.KS,영화금속,Equity,kr_kospi,South Korea,자동차 신품 부품 제조업,,Consumer Cyclical
012320.KS,경동인베스트,Equity,kr_kospi,South Korea,기타 금융업,,Utilities
012330.KS,현대모비스,Equity,kr_kospi,South Korea,자동차 신품 부품 제조업,,Consumer Cyclical
012450.KS,한화에어로스페이스,Equity,kr_kospi,South Korea,"항공기,우주선 및 부품 제조업",,Industrials
012510.KS,더존비즈온,Equity,kr_kospi,South Korea,"컴퓨터 프로그래밍, 시스템 통합 및 관리업",,Technology
012610.KS,경인양행,Equity,kr_kospi,South Korea,기초 화학물질 제조업,,Basic Materials
012630.KS,HDC,Equity,kr_kospi,South Korea,기타 금융업,,Industrials
012690.KS,모나리자,Equity,kr_kospi,South Korea,기타 종이 및 판지 제품 제조업,,Consumer Defensive
012750.KS,에스원,Equity,kr_kospi,South Korea,"경비, 경호 및 탐정업",,Industrials
012800.KS,대창,Equity,kr_kospi,South Korea,1차 비철금속 제조업,,Industrials
013000.KS,세우글로벌,Equity,kr_kospi,South Korea,기타 전문 도매업,,Basic Materials
013360.KS,일성건설,Equity,kr_kospi,South Korea,토목 건설업,,Industrials
013520.KS,화승코퍼레이션,Equity,kr_kospi,South Korea,자동차 신품 부품 제조업,,Consumer Cyclical
013570.KS,디와이,Equity,kr_kospi,South Korea,기타 금융업,,Consumer Cyclical
013580.KS,계룡건설산업,Equity,kr_kospi,South Korea,토목 건설업,,Industrials
013700.KS,까뮤이앤씨,Equity,kr_kospi,South Korea,건물 건설업,,Industrials
013870.KS,지엠비코리아,Equity,kr_kospi,South Korea,자동차 신품 부품 제조업,,Consumer Cyclical
013890.KS,지누스,Equity,kr_kospi,South Korea,가구 제조업,,Consumer Cyclical
014130.KS,한익스프레스,Equity,kr_kospi,South Korea,도로 화물 운송업,,Industrials
014160.KS,대영포장,Equity,kr_kospi,South Korea,"골판지, 종이 상자 및 종이용기 제조업",,Consumer Cyclical
014280.KS,금강공업,Equity,kr_kospi,South Korea,1차 철강 제조업,,Basic Materials
014440.KS,영보화학,Equity,kr_kospi,South Korea,플라스틱제품 제조업,,Basic Materials
014530.KS,극동유화,Equity,kr_kospi,South Korea,석유 정제품 제조업,,Basic Materials
014580.KS,태경비케이,Equity,kr_kospi,South Korea,"시멘트, 석회, 플라스터 및 그 제품 제조업",,Basic Materials
014680.KS,한솔케미칼,Equity,kr_kospi,South Korea,기초 화학물질 제조업,,Basic Materials
014710.KS,사조씨푸드,Equity,kr_kospi,South Korea,수산물 가공 및 저장 처리업,,Consumer Defensive
014790.KS,HL D&I,Equity,kr_kospi,South Korea,토목 건설업,,Industrials
014820.KS,동원시스템즈,Equity,kr_kospi,South Korea,플라스틱제품 제조업,,Consumer Cyclical
014830.KS,유니드,Equity,kr_kospi,South Korea,기초 화학물질 제조업,,Basic Materials
014910.KS,성문전자,Equity,kr_kospi,South Korea,전자부품 제조업,,Technology
014990.KS,인디에프,Equity,kr_kospi,South Korea,봉제의복 제조업,,Consumer Cyclical
015020.KS,이스타코,Equity,kr_kospi,South Korea,부동산 임대 및 공급업,,Industrials
015230.KS,대창단조,Equity,kr_kospi,South Korea,자동차 신품 부품 제조업,,Consumer Cyclical
015260.KS,에이엔피,Equity,kr_kospi,South Korea,전자부품 제조업,,Technology
015360.KS,INVENI,Equity,kr_kospi,South Korea,회사 본부 및 경영 컨설팅 서비스업,,Utilities
015590.KS,DKME,Equity,kr_kospi,South Korea,일반 목적용 기계 제조업,,Industrials
015760.KS,한국전력공사,Equity,kr_kospi,South Korea,전기업,,Utilities
015860.KS,일진홀딩스,Equity,kr_kospi,South Korea,기타 금융업,,Industrials
015890.KS,태경산업,Equity,kr_kospi,South Korea,기초 화학물질 제조업,,Basic Materials
016090.KS,대현,Equity,kr_kospi,South Korea,봉제의복 제조업,,Consumer Cyclical
016360.KS,삼성증권,Equity,kr_kospi,South Korea,금융 지원 서비스업,,Financial Services
016380.KS,KG스틸,Equity,kr_kospi,South Korea,1차 철강 제조업,,Basic Materials
016450.KS,한세예스24홀딩스,Equity,kr_kospi,South Korea,봉제의복 제조업,,Consumer Cyclical
016580.KS,환인제약,Equity,kr_kospi,South Korea,의약품 제조업,,Healthcare
016590.KS,신대양제지,Equity,kr_kospi,South Korea,"골판지, 종이 상자 및 종이용기 제조업",,Basic Materials
016610.KS,DB증권,Equity,kr_kospi,South Korea,금융 지원 서비스업,,Financial Services
016710.KS,대성홀딩스,Equity,kr_kospi,South Korea,회사 본부 및 경영 컨설팅 서비스업,,Utilities
016740.KS,두올,Equity,kr_kospi,South Korea,자동차 신품 부품 제조업,,Consumer Cyclical
016800.KS,퍼시스,Equity,kr_kospi,South Korea,가구 제조업,,Consumer Cyclical
016880.KS,웅진,Equity,kr_kospi,South Korea,회사 본부 및 경영 컨설팅 서비스업,,Industrials
017040.KS,광명전기,Equity,kr_kospi,South Korea,"전동기, 발전기 및 전기 변환 · 공급 · 제어 장치 제조업",,Industrials
017180.KS,명문제약,Equity,kr_kospi,South Korea,의약품 제조업,,Healthcare
017370.KS,우신시스템,Equity,kr_kospi,South Korea,특수 목적용 기계 제조업,,Consumer Cyclical
017390.KS,서울도시가스,Equity,kr_kospi,South Korea,연료용 가스 제조 및 배관공급업,,Utilities
017550.KS,수산세보틱스,Equity,kr_kospi,South Korea,특수 목적용 기계 제조업,,Industrials
017670.KS,SK텔레콤,Equity,kr_kospi,South Korea,전기 통신업,,Communication Services
017800.KS,현대엘리베이터,Equity,kr_kospi,South Korea,일반 목적용 기계 제조업,,Industrials
017810.KS,풀무원,Equity,kr_kospi,South Korea,기타 식품 제조업,,Consumer Defensive
017860.KS,DS단석,Equity,kr_kospi,South Korea,기타 화학제품 제조업,,Basic Materials
017900.KS,광전자,Equity,kr_kospi,South Korea,반도체 제조업,,Technology
017940.KS,E1,Equity,kr_kospi,South Korea,기타 전문 도매업,,Energy
017960.KS,한국카본,Equity,kr_kospi,South Korea,"구조용 금속제품, 탱크 및 증기발생기 제조업",,Basic Materials
018250.KS,애경산업,Equity,kr_kospi,South Korea,기타 화학제품 제조업,,Consumer Defensive
018260.KS,삼성에스디에스,Equity,kr_kospi,South Korea,"컴퓨터 프로그래밍, 시스템 통합 및 관리업",,Technology
018470.KS,조일알미늄,Equity,kr_kospi,South Korea,1차 비철금속 제조업,,Basic Materials
018500.KS,동원금속,Equity,kr_kospi,South Korea,자동차 신품 부품 제조업,,Consumer Cyclical
018670.KS,SK가스,Equity,kr_kospi,South Korea,기타 전문 도매업,,Energy
018880.KS,한온시스템,Equity,kr_kospi,South Korea,일반 목적용 기계 제조업,,Consumer Cyclical
019170.KS,신풍제약,Equity,kr_kospi,South Korea,의약품 제조업,,Healthcare
019180.KS,티에이치엔,Equity,kr_kospi,South Korea,기타 전기장비 제조업,,Consumer Cyclical
019490.KS,엑시큐어하이트론,Equity,kr_kospi,South Korea,영상 및 음향기기 제조업,,Industrials
019680.KS,대교,Equity,kr_kospi,South Korea,초등 교육기관,,Consumer Defensive
020000.KS,한섬,Equity,kr_kospi,South Korea,봉제의복 제조업,,Consumer Cyclical
020120.KS,키다리스튜디오,Equity,kr_kospi,South Korea,"자료처리, 호스팅, 포털 및 기타 인터넷 정보매개 서비스업",,Communication Services
020150.KS,롯데에너지머티리얼즈,Equity,kr_kospi,South Korea,전자부품 제조업,,Industrials
020560.KS,아시아나항공,Equity,kr_kospi,South Korea,항공 여객 운송업,,Industrials
020760.KS,일진디스플,Equity,kr_kospi,South Korea,반도체 제조업,,Technology
021050.KS,서원,Equity,kr_kospi,South Korea,금속 주조업,,Industrials
021240.KS,코웨이,Equity,kr_kospi,South Korea,그외 기타 개인 서비스업,,Consumer Cyclical
021820.KS,세원정공,Equity,kr_kospi,South Korea,자동차 신품 부품 제조업,,Consumer Cyclical
022100.KS,포스코DX,Equity,kr_kospi,South Korea,"건축기술, 엔지니어링 및 관련 기술 서비스업",,Technology
023000.KS,삼원강재,Equity,kr_kospi,South Korea,자동차 신품 부품 제조업,,Consumer Cyclical
023150.KS,MH에탄올,Equity,kr_kospi,South Korea,알코올음료 제조업,,Consumer Defensive
023350.KS,한국종합기술,Equity,kr_kospi,South Korea,"건축기술, 엔지니어링 및 관련 기술 서비스업",,Industrials
023450.KS,동남합성,Equity,kr_kospi,South Korea,기초 화학물질 제조업,,Basic Materials
023530.KS,롯데쇼핑,Equity,kr_kospi,South Korea,종합 소매업,,Consumer Cyclical
023590.KS,다우기술,Equity,kr_kospi,South Korea,"자료처리, 호스팅, 포털 및 기타 인터넷 정보매개 서비스업",,Technology
023800.KS,인지컨트롤스,Equity,kr_kospi,South Korea,자동차 신품 부품 제조업,,Consumer Cyclical
023810.KS,인팩,Equity,kr_kospi,South Korea,자동차 신품 부품 제조업,,Consumer Cyclical
023960.KS,에쓰씨엔지니어링,Equity,kr_kospi,South Korea,토목 건설업,,Industrials
024070.KS,WISCOM,Equity,kr_kospi,South Korea,플라스틱제품 제조업,,Basic Materials
024090.KS,디씨엠,Equity,kr_kospi,South Korea,1차 철강 제조업,,Basic Materials
024110.KS,기업은행,Equity,kr_kospi,South Korea,은행 및 저축기관,,Financial Services
024720.KS,콜마홀딩스,Equity,kr_kospi,South Korea,기타 금융업,,Consumer Defensive
024890.KS,대원화성,Equity,kr_kospi,South Korea,플라스틱제품 제조업,,Basic Materials
024900.KS,디와이덕양,Equity,kr_kospi,South Korea,자동차 신품 부품 제조업,,Consumer Cyclical
025000.KS,KPX케미칼,Equity,kr_kospi,South Korea,기초 화학물질 제조업,,Basic Materials
025530.KS,에스제이엠홀딩스,Equity,kr_kospi,South Korea,자동차 부품 및 내장품 판매업,,Consumer Cyclical
025540.KS,한국단자공업,Equity,kr_kospi,South Korea,"전동기, 발전기 및 전기 변환 · 공급 · 제어 장치 제조업",,Industrials
025560.KS,미래산업,Equity,kr_kospi,South Korea,"측정, 시험, 항해, 제어 및 기타 정밀기기 제조업; 광학기기 제외",,Technology
025620.KS,차AI헬스케어,Equity,kr_kospi,South Korea,기타 화학제품 제조업,,Consumer Defensive
025750.KS,한솔홈데코,Equity,kr_kospi,South Korea,제재 및 목재 가공업,,Consumer Cyclical
025820.KS,이구산업,Equity,kr_kospi,South Korea,1차 비철금속 제조업,,Industrials
025860.KS,남해화학,Equity,kr_kospi,South Korea,"비료, 농약 및 살균, 살충제 제조업",,Basic Materials
025890.KS,한국주강,Equity,kr_kospi,South Korea,특수 목적용 기계 제조업,,Basic Materials
026890.KS,스틱인베스트먼트,Equity,kr_kospi,South Korea,신탁업 및 집합투자업,,Financial Services
026940.KS,부국철강,Equity,kr_kospi,South Korea,1차 철강 제조업,,Basic Materials
026960.KS,동서,Equity,kr_kospi,South Korea,음·식료품 및 담배 도매업,,Consumer Defensive
027410.KS,BGF,Equity,kr_kospi,South Korea,기타 금융업,,Basic Materials
027740.KS,마니커,Equity,kr_kospi,South Korea,"도축, 육류 가공 및 저장 처리업",,Consumer Defensive
027970.KS,한국제지,Equity,kr_kospi,South Korea,"펄프, 종이 및 판지 제조업",,Basic Materials
028050.KS,삼성E&A,Equity,kr_kospi,South Korea,"건축기술, 엔지니어링 및 관련 기술 서비스업",,Industrials
028100.KS,동아지질,Equity,kr_kospi,South Korea,기반조성 및 시설물 축조관련 전문공사업,,Industrials
028260.KS,삼성물산,Equity,kr_kospi,South Korea,기타 전문 도매업,,Industrials
028670.KS,팬오션,Equity,kr_kospi,South Korea,해상 운송업,,Industrials
029460.KS,케이씨,Equity,kr_kospi,South Korea,"측정, 시험, 항해, 제어 및 기타 정밀기기 제조업; 광학기기 제외",,Technology
029530.KS,신도리코,Equity,kr_kospi,South Korea,컴퓨터 및 주변장치 제조업,,Industrials
029780.KS,삼성카드,Equity,kr_kospi,South Korea,기타 금융업,,Financial Services
030000.KS,제일기획,Equity,kr_kospi,South Korea,광고업,,Communication Services
030190.KS,NICE평가정보,Equity,kr_kospi,South Korea,기타 정보 서비스업,,Financial Services
030200.KS,케이티,Equity,kr_kospi,South Korea,전기 통신업,,Communication Services
030210.KS,다올투자증권,Equity,kr_kospi,South Korea,금융 지원 서비스업,,Financial Services
030610.KS,교보증권,Equity,kr_kospi,South Korea,금융 지원 서비스업,,Financial Services
030720.KS,동원수산,Equity,kr_kospi,South Korea,어로 어업,,Consumer Defensive
031210.KS,서울보증보험,Equity,kr_kospi,South Korea,보험업,,Financial Services
031430.KS,신세계인터내셔날,Equity,kr_kospi,South Korea,"섬유, 의복, 신발 및 가죽제품 소매업",,Consumer Cyclical
031440.KS,신세계푸드,Equity,kr_kospi,South Korea,음식점업,,Consumer Defensive
031820.KS,아이티센씨티에스,Equity,kr_kospi,South Korea,"컴퓨터 프로그래밍, 시스템 통합 및 관리업",,Technology
032350.KS,롯데관광개발,Equity,kr_kospi,South Korea,여행사 및 기타 여행보조 서비스업,,Consumer Cyclical
032560.KS,황금에스티,Equity,kr_kospi,South Korea,1차 비철금속 제조업,,Basic Materials
032640.KS,LG유플러스,Equity,kr_kospi,South Korea,전기 통신업,,Communication Services
032830.KS,삼성생명,Equity,kr_kospi,South Korea,보험업,,Financial Services
033240.KS,자화전자,Equity,kr_kospi,South Korea,전자부품 제조업,,Technology
033250.KS,체시스,Equity,kr_kospi,South Korea,자동차 신품 부품 제조업,,Consumer Cyclical
033270.KS,유나이티드,Equity,kr_kospi,South Korea,의약품 제조업,,Healthcare
033530.KS,SJG세종,Equity,kr_kospi,South Korea,자동차 신품 부품 제조업,,Consumer Cyclical
033780.KS,케이티앤지,Equity,kr_kospi,South Korea,담배 제조업,,Consumer Defensive
033920.KS,무학,Equity,kr_kospi,South Korea,알코올음료 제조업,,Consumer Defensive
034020.KS,두산에너빌리티,Equity,kr_kospi,South Korea,일반 목적용 기계 제조업,,Industrials
034120.KS,SBS,Equity,kr_kospi,South Korea,텔레비전 방송업,,Communication Services
034220.KS,LG디스플레이,Equity,kr_kospi,South Korea,전자부품 제조업,,Technology
034230.KS,파라다이스,Equity,kr_kospi,South Korea,유원지 및 기타 오락관련 서비스업,,Consumer Cyclical
034310.KS,NICE,Equity,kr_kospi,South Korea,회사 본부 및 경영 컨설팅 서비스업,,Financial Services
034590.KS,인천도시가스,Equity,kr_kospi,South Korea,연료용 가스 제조 및 배관공급업,,Utilities
034730.KS,SK,Equity,kr_kospi,South Korea,기타 금융업,,Industrials
034830.KS,한국토지신탁,Equity,kr_kospi,South Korea,신탁업 및 집합투자업,,Real Estate
035000.KS,HS애드,Equity,kr_kospi,South Korea,광고업,,Communication Services
035150.KS,백산,Equity,kr_kospi,South Korea,플라스틱제품 제조업,,Consumer Cyclical
035250.KS,강원랜드,Equity,kr_kospi,South Korea,유원지 및 기타 오락관련 서비스업,,Consumer Cyclical
035420.KS,NAVER,Equity,kr_kospi,South Korea,"자료처리, 호스팅, 포털 및 기타 인터넷 정보매개 서비스업",,Communication Services
035510.KS,신세계I&C,Equity,kr_kospi,South Korea,"컴퓨터 프로그래밍, 시스템 통합 및 관리업",,Technology
035720.KS,카카오,Equity,kr_kospi,South Korea,"자료처리, 호스팅, 포털 및 기타 인터넷 정보매개 서비스업",,Communication Services
036420.KS,콘텐트리중앙,Equity,kr_kospi,South Korea,"영화, 비디오물, 방송프로그램 제작 및 배급업",,Communication Services
036460.KS,한국가스공사,Equity,kr_kospi,South Korea,연료용 가스 제조 및 배관공급업,,Utilities
036530.KS,SNT홀딩스,Equity,kr_kospi,South Korea,기타 금융업,,Industrials
036570.KS,엔씨소프트,Equity,kr_kospi,South Korea,소프트웨어 개발 및 공급업,,Communication Services
036580.KS,팜스코,Equity,kr_kospi,South Korea,"곡물가공품, 전분 및 전분제품 제조업",,Consumer Defensive
037270.KS,YG PLUS,Equity,kr_kospi,South Korea,"자료처리, 호스팅, 포털 및 기타 인터넷 정보매개 서비스업",,Communication Services
037560.KS,LG헬로비전,Equity,kr_kospi,South Korea,텔레비전 방송업,,Communication Services
037710.KS,광주신세계,Equity,kr_kospi,South Korea,종합 소매업,,Consumer Cyclical
039130.KS,하나투어,Equity,kr_kospi,South Korea,여행사 및 기타 여행보조 서비스업,,Consumer Cyclical
039490.KS,키움증권,Equity,kr_kospi,South Korea,금융 지원 서비스업,,Financial Services
039570.KS,HDC랩스,Equity,kr_kospi,South Korea,전기 및 통신 공사업,,Technology
041650.KS,상신브레이크,Equity,kr_kospi,South Korea,자동차 신품 부품 제조업,,Consumer Cyclical
042660.KS,한화오션,Equity,kr_kospi,South Korea,선박 및 보트 건조업,,Industrials
042700.KS,한미반도체,Equity,kr_kospi,South Korea,특수 목적용 기계 제조업,,Technology
044380.KS,주연테크,Equity,kr_kospi,South Korea,컴퓨터 및 주변장치 제조업,,Technology
044450.KS,KSS해운,Equity,kr_kospi,South Korea,해상 운송업,,Industrials
044820.KS,코스맥스비티아이,Equity,kr_kospi,South Korea,기타 금융업,,Consumer Defensive
047040.KS,대우건설,Equity,kr_kospi,South Korea,건물 건설업,,Industrials
047050.KS,포스코인터내셔널,Equity,kr_kospi,South Korea,상품 중개업,,Industrials
047400.KS,유니온머티리얼,Equity,kr_kospi,South Korea,"내화, 비내화 요업제품 제조업",,Industrials
047810.KS,한국항공우주,Equity,kr_kospi,South Korea,"항공기,우주선 및 부품 제조업",,Industrials
049800.KS,우진플라임,Equity,kr_kospi,South Korea,특수 목적용 기계 제조업,,Industrials
051600.KS,한전KPS,Equity,kr_kospi,South Korea,전기 및 통신 공사업,,Industrials
051630.KS,진양화학,Equity,kr_kospi,South Korea,플라스틱제품 제조업,,Basic Materials
051900.KS,LG생활건강,Equity,kr_kospi,South Korea,기타 화학제품 제조업,,Consumer Defensive
051910.KS,LG화학,Equity,kr_kospi,South Korea,기초 화학물질 제조업,,Basic Materials
052690.KS,한전기술,Equity,kr_kospi,South Korea,"건축기술, 엔지니어링 및 관련 기술 서비스업",,Industrials
053210.KS,케이티스카이라이프,Equity,kr_kospi,South Korea,텔레비전 방송업,,Communication Services
053690.KS,한미글로벌,Equity,kr_kospi,South Korea,"건축기술, 엔지니어링 및 관련 기술 서비스업",,Industrials
055490.KS,테이팩스,Equity,kr_kospi,South Korea,플라스틱제품 제조업,,Basic Materials
055550.KS,신한지주,Equity,kr_kospi,South Korea,기타 금융업,,Financial Services
057050.KS,현대홈쇼핑,Equity,kr_kospi,South Korea,무점포 소매업,,Consumer Cyclical
058430.KS,포스코스틸리온,Equity,kr_kospi,South Korea,1차 철강 제조업,,Industrials
058650.KS,세아홀딩스,Equity,kr_kospi,South Korea,1차 철강 제조업,,Basic Materials
058730.KS,다스코,Equity,kr_kospi,South Korea,"구조용 금속제품, 탱크 및 증기발생기 제조업",,Basic Materials
058850.KS,KTcs,Equity,kr_kospi,South Korea,기타 정보 서비스업,,Industrials
058860.KS,KTis,Equity,kr_kospi,South Korea,기타 정보 서비스업,,Communication Services
060980.KS,HL홀딩스,Equity,kr_kospi,South Korea,기타 금융업,,Consumer Cyclical
062040.KS,산일전기,Equity,kr_kospi,South Korea,"전동기, 발전기 및 전기 변환 · 공급 · 제어 장치 제조업",,Industrials
063160.KS,종근당바이오,Equity,kr_kospi,South Korea,의약품 제조업,,Healthcare
064350.KS,현대로템,Equity,kr_kospi,South Korea,철도장비 제조업,,Industrials
064400.KS,LG씨엔에스,Equity,kr_kospi,South Korea,"컴퓨터 프로그래밍, 시스템 통합 및 관리업",,Technology
064960.KS,SNT모티브,Equity,kr_kospi,South Korea,자동차 신품 부품 제조업,,Consumer Cyclical
066570.KS,LG전자,Equity,kr_kospi,South Korea,통신 및 방송 장비 제조업,,Technology
066970.KS,엘앤에프,Equity,kr_kospi,South Korea,일차전지 및 이차전지 제조업,,Industrials
067830.KS,세이브존I&C,Equity,kr_kospi,South Korea,종합 소매업,,Consumer Cyclical
068270.KS,셀트리온,Equity,kr_kospi,South Korea,기초 의약물질 제조업,,Healthcare
068290.KS,삼성출판사,Equity,kr_kospi,South Korea,"서적, 잡지 및 기타 인쇄물 출판업",,Communication Services
069260.KS,티케이지휴켐스,Equity,kr_kospi,South Korea,기타 화학제품 제조업,,Basic Materials
069460.KS,대호에이엘,Equity,kr_kospi,South Korea,1차 비철금속 제조업,,Basic Materials
069620.KS,대웅제약,Equity,kr_kospi,South Korea,의약품 제조업,,Healthcare
069640.KS,한세엠케이,Equity,kr_kospi,South Korea,"섬유, 의복, 신발 및 가죽제품 소매업",,Consumer Cyclical
069730.KS,DSR제강,Equity,kr_kospi,South Korea,1차 철강 제조업,,Industrials
069960.KS,현대백화점,Equity,kr_kospi,South Korea,종합 소매업,,Consumer Cyclical
070960.KS,모나용평,Equity,kr_kospi,South Korea,일반 및 생활 숙박시설 운영업,,Consumer Cyclical
071050.KS,한국금융지주,Equity,kr_kospi,South Korea,기타 금융업,,Financial Services
071090.KS,하이스틸,Equity,kr_kospi,South Korea,1차 철강 제조업,,Basic Materials
071320.KS,지역난방공사,Equity,kr_kospi,South Korea,"증기, 냉·온수 및 공기조절 공급업",,Utilities
071840.KS,롯데하이마트,Equity,kr_kospi,South Korea,가전제품 및 정보통신장비 소매업,,Consumer Cyclical
071950.KS,코아스,Equity,kr_kospi,South Korea,가구 제조업,,Consumer Cyclical
071970.KS,HD현대마린엔진,Equity,kr_kospi,South Korea,일반 목적용 기계 제조업,,Industrials
072130.KS,유엔젤,Equity,kr_kospi,South Korea,"자료처리, 호스팅, 포털 및 기타 인터넷 정보매개 서비스업",,Communication Services
072710.KS,농심홀딩스,Equity,kr_kospi,South Korea,기타 금융업,,Consumer Defensive
073240.KS,금호타이어,Equity,kr_kospi,South Korea,고무제품 제조업,,Consumer Cyclical
074610.KS,이엔플러스,Equity,kr_kospi,South Korea,일반 목적용 기계 제조업,,Industrials
075180.KS,새론오토모티브,Equity,kr_kospi,South Korea,자동차 신품 부품 제조업,,Consumer Cyclical
075580.KS,세진중공업,Equity,kr_kospi,South Korea,선박 및 보트 건조업,,Industrials
077500.KS,유니퀘스트,Equity,kr_kospi,South Korea,기계장비 및 관련 물품 도매업,,Technology
077970.KS,STX엔진,Equity,kr_kospi,South Korea,일반 목적용 기계 제조업,,Industrials
078000.KS,텔코웨어,Equity,kr_kospi,South Korea,"자료처리, 호스팅, 포털 및 기타 인터넷 정보매개 서비스업",,Communication Services
078520.KS,에이블씨엔씨,Equity,kr_kospi,South Korea,기타 화학제품 제조업,,Consumer Defensive
078930.KS,GS,Equity,kr_kospi,South Korea,기타 금융업,,Industrials
079160.KS,CJ CGV,Equity,kr_kospi,South Korea,"영화, 비디오물, 방송프로그램 제작 및 배급업",,Communication Services
079430.KS,현대리바트,Equity,kr_kospi,South Korea,가구 제조업,,Consumer Cyclical
079550.KS,LIG넥스원,Equity,kr_kospi,South Korea,무기 및 총포탄 제조업,,Industrials
079900.KS,전진건설로봇,Equity,kr_kospi,South Korea,특수 목적용 기계 제조업,,Industrials
079980.KS,휴비스,Equity,kr_kospi,South Korea,화학섬유 제조업,,Consumer Cyclical
081000.KS,일진다이아,Equity,kr_kospi,South Korea,기타 화학제품 제조업,,Industrials
081660.KS,미스토홀딩스,Equity,kr_kospi,South Korea,생활용품 도매업,,Consumer Cyclical
082640.KS,동양생명,Equity,kr_kospi,South Korea,보험업,,Financial Services
082740.KS,한화엔진,Equity,kr_kospi,South Korea,일반 목적용 기계 제조업,,Industrials
083420.KS,그린케미칼,Equity,kr_kospi,South Korea,기타 화학제품 제조업,,Basic Materials
084010.KS,대한제강,Equity,kr_kospi,South Korea,1차 철강 제조업,,Basic Materials
084670.KS,동양고속,Equity,kr_kospi,South Korea,육상 여객 운송업,,Industrials
084680.KS,이월드,Equity,kr_kospi,South Korea,귀금속 및 장신용품 제조업,,Consumer Cyclical
084690.KS,대상홀딩스,Equity,kr_kospi,South Korea,기타 금융업,,Consumer Defensive
084870.KS,티비에이치글로벌,Equity,kr_kospi,South Korea,봉제의복 제조업,,Consumer Cyclical
085310.KS,엔케이,Equity,kr_kospi,South Korea,"구조용 금속제품, 탱크 및 증기발생기 제조업",,Industrials
085620.KS,미래에셋생명,Equity,kr_kospi,South Korea,보험업,,Financial Services
086280.KS,현대글로비스,Equity,kr_kospi,South Korea,기타 운송관련 서비스업,,Industrials
086790.KS,하나금융지주,Equity,kr_kospi,South Korea,기타 금융업,,Financial Services
088260.KS,이리츠코크렙,Equity,kr_kospi,South Korea,부동산 임대 및 공급업,,Real Estate
088350.KS,한화생명,Equity,kr_kospi,South Korea,보험업,,Financial Services
088790.KS,진도,Equity,kr_kospi,South Korea,기타 전문 도매업,,Consumer Cyclical
088980.KS,맥쿼리인프라,Equity,kr_kospi,South Korea,신탁업 및 집합투자업,,
089470.KS,HDC현대EP,Equity,kr_kospi,South Korea,기타 화학제품 제조업,,Consumer Cyclical
089590.KS,제주항공,Equity,kr_kospi,South Korea,항공 여객 운송업,,Industrials
089860.KS,롯데렌탈,Equity,kr_kospi,South Korea,운송장비 임대업,,Industrials
090080.KS,평화산업,Equity,kr_kospi,South Korea,자동차 신품 부품 제조업,,Consumer Cyclical
090350.KS,노루페인트,Equity,kr_kospi,South Korea,기타 화학제품 제조업,,Basic Materials
090370.KS,메타랩스,Equity,kr_kospi,South Korea,봉제의복 제조업,,Consumer Cyclical
090430.KS,아모레퍼시픽,Equity,kr_kospi,South Korea,기타 화학제품 제조업,,Consumer Defensive
090460.KS,비에이치,Equity,kr_kospi,South Korea,전자부품 제조업,,Technology
091810.KS,티웨이항공,Equity,kr_kospi,South Korea,항공 여객 운송업,,Industrials
092200.KS,디아이씨,Equity,kr_kospi,South Korea,자동차 신품 부품 제조업,,Consumer Cyclical
092220.KS,KEC,Equity,kr_kospi,South Korea,반도체 제조업,,Technology
092230.KS,KPX홀딩스,Equity,kr_kospi,South Korea,기초 화학물질 제조업,,Industrials
092440.KS,기신정기,Equity,kr_kospi,South Korea,특수 목적용 기계 제조업,,Industrials
092780.KS,DYP,Equity,kr_kospi,South Korea,자동차용 엔진 및 자동차 제조업,,Consumer Cyclical
092790.KS,넥스틸,Equity,kr_kospi,South Korea,1차 철강 제조업,,Industrials
093050.KS,LF,Equity,kr_kospi,South Korea,봉제의복 제조업,,Consumer Cyclical
093240.KS,형지엘리트,Equity,kr_kospi,South Korea,봉제의복 제조업,,Consumer Cyclical
093370.KS,후성,Equity,kr_kospi,South Korea,기초 화학물질 제조업,,Basic Materials
094280.KS,효성 ITX,Equity,kr_kospi,South Korea,기타 사업지원 서비스업,,Technology
094800.KS,맵스리얼티,Equity,kr_kospi,South Korea,신탁업 및 집합투자업,,
095570.KS,AJ네트웍스,Equity,kr_kospi,South Korea,산업용 기계 및 장비 임대업,,Industrials
095720.KS,웅진씽크빅,Equity,kr_kospi,South Korea,초등 교육기관,,Communication Services
096760.KS,JW홀딩스,Equity,kr_kospi,South Korea,기타 금융업,,Healthcare
096770.KS,SK이노베이션,Equity,kr_kospi,South Korea,석유 정제품 제조업,,Energy
097230.KS,HJ중공업,Equity,kr_kospi,South Korea,토목 건설업,,Industrials
097520.KS,엠씨넥스,Equity,kr_kospi,South Korea,영상 및 음향기기 제조업,,Technology
097950.KS,CJ제일제당,Equity,kr_kospi,South Korea,기타 식품 제조업,,Consumer Defensive
100090.KS,SK오션플랜트,Equity,kr_kospi,South Korea,1차 철강 제조업,,Industrials
100220.KS,비상교육,Equity,kr_kospi,South Korea,"서적, 잡지 및 기타 인쇄물 출판업",,Communication Services
100250.KS,진양홀딩스,Equity,kr_kospi,South Korea,플라스틱제품 제조업,,Basic Materials
100840.KS,SNT에너지,Equity,kr_kospi,South Korea,일반 목적용 기계 제조업,,Industrials
101140.KS,인바이오젠,Equity,kr_kospi,South Korea,기계장비 및 관련 물품 도매업,,Consumer Cyclical
101530.KS,해태제과식품,Equity,kr_kospi,South Korea,기타 식품 제조업,,Consumer Defensive
102260.KS,동성케미컬,Equity,kr_kospi,South Korea,합성고무 및 플라스틱 물질 제조업,,Basic Materials
102460.KS,이연제약,Equity,kr_kospi,South Korea,의약품 제조업,,Healthcare
103140.KS,풍산,Equity,kr_kospi,South Korea,1차 비철금속 제조업,,Industrials
103590.KS,일진전기,Equity,kr_kospi,South Korea,절연선 및 케이블 제조업,,Industrials
104700.KS,한국철강,Equity,kr_kospi,South Korea,1차 철강 제조업,,Basic Materials
105560.KS,KB금융,Equity,kr_kospi,South Korea,기타 금융업,,Financial Services
105630.KS,한세실업,Equity,kr_kospi,South Korea,봉제의복 제조업,,Consumer Cyclical
105840.KS,우진,Equity,kr_kospi,South Korea,"측정, 시험, 항해, 제어 및 기타 정밀기기 제조업; 광학기기 제외",,Technology
107590.KS,미원홀딩스,Equity,kr_kospi,South Korea,기타 금융업,,Basic Materials
108320.KS,LX세미콘,Equity,kr_kospi,South Korea,반도체 제조업,,Technology
108670.KS,LX하우시스,Equity,kr_kospi,South Korea,플라스틱제품 제조업,,Industrials
109070.KS,주성코퍼레이션,Equity,kr_kospi,South Korea,통신 및 방송 장비 제조업,,Technology
111110.KS,호전실업,Equity,kr_kospi,South Korea,봉제의복 제조업,,Consumer Cyclical
111380.KS,동인기연,Equity,kr_kospi,South Korea,"가죽, 가방 및 유사제품 제조업",,Consumer Cyclical
111770.KS,영원무역,Equity,kr_kospi,South Korea,상품 종합 도매업,,Consumer Cyclical
112610.KS,씨에스윈드,Equity,kr_kospi,South Korea,"구조용 금속제품, 탱크 및 증기발생기 제조업",,Industrials
114090.KS,GKL,Equity,kr_kospi,South Korea,유원지 및 기타 오락관련 서비스업,,Consumer Cyclical
117580.KS,대성에너지,Equity,kr_kospi,South Korea,연료용 가스 제조 및 배관공급업,,Utilities
118000.KS,메타케어,Equity,kr_kospi,South Korea,기계장비 및 관련 물품 도매업,,Healthcare
119650.KS,KC코트렐,Equity,kr_kospi,South Korea,일반 목적용 기계 제조업,,Industrials
120030.KS,조선선재,Equity,kr_kospi,South Korea,기타 금속 가공제품 제조업,,Industrials
120110.KS,코오롱인더,Equity,kr_kospi,South Korea,화학섬유 제조업,,Basic Materials
122900.KS,아이마켓코리아,Equity,kr_kospi,South Korea,상품 종합 도매업,,Industrials
123690.KS,한국화장품,Equity,kr_kospi,South Korea,생활용품 도매업,,Consumer Defensive
123700.KS,에스제이엠,Equity,kr_kospi,South Korea,자동차 신품 부품 제조업,,Consumer Cyclical
123890.KS,한국자산신탁,Equity,kr_kospi,South Korea,신탁업 및 집합투자업,,Real Estate
126560.KS,현대퓨처넷,Equity,kr_kospi,South Korea,전기 통신업,,Communication Services
126720.KS,수산인더스트리,Equity,kr_kospi,South Korea,건물설비 설치 공사업,,Industrials
128820.KS,대성산업,Equity,kr_kospi,South Korea,연료 소매업,,Energy
128940.KS,한미약품,Equity,kr_kospi,South Korea,의약품 제조업,,Healthcare
129260.KS,인터지스,Equity,kr_kospi,South Korea,도로 화물 운송업,,Industrials
130660.KS,한전산업,Equity,kr_kospi,South Korea,"건축기술, 엔지니어링 및 관련 기술 서비스업",,Utilities
133820.KS,화인베스틸,Equity,kr_kospi,South Korea,1차 철강 제조업,,Basic Materials
134380.KS,미원화학,Equity,kr_kospi,South Korea,기타 화학제품 제조업,,Basic Materials
134790.KS,시디즈,Equity,kr_kospi,South Korea,가구 제조업,,Consumer Cyclical
136490.KS,선진,Equity,kr_kospi,South Korea,동물용 사료 및 조제식품 제조업,,Consumer Defensive
137310.KS,에스디바이오센서,Equity,kr_kospi,South Korea,의료용 기기 제조업,,Healthcare
138040.KS,메리츠금융지주,Equity,kr_kospi,South Korea,기타 금융업,,Financial Services
138490.KS,코오롱ENP,Equity,kr_kospi,South Korea,합성고무 및 플라스틱 물질 제조업,,Basic Materials
138930.KS,BNK금융지주,Equity,kr_kospi,South Korea,기타 금융업,,Financial Services
139130.KS,iM금융지주,Equity,kr_kospi,South Korea,기타 금융업,,Financial Services
139480.KS,이마트,Equity,kr_kospi,South Korea,종합 소매업,,Consumer Defensive
139990.KS,아주스틸,Equity,kr_kospi,South Korea,1차 철강 제조업,,Basic Materials
140910.KS,에이리츠,Equity,kr_kospi,South Korea,부동산 임대 및 공급업,,
143210.KS,핸즈코퍼레이션,Equity,kr_kospi,South Korea,자동차 신품 부품 제조업,,Consumer Cyclical
145210.KS,다이나믹디자인,Equity,kr_kospi,South Korea,특수 목적용 기계 제조업,,Industrials
145270.KS,케이탑리츠,Equity,kr_kospi,South Korea,부동산 임대 및 공급업,,Real Estate
145720.KS,덴티움,Equity,kr_kospi,South Korea,의료용 기기 제조업,,Healthcare
145990.KS,삼양사,Equity,kr_kospi,South Korea,기타 식품 제조업,,Consumer Defensive
152550.KS,한국ANKOR유전,Equity,kr_kospi,South Korea,신탁업 및 집합투자업,,
155660.KS,DSR,Equity,kr_kospi,South Korea,1차 비철금속 제조업,,Consumer Cyclical
161000.KS,애경케미칼,Equity,kr_kospi,South Korea,기초 화학물질 제조업,,Basic Materials
161390.KS,한국타이어앤테크놀로지,Equity,kr_kospi,South Korea,고무제품 제조업,,Consumer Cyclical
161890.KS,한국콜마,Equity,kr_kospi,South Korea,기타 화학제품 제조업,,Consumer Defensive
163560.KS,동일고무벨트,Equity,kr_kospi,South Korea,고무제품 제조업,,Consumer Cyclical
170900.KS,동아에스티,Equity,kr_kospi,South Korea,의약품 제조업,,Healthcare
175330.KS,JB금융지주,Equity,kr_kospi,South Korea,기타 금융업,,Financial Services
178920.KS,PI첨단소재,Equity,kr_kospi,South Korea,플라스틱제품 제조업,,Basic Materials
180640.KS,한진칼,Equity,kr_kospi,South Korea,기타 금융업,,Consumer Cyclical
181710.KS,NHN,Equity,kr_kospi,South Korea,소프트웨어 개발 및 공급업,,Communication Services
183190.KS,아세아시멘트,Equity,kr_kospi,South Korea,"시멘트, 석회, 플라스터 및 그 제품 제조업",,Basic Materials
185750.KS,종근당,Equity,kr_kospi,South Korea,의약품 제조업,,Healthcare
192080.KS,더블유게임즈,Equity,kr_kospi,South Korea,소프트웨어 개발 및 공급업,,Communication Services
192400.KS,쿠쿠홀딩스,Equity,kr_kospi,South Korea,기타 금융업,,Consumer Cyclical
192650.KS,드림텍,Equity,kr_kospi,South Korea,전자부품 제조업,,Technology
192820.KS,코스맥스,Equity,kr_kospi,South Korea,기타 화학제품 제조업,,Consumer Defensive
194370.KS,제이에스코퍼레이션,Equity,kr_kospi,South Korea,"가죽, 가방 및 유사제품 제조업",,Consumer Cyclical
195870.KS,해성디에스,Equity,kr_kospi,South Korea,전자부품 제조업,,Technology
200880.KS,서연이화,Equity,kr_kospi,South Korea,자동차 신품 부품 제조업,,Consumer Cyclical
204210.KS,스타에스엠리츠,Equity,kr_kospi,South Korea,부동산 임대 및 공급업,,Real Estate
204320.KS,HL만도,Equity,kr_kospi,South Korea,자동차 신품 부품 제조업,,Consumer Cyclical
207940.KS,삼성바이오로직스,Equity,kr_kospi,South Korea,기초 의약물질 제조업,,Healthcare
210540.KS,디와이파워,Equity,kr_kospi,South Korea,특수 목적용 기계 제조업,,Industrials
210980.KS,SK디앤디,Equity,kr_kospi,South Korea,부동산 임대 및 공급업,,Real Estate
213500.KS,한솔제지,Equity,kr_kospi,South Korea,"펄프, 종이 및 판지 제조업",,Basic Materials
214320.KS,이노션,Equity,kr_kospi,South Korea,광고업,,Communication Services
214330.KS,금호에이치티,Equity,kr_kospi,South Korea,자동차 신품 부품 제조업,,Consumer Cyclical
214390.KS,경보제약,Equity,kr_kospi,South Korea,기초 의약물질 제조업,,Healthcare
214420.KS,토니모리,Equity,kr_kospi,South Korea,기타 화학제품 제조업,,Consumer Defensive
217590.KS,티엠씨,Equity,kr_kospi,South Korea,절연선 및 케이블 제조업,,Industrials
226320.KS,잇츠한불,Equity,kr_kospi,South Korea,기타 화학제품 제조업,,Consumer Defensive
227840.KS,현대코퍼레이션홀딩스,Equity,kr_kospi,South Korea,음·식료품 및 담배 도매업,,Consumer Defensive
229640.KS,LS에코에너지,Equity,kr_kospi,South Korea,기타 금융업,,Industrials
234080.KS,JW생명과학,Equity,kr_kospi,South Korea,의약품 제조업,,Healthcare
241560.KS,두산밥캣,Equity,kr_kospi,South Korea,특수 목적용 기계 제조업,,Industrials
241590.KS,화승엔터프라이즈,Equity,kr_kospi,South Korea,신발 및 신발 부분품 제조업,,Consumer Cyclical
244920.KS,에이플러스에셋,Equity,kr_kospi,South Korea,보험 및 연금관련 서비스업,,Financial Services
248070.KS,솔루엠,Equity,kr_kospi,South Korea,전자부품 제조업,,Technology
248170.KS,샘표식품,Equity,kr_kospi,South Korea,기타 식품 제조업,,Consumer Defensive
249420.KS,일동제약,Equity,kr_kospi,South Korea,의약품 제조업,,Healthcare
251270.KS,넷마블,Equity,kr_kospi,South Korea,소프트웨어 개발 및 공급업,,Communication Services
259960.KS,크래프톤,Equity,kr_kospi,South Korea,소프트웨어 개발 및 공급업,,Communication Services
264900.KS,크라운제과,Equity,kr_kospi,South Korea,"떡, 빵 및 과자류 제조업",,Consumer Defensive
267250.KS,HD현대,Equity,kr_kospi,South Korea,기타 금융업,,Energy
267260.KS,HD현대일렉트릭,Equity,kr_kospi,South Korea,"전동기, 발전기 및 전기 변환 · 공급 · 제어 장치 제조업",,Industrials
267270.KS,HD건설기계,Equity,kr_kospi,South Korea,일반 목적용 기계 제조업,,Industrials
267290.KS,경동도시가스,Equity,kr_kospi,South Korea,연료용 가스 제조 및 배관공급업,,Utilities
267850.KS,아시아나IDT,Equity,kr_kospi,South Korea,"컴퓨터 프로그래밍, 시스템 통합 및 관리업",,Technology
268280.KS,미원에스씨,Equity,kr_kospi,South Korea,기초 화학물질 제조업,,Basic Materials
271560.KS,오리온,Equity,kr_kospi,South Korea,기타 식품 제조업,,Consumer Defensive
271940.KS,일진하이솔루스,Equity,kr_kospi,South Korea,그외 기타 운송장비 제조업,,Consumer Cyclical
271980.KS,제일약품,Equity,kr_kospi,South Korea,의약품 제조업,,Healthcare
272210.KS,한화시스템,Equity,kr_kospi,South Korea,전자부품 제조업,,Industrials
272450.KS,진에어,Equity,kr_kospi,South Korea,항공 여객 운송업,,Industrials
272550.KS,삼양패키징,Equity,kr_kospi,South Korea,플라스틱제품 제조업,,Consumer Cyclical
278470.KS,에이피알,Equity,kr_kospi,South Korea,기타 화학제품 제조업,,Consumer Defensive
279570.KS,케이뱅크,Equity,kr_kospi,South Korea,은행 및 저축기관,,Financial Services
280360.KS,롯데웰푸드,Equity,kr_kospi,South Korea,기타 식품 제조업,,Consumer Defensive
281820.KS,케이씨텍,Equity,kr_kospi,South Korea,"측정, 시험, 항해, 제어 및 기타 정밀기기 제조업; 광학기기 제외",,Technology
282330.KS,BGF리테일,Equity,kr_kospi,South Korea,종합 소매업,,Consumer Defensive
284740.KS,쿠쿠홈시스,Equity,kr_kospi,South Korea,개인 및 가정용품 임대업,,Industrials
285130.KS,SK케미칼,Equity,kr_kospi,South Korea,합성고무 및 플라스틱 물질 제조업,,Basic Materials
286940.KS,롯데이노베이트,Equity,kr_kospi,South Korea,"컴퓨터 프로그래밍, 시스템 통합 및 관리업",,Technology
293480.KS,하나제약,Equity,kr_kospi,South Korea,의약품 제조업,,Healthcare
293940.KS,신한알파리츠,Equity,kr_kospi,South Korea,부동산 임대 및 공급업,,Real Estate
294870.KS,HDC현대산업개발,Equity,kr_kospi,South Korea,건물 건설업,,Industrials
298000.KS,효성화학,Equity,kr_kospi,South Korea,기초 화학물질 제조업,,Basic Materials
298020.KS,효성티앤씨,Equity,kr_kospi,South Korea,화학섬유 제조업,,Consumer Cyclical
298040.KS,효성중공업,Equity,kr_kospi,South Korea,"전동기, 발전기 및 전기 변환 · 공급 · 제어 장치 제조업",,Industrials
298050.KS,HS효성첨단소재,Equity,kr_kospi,South Korea,화학섬유 제조업,,Consumer Cyclical
298690.KS,에어부산,Equity,kr_kospi,South Korea,항공 여객 운송업,,Industrials
300720.KS,한일시멘트,Equity,kr_kospi,South Korea,"시멘트, 석회, 플라스터 및 그 제품 제조업",,Basic Materials
302440.KS,SK바이오사이언스,Equity,kr_kospi,South Korea,기초 의약물질 제조업,,Healthcare
306200.KS,세아제강,Equity,kr_kospi,South Korea,1차 철강 제조업,,Basic Materials
307950.KS,현대오토에버,Equity,kr_kospi,South Korea,소프트웨어 개발 및 공급업,,Technology
308170.KS,씨티알모빌리티,Equity,kr_kospi,South Korea,자동차 신품 부품 제조업,,Consumer Cyclical
316140.KS,우리금융지주,Equity,kr_kospi,South Korea,기타 금융업,,Financial Services
317400.KS,자이에스앤디,Equity,kr_kospi,South Korea,부동산 임대 및 공급업,,Real Estate
317450.KS,명인제약,Equity,kr_kospi,South Korea,의약품 제조업,,Healthcare
322000.KS,HD현대에너지솔루션,Equity,kr_kospi,South Korea,반도체 제조업,,Technology
323410.KS,카카오뱅크,Equity,kr_kospi,South Korea,은행 및 저축기관,,Financial Services
326030.KS,에스케이바이오팜,Equity,kr_kospi,South Korea,자연과학 및 공학 연구개발업,,Healthcare
329180.KS,HD현대중공업,Equity,kr_kospi,South Korea,선박 및 보트 건조업,,Industrials
330590.KS,롯데리츠,Equity,kr_kospi,South Korea,부동산 임대 및 공급업,,Real Estate
334890.KS,이지스밸류플러스리츠,Equity,kr_kospi,South Korea,부동산 임대 및 공급업,,Real Estate
336260.KS,두산퓨얼셀,Equity,kr_kospi,South Korea,"전동기, 발전기 및 전기 변환 · 공급 · 제어 장치 제조업",,Industrials
336370.KS,솔루스첨단소재,Equity,kr_kospi,South Korea,전자부품 제조업,,Technology
338100.KS,NH프라임리츠,Equity,kr_kospi,South Korea,부동산 임대 및 공급업,,Real Estate
339770.KS,교촌에프앤비,Equity,kr_kospi,South Korea,음·식료품 및 담배 도매업,,Consumer Cyclical
344820.KS,케이씨씨글라스,Equity,kr_kospi,South Korea,유리 및 유리제품 제조업,,Industrials
348950.KS,제이알글로벌리츠,Equity,kr_kospi,South Korea,부동산 임대 및 공급업,,Real Estate
350520.KS,이지스레지던스리츠,Equity,kr_kospi,South Korea,부동산 임대 및 공급업,,Real Estate
352820.KS,하이브,Equity,kr_kospi,South Korea,오디오물 출판 및 원판 녹음업,,Communication Services
353200.KS,대덕전자,Equity,kr_kospi,South Korea,전자부품 제조업,,Technology
357120.KS,코람코라이프인프라리츠,Equity,kr_kospi,South Korea,부동산 임대 및 공급업,,Real Estate
357250.KS,미래에셋맵스리츠,Equity,kr_kospi,South Korea,부동산 임대 및 공급업,,Real Estate
357430.KS,마스턴프리미어리츠,Equity,kr_kospi,South Korea,부동산 임대 및 공급업,,Real Estate
361610.KS,SK아이이테크놀로지,Equity,kr_kospi,South Korea,일차전지 및 이차전지 제조업,,Technology
363280.KS,티와이홀딩스,Equity,kr_kospi,South Korea,기타 금융업,,Communication Services
365550.KS,ESR켄달스퀘어리츠,Equity,kr_kospi,South Korea,부동산 임대 및 공급업,,Real Estate
372910.KS,한컴라이프케어,Equity,kr_kospi,South Korea,의료용 기기 제조업,,Technology
373220.KS,LG에너지솔루션,Equity,kr_kospi,South Korea,일차전지 및 이차전지 제조업,,Industrials
375500.KS,DL이앤씨,Equity,kr_kospi,South Korea,토목 건설업,,Industrials
377190.KS,디앤디플랫폼리츠,Equity,kr_kospi,South Korea,부동산 임대 및 공급업,,Real Estate
377300.KS,카카오페이,Equity,kr_kospi,South Korea,금융 지원 서비스업,,Technology
377740.KS,바이오노트,Equity,kr_kospi,South Korea,의료용품 및 기타 의약 관련제품 제조업,,Healthcare
378850.KS,화승알앤에이,Equity,kr_kospi,South Korea,자동차 신품 부품 제조업,,Consumer Cyclical
381970.KS,케이카,Equity,kr_kospi,South Korea,자동차 판매업,,Consumer Cyclical
383220.KS,F&F,Equity,kr_kospi,South Korea,봉제의복 제조업,,Consumer Cyclical
383800.KS,LX홀딩스,Equity,kr_kospi,South Korea,기타 금융업,,Financial Services
395400.KS,SK리츠,Equity,kr_kospi,South Korea,부동산 임대 및 공급업,,Real Estate
396690.KS,미래에셋글로벌리츠,Equity,kr_kospi,South Korea,부동산 임대 및 공급업,,Real Estate
400760.KS,NH올원리츠,Equity,kr_kospi,South Korea,부동산 임대 및 공급업,,Real Estate
402340.KS,SK스퀘어,Equity,kr_kospi,South Korea,기타 금융업,,Technology
403550.KS,쏘카,Equity,kr_kospi,South Korea,운송장비 임대업,,Technology
404990.KS,신한서부티엔디리츠,Equity,kr_kospi,South Korea,부동산 임대 및 공급업,,Real Estate
415640.KS,KB발해인프라,Equity,kr_kospi,South Korea,신탁업 및 집합투자업,,
417310.KS,코람코더원리츠,Equity,kr_kospi,South Korea,부동산 임대 및 공급업,,Real Estate
432320.KS,KB스타리츠,Equity,kr_kospi,South Korea,부동산 임대 및 공급업,,Real Estate
439260.KS,대한조선,Equity,kr_kospi,South Korea,선박 및 보트 건조업,,Industrials
443060.KS,HD현대마린솔루션,Equity,kr_kospi,South Korea,"건축기술, 엔지니어링 및 관련 기술 서비스업",,Industrials
446070.KS,유니드비티플러스,Equity,kr_kospi,South Korea,제재 및 목재 가공업,,
448730.KS,삼성FN리츠,Equity,kr_kospi,South Korea,부동산 임대 및 공급업,,Real Estate
450080.KS,에코프로머티,Equity,kr_kospi,South Korea,일차전지 및 이차전지 제조업,,Industrials
451800.KS,한화리츠,Equity,kr_kospi,South Korea,부동산 임대 및 공급업,,Real Estate
452260.KS,한화갤러리아,Equity,kr_kospi,South Korea,종합 소매업,,Consumer Cyclical
453340.KS,현대그린푸드,Equity,kr_kospi,South Korea,종합 소매업,,Consumer Defensive
454910.KS,두산로보틱스,Equity,kr_kospi,South Korea,특수 목적용 기계 제조업,,Industrials
456040.KS,OCI,Equity,kr_kospi,South Korea,기초 화학물질 제조업,,Industrials
457190.KS,이수스페셜티케미컬,Equity,kr_kospi,South Korea,기초 화학물질 제조업,,
460850.KS,동국씨엠,Equity,kr_kospi,South Korea,1차 철강 제조업,,Basic Materials
460860.KS,동국제강,Equity,kr_kospi,South Korea,1차 철강 제조업,,Basic Materials
462520.KS,조선내화,Equity,kr_kospi,South Korea,"내화, 비내화 요업제품 제조업",,Basic Materials
462870.KS,시프트업,Equity,kr_kospi,South Korea,소프트웨어 개발 및 공급업,,Communication Services
465770.KS,STX그린로지스,Equity,kr_kospi,South Korea,해상 운송업,,Industrials
475150.KS,SK이터닉스,Equity,kr_kospi,South Korea,건물 건설업,,Utilities
475560.KS,더본코리아,Equity,kr_kospi,South Korea,상품 종합 도매업,,Consumer Cyclical
480370.KS,씨케이솔루션,Equity,kr_kospi,South Korea,"건축기술, 엔지니어링 및 관련 기술 서비스업",,
481850.KS,신한글로벌액티브리츠,Equity,kr_kospi,South Korea,신탁업 및 집합투자업,,Real Estate
483650.KS,달바글로벌,Equity,kr_kospi,South Korea,기타 화학제품 제조업,,Consumer Defensive
484870.KS,엠앤씨솔루션,Equity,kr_kospi,South Korea,특수 목적용 기계 제조업,,Industrials
487570.KS,HS효성,Equity,kr_kospi,South Korea,기타 금융업,,Industrials
489790.KS,한화비전,Equity,kr_kospi,South Korea,통신 및 방송 장비 제조업,,Industrials
499790.KS,GS피앤엘,Equity,kr_kospi,South Korea,기타 금융업,,Industrials
900140.KS,엘브이엠씨,Equity,kr_kospi,South Korea,자동차 판매업,,Consumer Cyclical
950210.KS,프레스티지바이오파마,Equity,kr_kospi,South Korea,자연과학 및 공학 연구개발업,,Healthcare
1235.TW,,Equity,tw_twse,Taiwan,Farm Products,,Consumer Defensive
1236.TW,,Equity,tw_twse,Taiwan,Confectioners,,Consumer Defensive
1256.TW,,Equity,tw_twse,Taiwan,Beverages - Non-Alcoholic,,Consumer Defensive
1301.TW,,Equity,tw_twse,Taiwan,Specialty Chemicals,,Basic Materials
1303.TW,,Equity,tw_twse,Taiwan,Specialty Chemicals,,Basic Materials
1304.TW,,Equity,tw_twse,Taiwan,Specialty Chemicals,,Basic Materials
1305.TW,,Equity,tw_twse,Taiwan,Specialty Chemicals,,Basic Materials
1307.TW,,Equity,tw_twse,Taiwan,Textile Manufacturing,,Consumer Cyclical
1308.TW,,Equity,tw_twse,Taiwan,Specialty Chemicals,,Basic Materials
1309.TW,,Equity,tw_twse,Taiwan,Specialty Chemicals,,Basic Materials
1310.TW,,Equity,tw_twse,Taiwan,Chemicals,,Basic Materials
1312.TW,,Equity,tw_twse,Taiwan,Chemicals,,Basic Materials
1313.TW,,Equity,tw_twse,Taiwan,Chemicals,,Basic Materials
1314.TW,,Equity,tw_twse,Taiwan,Specialty Chemicals,,Basic Materials
1315.TW,,Equity,tw_twse,Taiwan,Apparel Manufacturing,,Consumer Cyclical
1316.TW,,Equity,tw_twse,Taiwan,Real Estate Services,,Real Estate
1319.TW,,Equity,tw_twse,Taiwan,Auto Parts,,Consumer Cyclical
1321.TW,,Equity,tw_twse,Taiwan,Specialty Chemicals,,Basic Materials
1323.TW,,Equity,tw_twse,Taiwan,Packaging & Containers,,Consumer Cyclical
1324.TW,,Equity,tw_twse,Taiwan,Business Equipment & Supplies,,Industrials
1325.TW,,Equity,tw_twse,Taiwan,Textile Manufacturing,,Consumer Cyclical
1326.TW,,Equity,tw_twse,Taiwan,Chemicals,,Basic Materials
1337.TW,,Equity,tw_twse,Taiwan,Specialty Chemicals,,Basic Materials
1338.TW,,Equity,tw_twse,Taiwan,Auto Parts,,Consumer Cyclical
1339.TW,,Equity,tw_twse,Taiwan,Auto Parts,,Consumer Cyclical
1340.TW,,Equity,tw_twse,Taiwan,Footwear & Accessories,,Consumer Cyclical
1341.TW,,Equity,tw_twse,Taiwan,Textile Manufacturing,,Consumer Cyclical
1342.TW,,Equity,tw_twse,Taiwan,Textile Manufacturing,,Consumer Cyclical
1402.TW,,Equity,tw_twse,Taiwan,Textile Manufacturing,,Consumer Cyclical
1409.TW,,Equity,tw_twse,Taiwan,Textile Manufacturing,,Consumer Cyclical
1410.TW,,Equity,tw_twse,Taiwan,Textile Manufacturing,,Consumer Cyclical
1413.TW,,Equity,tw_twse,Taiwan,Textile Manufacturing,,Consumer Cyclical
1414.TW,,Equity,tw_twse,Taiwan,Textile Manufacturing,,Consumer Cyclical
1416.TW,,Equity,tw_twse,Taiwan,Information Technology Services,,Technology
1417.TW,,Equity,tw_twse,Taiwan,Apparel Retail,,Consumer Cyclical
1418.TW,,Equity,tw_twse,Taiwan,Textile Manufacturing,,Consumer Cyclical
1419.TW,,Equity,tw_twse,Taiwan,Textile Manufacturing,,Consumer Cyclical
1423.TW,,Equity,tw_twse,Taiwan,Textile Manufacturing,,Consumer Cyclical
1432.TW,,Equity,tw_twse,Taiwan,Leisure,,Consumer Cyclical
1434.TW,,Equity,tw_twse,Taiwan,Textile Manufacturing,,Consumer Cyclical
1435.TW,,Equity,tw_twse,Taiwan,Conglomerates,,Industrials
1436.TW,,Equity,tw_twse,Taiwan,Real Estate - Development,,Real Estate
1437.TW,,Equity,tw_twse,Taiwan,Real Estate Services,,Real Estate
1438.TW,,Equity,tw_twse,Taiwan,Real Estate - Diversified,,Real Estate
1439.TW,,Equity,tw_twse,Taiwan,Textile Manufacturing,,Consumer Cyclical
1440.TW,,Equity,tw_twse,Taiwan,Textile Manufacturing,,Consumer Cyclical
1441.TW,,Equity,tw_twse,Taiwan,Textile Manufacturing,,Consumer Cyclical
1442.TW,,Equity,tw_twse,Taiwan,Real Estate - Development,,Real Estate
1443.TW,,Equity,tw_twse,Taiwan,Integrated Freight & Logistics,,Industrials
1444.TW,,Equity,tw_twse,Taiwan,Textile Manufacturing,,Consumer Cyclical
1445.TW,,Equity,tw_twse,Taiwan,Textile Manufacturing,,Consumer Cyclical
1446.TW,,Equity,tw_twse,Taiwan,Textile Manufacturing,,Consumer Cyclical
1447.TW,,Equity,tw_twse,Taiwan,Textile Manufacturing,,Consumer Cyclical
1449.TW,,Equity,tw_twse,Taiwan,Textile Manufacturing,,Consumer Cyclical
1451.TW,,Equity,tw_twse,Taiwan,Textile Manufacturing,,Consumer Cyclical
1452.TW,,Equity,tw_twse,Taiwan,Textile Manufacturing,,Consumer Cyclical
1453.TW,,Equity,tw_twse,Taiwan,Textile Manufacturing,,Consumer Cyclical
1454.TW,,Equity,tw_twse,Taiwan,Textile Manufacturing,,Consumer Cyclical
1455.TW,,Equity,tw_twse,Taiwan,Textile Manufacturing,,Consumer Cyclical
1456.TW,,Equity,tw_twse,Taiwan,Real Estate Services,,Real Estate
1457.TW,,Equity,tw_twse,Taiwan,Textile Manufacturing,,Consumer Cyclical
1459.TW,,Equity,tw_twse,Taiwan,Textile Manufacturing,,Consumer Cyclical
1460.TW,,Equity,tw_twse,Taiwan,Textile Manufacturing,,Consumer Cyclical
1463.TW,,Equity,tw_twse,Taiwan,Textile Manufacturing,,Consumer Cyclical
1464.TW,,Equity,tw_twse,Taiwan,Textile Manufacturing,,Consumer Cyclical
1465.TW,,Equity,tw_twse,Taiwan,Textile Manufacturing,,Consumer Cyclical
1466.TW,,Equity,tw_twse,Taiwan,Textile Manufacturing,,Consumer Cyclical
1467.TW,,Equity,tw_twse,Taiwan,Apparel Manufacturing,,Consumer Cyclical
1468.TW,,Equity,tw_twse,Taiwan,Textile Manufacturing,,Consumer Cyclical
1470.TW,,Equity,tw_twse,Taiwan,Textile Manufacturing,,Consumer Cyclical
1471.TW,,Equity,tw_twse,Taiwan,Computer Hardware,,Technology
1472.TW,,Equity,tw_twse,Taiwan,Engineering & Construction,,Industrials
1473.TW,,Equity,tw_twse,Taiwan,Apparel Manufacturing,,Consumer Cyclical
1474.TW,,Equity,tw_twse,Taiwan,Textile Manufacturing,,Consumer Cyclical
1475.TW,,Equity,tw_twse,Taiwan,Textile Manufacturing,,Consumer Cyclical
1476.TW,,Equity,tw_twse,Taiwan,Apparel Manufacturing,,Consumer Cyclical
1477.TW,,Equity,tw_twse,Taiwan,Apparel Manufacturing,,Consumer Cyclical
1503.TW,,Equity,tw_twse,Taiwan,Electrical Equipment & Parts,,Industrials
1504.TW,,Equity,tw_twse,Taiwan,Specialty Industrial Machinery,,Industrials
1506.TW,,Equity,tw_twse,Taiwan,Auto Parts,,Consumer Cyclical
1512.TW,,Equity,tw_twse,Taiwan,Auto Parts,,Consumer Cyclical
1513.TW,,Equity,tw_twse,Taiwan,Specialty Industrial Machinery,,Industrials
1514.TW,,Equity,tw_twse,Taiwan,Electrical Equipment & Parts,,Industrials
1515.TW,,Equity,tw_twse,Taiwan,Leisure,,Consumer Cyclical
1516.TW,,Equity,tw_twse,Taiwan,Thermal Coal,,Energy
1517.TW,,Equity,tw_twse,Taiwan,Metal Fabrication,,Industrials
1519.TW,,Equity,tw_twse,Taiwan,Electrical Equipment & Parts,,Industrials
1521.TW,,Equity,tw_twse,Taiwan,Auto Parts,,Consumer Cyclical
1522.TW,,Equity,tw_twse,Taiwan,Auto Parts,,Consumer Cyclical
1524.TW,,Equity,tw_twse,Taiwan,Auto Parts,,Consumer Cyclical
1525.TW,,Equity,tw_twse,Taiwan,Auto Parts,,Consumer Cyclical
1526.TW,,Equity,tw_twse,Taiwan,Leisure,,Consumer Cyclical
1527.TW,,Equity,tw_twse,Taiwan,Tools & Accessories,,Industrials
1528.TW,,Equity,tw_twse,Taiwan,Specialty Industrial Machinery,,Industrials
1529.TW,,Equity,tw_twse,Taiwan,Electrical Equipment & Parts,,Industrials
1530.TW,,Equity,tw_twse,Taiwan,Specialty Industrial Machinery,,Industrials
1531.TW,,Equity,tw_twse,Taiwan,Specialty Industrial Machinery,,Industrials
1532.TW,,Equity,tw_twse,Taiwan,Metal Fabrication,,Industrials
1533.TW,,Equity,tw_twse,Taiwan,Auto Parts,,Consumer Cyclical
1535.TW,,Equity,tw_twse,Taiwan,Pollution & Treatment Controls,,Industrials
1536.TW,,Equity,tw_twse,Taiwan,Auto Parts,,Consumer Cyclical
1537.TW,,Equity,tw_twse,Taiwan,Electrical Equipment & Parts,,Industrials
1538.TW,,Equity,tw_twse,Taiwan,Tools & Accessories,,Industrials
1539.TW,,Equity,tw_twse,Taiwan,Specialty Industrial Machinery,,Industrials
1540.TW,,Equity,tw_twse,Taiwan,Specialty Industrial Machinery,,Industrials
1541.TW,,Equity,tw_twse,Taiwan,Tools & Accessories,,Industrials
1558.TW,,Equity,tw_twse,Taiwan,"Furnishings, Fixtures & Appliances",,Consumer Cyclical
1560.TW,,Equity,tw_twse,Taiwan,Tools & Accessories,,Industrials
1563.TW,,Equity,tw_twse,Taiwan,Auto Parts,,Consumer Cyclical
1568.TW,,Equity,tw_twse,Taiwan,Auto Parts,,Consumer Cyclical
1582.TW,,Equity,tw_twse,Taiwan,Electronic Components,,Technology
1583.TW,,Equity,tw_twse,Taiwan,Specialty Industrial Machinery,,Industrials
1587.TW,,Equity,tw_twse,Taiwan,Auto Parts,,Consumer Cyclical
1589.TW,,Equity,tw_twse,Taiwan,Metal Fabrication,,Industrials
1590.TW,,Equity,tw_twse,Taiwan,Specialty Industrial Machinery,,Industrials
1597.TW,,Equity,tw_twse,Taiwan,Electrical Equipment & Parts,,Industrials
1598.TW,,Equity,tw_twse,Taiwan,Leisure,,Consumer Cyclical
1603.TW,,Equity,tw_twse,Taiwan,Electronics & Computer Distribution,,Technology
1604.TW,,Equity,tw_twse,Taiwan,"Furnishings, Fixtures & Appliances",,Consumer Cyclical
1605.TW,,Equity,tw_twse,Taiwan,Steel,,Basic Materials
1608.TW,,Equity,tw_twse,Taiwan,Electrical Equipment & Parts,,Industrials
1609.TW,,Equity,tw_twse,Taiwan,Electrical Equipment & Parts,,Industrials
1611.TW,,Equity,tw_twse,Taiwan,"Furnishings, Fixtures & Appliances",,Consumer Cyclical
1612.TW,,Equity,tw_twse,Taiwan,Electrical Equipment & Parts,,Industrials
1614.TW,,Equity,tw_twse,Taiwan,"Furnishings, Fixtures & Appliances",,Consumer Cyclical
1615.TW,,Equity,tw_twse,Taiwan,Electrical Equipment & Parts,,Industrials
1616.TW,,Equity,tw_twse,Taiwan,Electrical Equipment & Parts,,Industrials
1617.TW,,Equity,tw_twse,Taiwan,Electrical Equipment & Parts,,Industrials
1618.TW,,Equity,tw_twse,Taiwan,Electronics & Computer Distribution,,Technology
1623.TW,,Equity,tw_twse,Taiwan,Electrical Equipment & Parts,,Industrials
1626.TW,,Equity,tw_twse,Taiwan,"Furnishings, Fixtures & Appliances",,Consumer Cyclical
1702.TW,,Equity,tw_twse,Taiwan,Packaged Foods,,Consumer Defensive
1707.TW,,Equity,tw_twse,Taiwan,Drug Manufacturers - Specialty & Generic,,Healthcare
1708.TW,,Equity,tw_twse,Taiwan,Chemicals,,Basic Materials
1709.TW,,Equity,tw_twse,Taiwan,Chemicals,,Basic Materials
1710.TW,,Equity,tw_twse,Taiwan,Chemicals,,Basic Materials
1711.TW,,Equity,tw_twse,Taiwan,Specialty Chemicals,,Basic Materials
1712.TW,,Equity,tw_twse,Taiwan,Agricultural Inputs,,Basic Materials
1713.TW,,Equity,tw_twse,Taiwan,Specialty Chemicals,,Basic Materials
1714.TW,,Equity,tw_twse,Taiwan,Chemicals,,Basic Materials
1717.TW,,Equity,tw_twse,Taiwan,Specialty Chemicals,,Basic Materials
1718.TW,,Equity,tw_twse,Taiwan,Banks - Regional,,Financial Services
1720.TW,,Equity,tw_twse,Taiwan,Drug Manufacturers - Specialty & Generic,,Healthcare
1721.TW,,Equity,tw_twse,Taiwan,Chemicals,,Basic Materials
1722.TW,,Equity,tw_twse,Taiwan,Agricultural Inputs,,Basic Materials
1723.TW,,Equity,tw_twse,Taiwan,Chemicals,,Basic Materials
1725.TW,,Equity,tw_twse,Taiwan,Specialty Chemicals,,Basic Materials
1726.TW,,Equity,tw_twse,Taiwan,Specialty Chemicals,,Basic Materials
1727.TW,,Equity,tw_twse,Taiwan,Chemicals,,Basic Materials
1730.TW,,Equity,tw_twse,Taiwan,Household & Personal Products,,Consumer Defensive
1731.TW,,Equity,tw_twse,Taiwan,Drug Manufacturers - Specialty & Generic,,Healthcare
1732.TW,,Equity,tw_twse,Taiwan,Household & Personal Products,,Consumer Defensive
1733.TW,,Equity,tw_twse,Taiwan,Biotechnology,,Healthcare
1734.TW,,Equity,tw_twse,Taiwan,Biotechnology,,Healthcare
1735.TW,,Equity,tw_twse,Taiwan,Chemicals,,Basic Materials
1736.TW,,Equity,tw_twse,Taiwan,Leisure,,Consumer Cyclical
1737.TW,,Equity,tw_twse,Taiwan,Household & Personal Products,,Consumer Defensive
1752.TW,,Equity,tw_twse,Taiwan,Medical Instruments & Supplies,,Healthcare
1760.TW,,Equity,tw_twse,Taiwan,Biotechnology,,Healthcare
1762.TW,,Equity,tw_twse,Taiwan,Biotechnology,,Healthcare
1773.TW,,Equity,tw_twse,Taiwan,Chemicals,,Basic Materials
1776.TW,,Equity,tw_twse,Taiwan,Chemicals,,Basic Materials
1783.TW,,Equity,tw_twse,Taiwan,Medical Instruments & Supplies,,Healthcare
1786.TW,,Equity,tw_twse,Taiwan,Medical Instruments & Supplies,,Healthcare
1789.TW,,Equity,tw_twse,Taiwan,Drug Manufacturers - Specialty & Generic,,Healthcare
1795.TW,,Equity,tw_twse,Taiwan,Drug Manufacturers - Specialty & Generic,,Healthcare
1802.TW,,Equity,tw_twse,Taiwan,Building Materials,,Basic Materials
1805.TW,,Equity,tw_twse,Taiwan,Real Estate - Development,,Real Estate
1806.TW,,Equity,tw_twse,Taiwan,Building Products & Equipment,,Industrials
1808.TW,,Equity,tw_twse,Taiwan,Real Estate - Development,,Real Estate
1809.TW,,Equity,tw_twse,Taiwan,Building Products & Equipment,,Industrials
1810.TW,,Equity,tw_twse,Taiwan,"Furnishings, Fixtures & Appliances",,Consumer Cyclical
1817.TW,,Equity,tw_twse,Taiwan,Household & Personal Products,,Consumer Defensive
1903.TW,,Equity,tw_twse,Taiwan,Household & Personal Products,,Consumer Defensive
1904.TW,,Equity,tw_twse,Taiwan,Paper & Paper Products,,Basic Materials
1905.TW,,Equity,tw_twse,Taiwan,Paper & Paper Products,,Basic Materials
1906.TW,,Equity,tw_twse,Taiwan,Paper & Paper Products,,Basic Materials
1907.TW,,Equity,tw_twse,Taiwan,Paper & Paper Products,,Basic Materials
1909.TW,,Equity,tw_twse,Taiwan,Paper & Paper Products,,Basic Materials
2002.TW,,Equity,tw_twse,Taiwan,Steel,,Basic Materials
2006.TW,,Equity,tw_twse,Taiwan,Steel,,Basic Materials
2007.TW,,Equity,tw_twse,Taiwan,Steel,,Basic Materials
2008.TW,,Equity,tw_twse,Taiwan,Steel,,Basic Materials
2009.TW,,Equity,tw_twse,Taiwan,Copper,,Basic Materials
2010.TW,,Equity,tw_twse,Taiwan,Steel,,Basic Materials
2012.TW,,Equity,tw_twse,Taiwan,Steel,,Basic Materials
2013.TW,,Equity,tw_twse,Taiwan,Steel,,Basic Materials
2014.TW,,Equity,tw_twse,Taiwan,Steel,,Basic Materials
2015.TW,,Equity,tw_twse,Taiwan,Steel,,Basic Materials
2017.TW,,Equity,tw_twse,Taiwan,Steel,,Basic Materials
2020.TW,,Equity,tw_twse,Taiwan,Steel,,Basic Materials
2022.TW,,Equity,tw_twse,Taiwan,Tools & Accessories,,Industrials
2023.TW,,Equity,tw_twse,Taiwan,Steel,,Basic Materials
2024.TW,,Equity,tw_twse,Taiwan,Steel,,Basic Materials
2025.TW,,Equity,tw_twse,Taiwan,Steel,,Basic Materials
2027.TW,,Equity,tw_twse,Taiwan,Steel,,Basic Materials
2028.TW,,Equity,tw_twse,Taiwan,Steel,,Basic Materials
2029.TW,,Equity,tw_twse,Taiwan,Steel,,Basic Materials
2030.TW,,Equity,tw_twse,Taiwan,Steel,,Basic Materials
2031.TW,,Equity,tw_twse,Taiwan,Steel,,Basic Materials
2032.TW,,Equity,tw_twse,Taiwan,Steel,,Basic Materials
2033.TW,,Equity,tw_twse,Taiwan,Steel,,Basic Materials
2034.TW,,Equity,tw_twse,Taiwan,Steel,,Basic Materials
2038.TW,,Equity,tw_twse,Taiwan,Steel,,Basic Materials
2049.TW,,Equity,tw_twse,Taiwan,Tools & Accessories,,Industrials
2059.TW,,Equity,tw_twse,Taiwan,"Furnishings, Fixtures & Appliances",,Consumer Cyclical
2062.TW,,Equity,tw_twse,Taiwan,Building Products & Equipment,,Industrials
2069.TW,,Equity,tw_twse,Taiwan,Steel,,Basic Materials
2101.TW,,Equity,tw_twse,Taiwan,Auto Parts,,Consumer Cyclical
2102.TW,,Equity,tw_twse,Taiwan,Auto Parts,,Consumer Cyclical
2103.TW,,Equity,tw_twse,Taiwan,Specialty Chemicals,,Basic Materials
2104.TW,,Equity,tw_twse,Taiwan,Specialty Chemicals,,Basic Materials
2105.TW,,Equity,tw_twse,Taiwan,Auto Parts,,Consumer Cyclical
2106.TW,,Equity,tw_twse,Taiwan,Auto Parts,,Consumer Cyclical
2107.TW,,Equity,tw_twse,Taiwan,Specialty Chemicals,,Basic Materials
2108.TW,,Equity,tw_twse,Taiwan,Specialty Chemicals,,Basic Materials
2109.TW,,Equity,tw_twse,Taiwan,Auto Parts,,Consumer Cyclical
2114.TW,,Equity,tw_twse,Taiwan,Auto Parts,,Consumer Cyclical
2115.TW,,Equity,tw_twse,Taiwan,Auto Parts,,Consumer Cyclical
2201.TW,,Equity,tw_twse,Taiwan,Auto Manufacturers,,Consumer Cyclical
2204.TW,,Equity,tw_twse,Taiwan,Auto Manufacturers,,Consumer Cyclical
2206.TW,,Equity,tw_twse,Taiwan,Auto Manufacturers,,Consumer Cyclical
2207.TW,,Equity,tw_twse,Taiwan,Auto & Truck Dealerships,,Consumer Cyclical
2208.TW,,Equity,tw_twse,Taiwan,Aerospace & Defense,,Industrials
2211.TW,,Equity,tw_twse,Taiwan,Steel,,Basic Materials
2227.TW,,Equity,tw_twse,Taiwan,Auto Manufacturers,,Consumer Cyclical
2228.TW,,Equity,tw_twse,Taiwan,Auto Parts,,Consumer Cyclical
2231.TW,,Equity,tw_twse,Taiwan,Auto Parts,,Consumer Cyclical
2233.TW,,Equity,tw_twse,Taiwan,Specialty Industrial Machinery,,Industrials
2236.TW,,Equity,tw_twse,Taiwan,Specialty Industrial Machinery,,Industrials
2239.TW,,Equity,tw_twse,Taiwan,Auto Parts,,Consumer Cyclical
2241.TW,,Equity,tw_twse,Taiwan,Auto Parts,,Consumer Cyclical
2243.TW,,Equity,tw_twse,Taiwan,Auto Parts,,Consumer Cyclical
2247.TW,,Equity,tw_twse,Taiwan,Auto & Truck Dealerships,,Consumer Cyclical
2248.TW,,Equity,tw_twse,Taiwan,Auto Parts,,Consumer Cyclical
2250.TW,,Equity,tw_twse,Taiwan,Specialty Industrial Machinery,,Industrials
2254.TW,,Equity,tw_twse,Taiwan,Auto Parts,,Consumer Cyclical
2258.TW,,Equity,tw_twse,Taiwan,Auto Manufacturers,,Consumer Cyclical
2301.TW,,Equity,tw_twse,Taiwan,Computer Hardware,,Technology
2302.TW,,Equity,tw_twse,Taiwan,Semiconductor Equipment & Materials,,Technology
2303.TW,,Equity,tw_twse,Taiwan,Semiconductors,,Technology
2305.TW,,Equity,tw_twse,Taiwan,Computer Hardware,,Technology
2308.TW,,Equity,tw_twse,Taiwan,Electronic Components,,Technology
2312.TW,,Equity,tw_twse,Taiwan,Computer Hardware,,Technology
2313.TW,,Equity,tw_twse,Taiwan,Electronic Components,,Technology
2314.TW,,Equity,tw_twse,Taiwan,Communication Equipment,,Technology
2316.TW,,Equity,tw_twse,Taiwan,Electronic Components,,Technology
2317.TW,,Equity,tw_twse,Taiwan,Electronic Components,,Technology
2321.TW,,Equity,tw_twse,Taiwan,Communication Equipment,,Technology
2323.TW,,Equity,tw_twse,Taiwan,Computer Hardware,,Technology
2324.TW,,Equity,tw_twse,Taiwan,Computer Hardware,,Technology
2327.TW,,Equity,tw_twse,Taiwan,Electronic Components,,Technology
2328.TW,,Equity,tw_twse,Taiwan,Electronic Components,,Technology
2329.TW,,Equity,tw_twse,Taiwan,Semiconductors,,Technology
2330.TW,,Equity,tw_twse,Taiwan,Semiconductors,,Technology
2331.TW,,Equity,tw_twse,Taiwan,Computer Hardware,,Technology
2332.TW,,Equity,tw_twse,Taiwan,Communication Equipment,,Technology
2337.TW,,Equity,tw_twse,Taiwan,Semiconductors,,Technology
2338.TW,,Equity,tw_twse,Taiwan,Semiconductor Equipment & Materials,,Technology
2340.TW,,Equity,tw_twse,Taiwan,Semiconductors,,Technology
2342.TW,,Equity,tw_twse,Taiwan,Semiconductors,,Technology
2344.TW,,Equity,tw_twse,Taiwan,Semiconductors,,Technology
2347.TW,,Equity,tw_twse,Taiwan,Electronics & Computer Distribution,,Technology
2348.TW,,Equity,tw_twse,Taiwan,Real Estate Services,,Real Estate
2349.TW,,Equity,tw_twse,Taiwan,Computer Hardware,,Technology
2351.TW,,Equity,tw_twse,Taiwan,Semiconductor Equipment & Materials,,Technology
2352.TW,,Equity,tw_twse,Taiwan,Computer Hardware,,Technology
2353.TW,,Equity,tw_twse,Taiwan,Computer Hardware,,Technology
2354.TW,,Equity,tw_twse,Taiwan,Electronics & Computer Distribution,,Technology
2355.TW,,Equity,tw_twse,Taiwan,Electronic Components,,Technology
2356.TW,,Equity,tw_twse,Taiwan,Computer Hardware,,Technology
2357.TW,,Equity,tw_twse,Taiwan,Computer Hardware,,Technology
2359.TW,,Equity,tw_twse,Taiwan,Electronic Components,,Technology
2360.TW,,Equity,tw_twse,Taiwan,Scientific & Technical Instruments,,Technology
2362.TW,,Equity,tw_twse,Taiwan,Computer Hardware,,Technology
2363.TW,,Equity,tw_twse,Taiwan,Semiconductors,,Technology
2364.TW,,Equity,tw_twse,Taiwan,Computer Hardware,,Technology
2365.TW,,Equity,tw_twse,Taiwan,Computer Hardware,,Technology
2367.TW,,Equity,tw_twse,Taiwan,Electronic Components,,Technology
2368.TW,,Equity,tw_twse,Taiwan,Electronic Components,,Technology
2369.TW,,Equity,tw_twse,Taiwan,Semiconductor Equipment & Materials,,Technology
2371.TW,,Equity,tw_twse,Taiwan,Conglomerates,,Industrials
2373.TW,,Equity,tw_twse,Taiwan,Industrial Distribution,,Industrials
2374.TW,,Equity,tw_twse,Taiwan,Electronic Components,,Technology
2375.TW,,Equity,tw_twse,Taiwan,Electronic Components,,Technology
2376.TW,,Equity,tw_twse,Taiwan,Computer Hardware,,Technology
2377.TW,,Equity,tw_twse,Taiwan,Computer Hardware,,Technology
2379.TW,,Equity,tw_twse,Taiwan,Semiconductors,,Technology
2380.TW,,Equity,tw_twse,Taiwan,Computer Hardware,,Technology
2382.TW,,Equity,tw_twse,Taiwan,Computer Hardware,,Technology
2383.TW,,Equity,tw_twse,Taiwan,Electronic Components,,Technology
2385.TW,,Equity,tw_twse,Taiwan,Computer Hardware,,Technology
2387.TW,,Equity,tw_twse,Taiwan,Computer Hardware,,Technology
2388.TW,,Equity,tw_twse,Taiwan,Semiconductors,,Technology
2390.TW,,Equity,tw_twse,Taiwan,Security & Protection Services,,Industrials
2392.TW,,Equity,tw_twse,Taiwan,Electronic Components,,Technology
2393.TW,,Equity,tw_twse,Taiwan,Electronic Components,,Technology
2395.TW,,Equity,tw_twse,Taiwan,Computer Hardware,,Technology
2397.TW,,Equity,tw_twse,Taiwan,Computer Hardware,,Technology
2399.TW,,Equity,tw_twse,Taiwan,Computer Hardware,,Technology
2401.TW,,Equity,tw_twse,Taiwan,Semiconductors,,Technology
2402.TW,,Equity,tw_twse,Taiwan,Electronic Components,,Technology
2404.TW,,Equity,tw_twse,Taiwan,Engineering & Construction,,Industrials
2405.TW,,Equity,tw_twse,Taiwan,Computer Hardware,,Technology
2406.TW,,Equity,tw_twse,Taiwan,Solar,,Technology
2408.TW,,Equity,tw_twse,Taiwan,Semiconductors,,Technology
2409.TW,,Equity,tw_twse,Taiwan,Electronic Components,,Technology
2412.TW,,Equity,tw_twse,Taiwan,Telecom Services,,Communication Services
2413.TW,,Equity,tw_twse,Taiwan,Electronic Components,,Technology
2414.TW,,Equity,tw_twse,Taiwan,Computer Hardware,,Technology
2415.TW,,Equity,tw_twse,Taiwan,Metal Fabrication,,Industrials
2417.TW,,Equity,tw_twse,Taiwan,Computer Hardware,,Technology
2419.TW,,Equity,tw_twse,Taiwan,Communication Equipment,,Technology
2420.TW,,Equity,tw_twse,Taiwan,Electrical Equipment & Parts,,Industrials
2421.TW,,Equity,tw_twse,Taiwan,Specialty Industrial Machinery,,Industrials
2423.TW,,Equity,tw_twse,Taiwan,Scientific & Technical Instruments,,Technology
2424.TW,,Equity,tw_twse,Taiwan,Consumer Electronics,,Technology
2425.TW,,Equity,tw_twse,Taiwan,Computer Hardware,,Technology
2426.TW,,Equity,tw_twse,Taiwan,Semiconductors,,Technology
2427.TW,,Equity,tw_twse,Taiwan,Business Equipment & Supplies,,Industrials
2428.TW,,Equity,tw_twse,Taiwan,Electronic Components,,Technology
2429.TW,,Equity,tw_twse,Taiwan,Electronic Components,,Technology
2430.TW,,Equity,tw_twse,Taiwan,Specialty Retail,,Consumer Cyclical
2431.TW,,Equity,tw_twse,Taiwan,Electronic Components,,Technology
2432.TW,,Equity,tw_twse,Taiwan,Computer Hardware,,Technology
2433.TW,,Equity,tw_twse,Taiwan,Business Equipment & Supplies,,Industrials
2434.TW,,Equity,tw_twse,Taiwan,Semiconductors,,Technology
2436.TW,,Equity,tw_twse,Taiwan,Semiconductors,,Technology
2438.TW,,Equity,tw_twse,Taiwan,Electrical Equipment & Parts,,Industrials
2439.TW,,Equity,tw_twse,Taiwan,Consumer Electronics,,Technology
2440.TW,,Equity,tw_twse,Taiwan,Electrical Equipment & Parts,,Industrials
2441.TW,,Equity,tw_twse,Taiwan,Semiconductor Equipment & Materials,,Technology
2442.TW,,Equity,tw_twse,Taiwan,Real Estate - Development,,Real Estate
2444.TW,,Equity,tw_twse,Taiwan,Communication Equipment,,Technology
2449.TW,,Equity,tw_twse,Taiwan,Semiconductors,,Technology
2450.TW,,Equity,tw_twse,Taiwan,Electronics & Computer Distribution,,Technology
2451.TW,,Equity,tw_twse,Taiwan,Computer Hardware,,Technology
2453.TW,,Equity,tw_twse,Taiwan,Information Technology Services,,Technology
2454.TW,,Equity,tw_twse,Taiwan,Semiconductors,,Technology
2455.TW,,Equity,tw_twse,Taiwan,Semiconductor Equipment & Materials,,Technology
2457.TW,,Equity,tw_twse,Taiwan,Electrical Equipment & Parts,,Industrials
2458.TW,,Equity,tw_twse,Taiwan,Semiconductors,,Technology
2459.TW,,Equity,tw_twse,Taiwan,Electronic Components,,Technology
2460.TW,,Equity,tw_twse,Taiwan,Electronic Components,,Technology
2461.TW,,Equity,tw_twse,Taiwan,Packaging & Containers,,Consumer Cyclical
2462.TW,,Equity,tw_twse,Taiwan,Consumer Electronics,,Technology
2464.TW,,Equity,tw_twse,Taiwan,Specialty Industrial Machinery,,Industrials
2465.TW,,Equity,tw_twse,Taiwan,Computer Hardware,,Technology
2466.TW,,Equity,tw_twse,Taiwan,Electronic Components,,Technology
2467.TW,,Equity,tw_twse,Taiwan,Specialty Industrial Machinery,,Industrials
2468.TW,,Equity,tw_twse,Taiwan,Information Technology Services,,Technology
2471.TW,,Equity,tw_twse,Taiwan,Information Technology Services,,Technology
2472.TW,,Equity,tw_twse,Taiwan,Electronic Components,,Technology
2474.TW,,Equity,tw_twse,Taiwan,Metal Fabrication,,Industrials
2476.TW,,Equity,tw_twse,Taiwan,Specialty Industrial Machinery,,Industrials
2477.TW,,Equity,tw_twse,Taiwan,Consumer Electronics,,Technology
2478.TW,,Equity,tw_twse,Taiwan,Electronic Components,,Technology
2480.TW,,Equity,tw_twse,Taiwan,Computer Hardware,,Technology
2481.TW,,Equity,tw_twse,Taiwan,Semiconductor Equipment & Materials,,Technology
2482.TW,,Equity,tw_twse,Taiwan,Business Equipment & Supplies,,Industrials
2483.TW,,Equity,tw_twse,Taiwan,Electrical Equipment & Parts,,Industrials
2484.TW,,Equity,tw_twse,Taiwan,Electronic Components,,Technology
2485.TW,,Equity,tw_twse,Taiwan,Communication Equipment,,Technology
2486.TW,,Equity,tw_twse,Taiwan,Electronic Components,,Technology
2488.TW,,Equity,tw_twse,Taiwan,Consumer Electronics,,Technology
2489.TW,,Equity,tw_twse,Taiwan,Electrical Equipment & Parts,,Industrials
2491.TW,,Equity,tw_twse,Taiwan,"Furnishings, Fixtures & Appliances",,Consumer Cyclical
2492.TW,,Equity,tw_twse,Taiwan,Electronic Components,,Technology
2493.TW,,Equity,tw_twse,Taiwan,Semiconductor Equipment & Materials,,Technology
2495.TW,,Equity,tw_twse,Taiwan,Computer Hardware,,Technology
2496.TW,,Equity,tw_twse,Taiwan,Education & Training Services,,Consumer Defensive
2497.TW,,Equity,tw_twse,Taiwan,Auto Parts,,Consumer Cyclical
2498.TW,,Equity,tw_twse,Taiwan,Consumer Electronics,,Technology
2501.TW,,Equity,tw_twse,Taiwan,Real Estate - Development,,Real Estate
2504.TW,,Equity,tw_twse,Taiwan,Building Materials,,Basic Materials
2505.TW,,Equity,tw_twse,Taiwan,Real Estate - Development,,Real Estate
2506.TW,,Equity,tw_twse,Taiwan,Real Estate - Development,,Real Estate
2509.TW,,Equity,tw_twse,Taiwan,Real Estate Services,,Real Estate
2511.TW,,Equity,tw_twse,Taiwan,Real Estate - Development,,Real Estate
2514.TW,,Equity,tw_twse,Taiwan,Engineering & Construction,,Industrials
2515.TW,,Equity,tw_twse,Taiwan,Engineering & Construction,,Industrials
2516.TW,,Equity,tw_twse,Taiwan,Engineering & Construction,,Industrials
2520.TW,,Equity,tw_twse,Taiwan,Real Estate - Diversified,,Real Estate
2524.TW,,Equity,tw_twse,Taiwan,Real Estate - Development,,Real Estate
2527.TW,,Equity,tw_twse,Taiwan,Real Estate Services,,Real Estate
2528.TW,,Equity,tw_twse,Taiwan,Real Estate Services,,Real Estate
2530.TW,,Equity,tw_twse,Taiwan,Engineering & Construction,,Industrials
2534.TW,,Equity,tw_twse,Taiwan,Real Estate - Development,,Real Estate
2535.TW,,Equity,tw_twse,Taiwan,Engineering & Construction,,Industrials
2536.TW,,Equity,tw_twse,Taiwan,Real Estate - Development,,Real Estate
2537.TW,,Equity,tw_twse,Taiwan,Real Estate - Development,,Real Estate
2538.TW,,Equity,tw_twse,Taiwan,Real Estate - Development,,Real Estate
2539.TW,,Equity,tw_twse,Taiwan,Real Estate - Development,,Real Estate
2540.TW,,Equity,tw_twse,Taiwan,Real Estate Services,,Real Estate
2542.TW,,Equity,tw_twse,Taiwan,Real Estate - Development,,Real Estate
2543.TW,,Equity,tw_twse,Taiwan,Engineering & Construction,,Industrials
2545.TW,,Equity,tw_twse,Taiwan,Real Estate - Diversified,,Real Estate
2546.TW,,Equity,tw_twse,Taiwan,Engineering & Construction,,Industrials
2547.TW,,Equity,tw_twse,Taiwan,Conglomerates,,Industrials
2548.TW,,Equity,tw_twse,Taiwan,Real Estate - Development,,Real Estate
2597.TW,,Equity,tw_twse,Taiwan,Engineering & Construction,,Industrials
2601.TW,,Equity,tw_twse,Taiwan,Department Stores,,Consumer Cyclical
2603.TW,,Equity,tw_twse,Taiwan,Marine Shipping,,Industrials
2605.TW,,Equity,tw_twse,Taiwan,Marine Shipping,,Industrials
2606.TW,,Equity,tw_twse,Taiwan,Marine Shipping,,Industrials
2607.TW,,Equity,tw_twse,Taiwan,Integrated Freight & Logistics,,Industrials
2608.TW,,Equity,tw_twse,Taiwan,Trucking,,Industrials
2609.TW,,Equity,tw_twse,Taiwan,Marine Shipping,,Industrials
2610.TW,,Equity,tw_twse,Taiwan,Airlines,,Industrials
2611.TW,,Equity,tw_twse,Taiwan,Marine Shipping,,Industrials
2612.TW,,Equity,tw_twse,Taiwan,Integrated Freight & Logistics,,Industrials
2613.TW,,Equity,tw_twse,Taiwan,Marine Shipping,,Industrials
2614.TW,,Equity,tw_twse,Taiwan,Conglomerates,,Industrials
2615.TW,,Equity,tw_twse,Taiwan,Marine Shipping,,Industrials
2616.TW,,Equity,tw_twse,Taiwan,Specialty Retail,,Consumer Cyclical
2617.TW,,Equity,tw_twse,Taiwan,Marine Shipping,,Industrials
2618.TW,,Equity,tw_twse,Taiwan,Airlines,,Industrials
2630.TW,,Equity,tw_twse,Taiwan,Aerospace & Defense,,Industrials
2633.TW,,Equity,tw_twse,Taiwan,Railroads,,Industrials
2634.TW,,Equity,tw_twse,Taiwan,Aerospace & Defense,,Industrials
2636.TW,,Equity,tw_twse,Taiwan,Integrated Freight & Logistics,,Industrials
2637.TW,,Equity,tw_twse,Taiwan,Marine Shipping,,Industrials
2642.TW,,Equity,tw_twse,Taiwan,Integrated Freight & Logistics,,Industrials
2645.TW,,Equity,tw_twse,Taiwan,Aerospace & Defense,,Industrials
2646.TW,,Equity,tw_twse,Taiwan,Airlines,,Industrials
2701.TW,,Equity,tw_twse,Taiwan,Real Estate Services,,Real Estate
2702.TW,,Equity,tw_twse,Taiwan,Lodging,,Consumer Cyclical
2704.TW,,Equity,tw_twse,Taiwan,Lodging,,Consumer Cyclical
2705.TW,,Equity,tw_twse,Taiwan,Lodging,,Consumer Cyclical
2706.TW,,Equity,tw_twse,Taiwan,Real Estate Services,,Real Estate
2707.TW,,Equity,tw_twse,Taiwan,Lodging,,Consumer Cyclical
2712.TW,,Equity,tw_twse,Taiwan,Resorts & Casinos,,Consumer Cyclical
2722.TW,,Equity,tw_twse,Taiwan,Resorts & Casinos,,Consumer Cyclical
2723.TW,,Equity,tw_twse,Taiwan,Restaurants,,Consumer Cyclical
2727.TW,,Equity,tw_twse,Taiwan,Restaurants,,Consumer Cyclical
2731.TW,,Equity,tw_twse,Taiwan,Travel Services,,Consumer Cyclical
2739.TW,,Equity,tw_twse,Taiwan,Lodging,,Consumer Cyclical
2748.TW,,Equity,tw_twse,Taiwan,Lodging,,Consumer Cyclical
2753.TW,,Equity,tw_twse,Taiwan,Restaurants,,Consumer Cyclical
2762.TW,,Equity,tw_twse,Taiwan,Leisure,,Consumer Cyclical
2801.TW,,Equity,tw_twse,Taiwan,Banks - Regional,,Financial Services
2812.TW,,Equity,tw_twse,Taiwan,Banks - Regional,,Financial Services
2816.TW,,Equity,tw_twse,Taiwan,Insurance - Diversified,,Financial Services
2820.TW,,Equity,tw_twse,Taiwan,Capital Markets,,Financial Services
2832.TW,,Equity,tw_twse,Taiwan,Insurance - Property & Casualty,,Financial Services
2834.TW,,Equity,tw_twse,Taiwan,Banks - Regional,,Financial Services
2836.TW,,Equity,tw_twse,Taiwan,Banks - Regional,,Financial Services
2838.TW,,Equity,tw_twse,Taiwan,Banks - Regional,,Financial Services
2845.TW,,Equity,tw_twse,Taiwan,Banks - Regional,,Financial Services
2849.TW,,Equity,tw_twse,Taiwan,Banks - Regional,,Financial Services
2850.TW,,Equity,tw_twse,Taiwan,Insurance - Property & Casualty,,Financial Services
2851.TW,,Equity,tw_twse,Taiwan,Insurance - Reinsurance,,Financial Services
2852.TW,,Equity,tw_twse,Taiwan,Insurance - Property & Casualty,,Financial Services
2855.TW,,Equity,tw_twse,Taiwan,Capital Markets,,Financial Services
2867.TW,,Equity,tw_twse,Taiwan,Insurance - Life,,Financial Services
2880.TW,,Equity,tw_twse,Taiwan,Banks - Regional,,Financial Services
2881.TW,,Equity,tw_twse,Taiwan,Insurance - Life,,Financial Services
2882.TW,,Equity,tw_twse,Taiwan,Insurance - Life,,Financial Services
2883.TW,,Equity,tw_twse,Taiwan,Insurance - Life,,Financial Services
2884.TW,,Equity,tw_twse,Taiwan,Banks - Regional,,Financial Services
2885.TW,,Equity,tw_twse,Taiwan,Financial Conglomerates,,Financial Services
2886.TW,,Equity,tw_twse,Taiwan,Banks - Regional,,Financial Services
2887.TW,,Equity,tw_twse,Taiwan,Banks - Regional,,Financial Services
2889.TW,,Equity,tw_twse,Taiwan,Capital Markets,,Financial Services
2890.TW,,Equity,tw_twse,Taiwan,Banks - Regional,,Financial Services
2891.TW,,Equity,tw_twse,Taiwan,Banks - Regional,,Financial Services
2892.TW,,Equity,tw_twse,Taiwan,Banks - Regional,,Financial Services
2897.TW,,Equity,tw_twse,Taiwan,Banks - Regional,,Financial Services
2901.TW,,Equity,tw_twse,Taiwan,Department Stores,,Consumer Cyclical
2903.TW,,Equity,tw_twse,Taiwan,Department Stores,,Consumer Cyclical
2904.TW,,Equity,tw_twse,Taiwan,Oil & Gas Equipment & Services,,Energy
2905.TW,,Equity,tw_twse,Taiwan,Insurance - Life,,Financial Services
2906.TW,,Equity,tw_twse,Taiwan,Specialty Retail,,Consumer Cyclical
2908.TW,,Equity,tw_twse,Taiwan,Home Improvement Retail,,Consumer Cyclical
2910.TW,,Equity,tw_twse,Taiwan,Department Stores,,Consumer Cyclical
2911.TW,,Equity,tw_twse,Taiwan,Apparel Retail,,Consumer Cyclical
2912.TW,,Equity,tw_twse,Taiwan,Grocery Stores,,Consumer Defensive
2913.TW,,Equity,tw_twse,Taiwan,Farm Products,,Consumer Defensive
2915.TW,,Equity,tw_twse,Taiwan,Textile Manufacturing,,Consumer Cyclical
2923.TW,,Equity,tw_twse,Taiwan,Real Estate - Development,,Real Estate
2929.TW,,Equity,tw_twse,Taiwan,Apparel Manufacturing,,Consumer Cyclical
2939.TW,,Equity,tw_twse,Taiwan,Conglomerates,,Industrials
2945.TW,,Equity,tw_twse,Taiwan,Grocery Stores,,Consumer Defensive
3002.TW,,Equity,tw_twse,Taiwan,Electrical Equipment & Parts,,Industrials
3003.TW,,Equity,tw_twse,Taiwan,Electrical Equipment & Parts,,Industrials
3004.TW,,Equity,tw_twse,Taiwan,Tools & Accessories,,Industrials
3005.TW,,Equity,tw_twse,Taiwan,Computer Hardware,,Technology
3006.TW,,Equity,tw_twse,Taiwan,Semiconductors,,Technology
3008.TW,,Equity,tw_twse,Taiwan,Electronic Components,,Technology
3010.TW,,Equity,tw_twse,Taiwan,Electronics & Computer Distribution,,Technology
3011.TW,,Equity,tw_twse,Taiwan,Electronic Components,,Technology
3013.TW,,Equity,tw_twse,Taiwan,Computer Hardware,,Technology
3014.TW,,Equity,tw_twse,Taiwan,Semiconductors,,Technology
3015.TW,,Equity,tw_twse,Taiwan,Electrical Equipment & Parts,,Industrials
3016.TW,,Equity,tw_twse,Taiwan,Semiconductor Equipment & Materials,,Technology
3017.TW,,Equity,tw_twse,Taiwan,Electronic Components,,Technology
3018.TW,,Equity,tw_twse,Taiwan,Engineering & Construction,,Industrials
3019.TW,,Equity,tw_twse,Taiwan,Electronic Components,,Technology
3021.TW,,Equity,tw_twse,Taiwan,Computer Hardware,,Technology
3022.TW,,Equity,tw_twse,Taiwan,Computer Hardware,,Technology
3023.TW,,Equity,tw_twse,Taiwan,Electronic Components,,Technology
3024.TW,,Equity,tw_twse,Taiwan,Consumer Electronics,,Technology
3025.TW,,Equity,tw_twse,Taiwan,Communication Equipment,,Technology
3026.TW,,Equity,tw_twse,Taiwan,Electronic Components,,Technology
3027.TW,,Equity,tw_twse,Taiwan,Conglomerates,,Industrials
3028.TW,,Equity,tw_twse,Taiwan,Semiconductor Equipment & Materials,,Technology
3029.TW,,Equity,tw_twse,Taiwan,Computer Hardware,,Technology
3030.TW,,Equity,tw_twse,Taiwan,Scientific & Technical Instruments,,Technology
3031.TW,,Equity,tw_twse,Taiwan,Electronic Components,,Technology
3032.TW,,Equity,tw_twse,Taiwan,Computer Hardware,,Technology
3033.TW,,Equity,tw_twse,Taiwan,Electronics & Computer Distribution,,Technology
3034.TW,,Equity,tw_twse,Taiwan,Semiconductors,,Technology
3035.TW,,Equity,tw_twse,Taiwan,Semiconductor Equipment & Materials,,Technology
3036.TW,,Equity,tw_twse,Taiwan,Electronic Components,,Technology
3037.TW,,Equity,tw_twse,Taiwan,Electronic Components,,Technology
3038.TW,,Equity,tw_twse,Taiwan,Electronic Components,,Technology
3040.TW,,Equity,tw_twse,Taiwan,Consumer Electronics,,Technology
3041.TW,,Equity,tw_twse,Taiwan,Semiconductor Equipment & Materials,,Technology
3042.TW,,Equity,tw_twse,Taiwan,Electronic Components,,Technology
3043.TW,,Equity,tw_twse,Taiwan,Electrical Equipment & Parts,,Industrials
3044.TW,,Equity,tw_twse,Taiwan,Electronic Components,,Technology
3045.TW,,Equity,tw_twse,Taiwan,Specialty Retail,,Consumer Cyclical
3046.TW,,Equity,tw_twse,Taiwan,Computer Hardware,,Technology
3047.TW,,Equity,tw_twse,Taiwan,Communication Equipment,,Technology
3048.TW,,Equity,tw_twse,Taiwan,Electronics & Computer Distribution,,Technology
3049.TW,,Equity,tw_twse,Taiwan,Electronic Components,,Technology
3050.TW,,Equity,tw_twse,Taiwan,Consumer Electronics,,Technology
3051.TW,,Equity,tw_twse,Taiwan,Electronic Components,,Technology
3052.TW,,Equity,tw_twse,Taiwan,Engineering & Construction,,Industrials
3054.TW,,Equity,tw_twse,Taiwan,Drug Manufacturers - Specialty & Generic,,Healthcare
3055.TW,,Equity,tw_twse,Taiwan,Semiconductor Equipment & Materials,,Technology
3056.TW,,Equity,tw_twse,Taiwan,Real Estate - Development,,Real Estate
3057.TW,,Equity,tw_twse,Taiwan,Computer Hardware,,Technology
3058.TW,,Equity,tw_twse,Taiwan,Electrical Equipment & Parts,,Industrials
3059.TW,,Equity,tw_twse,Taiwan,Scientific & Technical Instruments,,Technology
3060.TW,,Equity,tw_twse,Taiwan,Electronic Components,,Technology
3062.TW,,Equity,tw_twse,Taiwan,Communication Equipment,,Technology
3090.TW,,Equity,tw_twse,Taiwan,Electronic Components,,Technology
3092.TW,,Equity,tw_twse,Taiwan,Electrical Equipment & Parts,,Industrials
3094.TW,,Equity,tw_twse,Taiwan,Semiconductors,,Technology
3130.TW,,Equity,tw_twse,Taiwan,Staffing & Employment Services,,Industrials
3135.TW,,Equity,tw_twse,Taiwan,Semiconductors,,Technology
3138.TW,,Equity,tw_twse,Taiwan,Communication Equipment,,Technology
3149.TW,,Equity,tw_twse,Taiwan,Electronic Components,,Technology
3150.TW,,Equity,tw_twse,Taiwan,Semiconductor Equipment & Materials,,Technology
3164.TW,,Equity,tw_twse,Taiwan,Biotechnology,,Healthcare
3167.TW,,Equity,tw_twse,Taiwan,Specialty Industrial Machinery,,Industrials
3168.TW,,Equity,tw_twse,Taiwan,Electronic Components,,Technology
3189.TW,,Equity,tw_twse,Taiwan,Semiconductor Equipment & Materials,,Technology
3209.TW,,Equity,tw_twse,Taiwan,Communication Equipment,,Technology
3229.TW,,Equity,tw_twse,Taiwan,Electronic Components,,Technology
3231.TW,,Equity,tw_twse,Taiwan,Computer Hardware,,Technology
3257.TW,,Equity,tw_twse,Taiwan,Semiconductors,,Technology
3266.TW,,Equity,tw_twse,Taiwan,Real Estate Services,,Real Estate
3296.TW,,Equity,tw_twse,Taiwan,Consumer Electronics,,Technology
3305.TW,,Equity,tw_twse,Taiwan,Electronic Components,,Technology
3308.TW,,Equity,tw_twse,Taiwan,Electrical Equipment & Parts,,Industrials
3311.TW,,Equity,tw_twse,Taiwan,Electronic Components,,Technology
3312.TW,,Equity,tw_twse,Taiwan,Electronics & Computer Distribution,,Technology
3321.TW,,Equity,tw_twse,Taiwan,Electronic Components,,Technology
3338.TW,,Equity,tw_twse,Taiwan,Electronic Components,,Technology
3346.TW,,Equity,tw_twse,Taiwan,Semiconductors,,Technology
3356.TW,,Equity,tw_twse,Taiwan,Security & Protection Services,,Industrials
3376.TW,,Equity,tw_twse,Taiwan,Metal Fabrication,,Industrials
3380.TW,,Equity,tw_twse,Taiwan,Communication Equipment,,Technology
3406.TW,,Equity,tw_twse,Taiwan,Computer Hardware,,Technology
3413.TW,,Equity,tw_twse,Taiwan,Semiconductor Equipment & Materials,,Technology
3416.TW,,Equity,tw_twse,Taiwan,Electronic Components,,Technology
3419.TW,,Equity,tw_twse,Taiwan,Communication Equipment,,Technology
3432.TW,,Equity,tw_twse,Taiwan,Electrical Equipment & Parts,,Industrials
3437.TW,,Equity,tw_twse,Taiwan,Semiconductors,,Technology
3443.TW,,Equity,tw_twse,Taiwan,Semiconductors,,Technology
3447.TW,,Equity,tw_twse,Taiwan,Communication Equipment,,Technology
3450.TW,,Equity,tw_twse,Taiwan,Semiconductor Equipment & Materials,,Technology
3454.TW,,Equity,tw_twse,Taiwan,Security & Protection Services,,Industrials
3481.TW,,Equity,tw_twse,Taiwan,Electronic Components,,Technology
3494.TW,,Equity,tw_twse,Taiwan,Computer Hardware,,Technology
3501.TW,,Equity,tw_twse,Taiwan,Electrical Equipment & Parts,,Industrials
3504.TW,,Equity,tw_twse,Taiwan,Electrical Equipment & Parts,,Industrials
3515.TW,,Equity,tw_twse,Taiwan,Computer Hardware,,Technology
3518.TW,,Equity,tw_twse,Taiwan,Specialty Industrial Machinery,,Industrials
3528.TW,,Equity,tw_twse,Taiwan,Electronics & Computer Distribution,,Technology
3530.TW,,Equity,tw_twse,Taiwan,Semiconductors,,Technology
3532.TW,,Equity,tw_twse,Taiwan,Semiconductor Equipment & Materials,,Technology
3533.TW,,Equity,tw_twse,Taiwan,Electronic Components,,Technology
3535.TW,,Equity,tw_twse,Taiwan,Computer Hardware,,Technology
3543.TW,,Equity,tw_twse,Taiwan,Electronic Components,,Technology
3545.TW,,Equity,tw_twse,Taiwan,Semiconductors,,Technology
3550.TW,,Equity,tw_twse,Taiwan,Electrical Equipment & Parts,,Industrials
3557.TW,,Equity,tw_twse,Taiwan,Household & Personal Products,,Consumer Defensive
3563.TW,,Equity,tw_twse,Taiwan,Semiconductor Equipment & Materials,,Technology
3576.TW,,Equity,tw_twse,Taiwan,Solar,,Technology
3583.TW,,Equity,tw_twse,Taiwan,Semiconductors,,Technology
3588.TW,,Equity,tw_twse,Taiwan,Semiconductors,,Technology
3591.TW,,Equity,tw_twse,Taiwan,Electronic Components,,Technology
3592.TW,,Equity,tw_twse,Taiwan,Semiconductors,,Technology
3593.TW,,Equity,tw_twse,Taiwan,Electronic Components,,Technology
3596.TW,,Equity,tw_twse,Taiwan,Communication Equipment,,Technology
3605.TW,,Equity,tw_twse,Taiwan,Electronic Components,,Technology
3607.TW,,Equity,tw_twse,Taiwan,Packaging & Containers,,Consumer Cyclical
3617.TW,,Equity,tw_twse,Taiwan,Electrical Equipment & Parts,,Industrials
3622.TW,,Equity,tw_twse,Taiwan,Electronic Components,,Technology
3645.TW,,Equity,tw_twse,Taiwan,Electronic Components,,Technology
3652.TW,,Equity,tw_twse,Taiwan,Computer Hardware,,Technology
3653.TW,,Equity,tw_twse,Taiwan,Electronic Components,,Technology
3661.TW,,Equity,tw_twse,Taiwan,Semiconductors,,Technology
3665.TW,,Equity,tw_twse,Taiwan,Electrical Equipment & Parts,,Industrials
3669.TW,,Equity,tw_twse,Taiwan,Consumer Electronics,,Technology
3673.TW,,Equity,tw_twse,Taiwan,Electronic Components,,Technology
3679.TW,,Equity,tw_twse,Taiwan,Electronic Components,,Technology
3686.TW,,Equity,tw_twse,Taiwan,Solar,,Technology
3694.TW,,Equity,tw_twse,Taiwan,Communication Equipment,,Technology
3701.TW,,Equity,tw_twse,Taiwan,Computer Hardware,,Technology
3702.TW,,Equity,tw_twse,Taiwan,Electronics & Computer Distribution,,Technology
3703.TW,,Equity,tw_twse,Taiwan,Engineering & Construction,,Industrials
3704.TW,,Equity,tw_twse,Taiwan,Communication Equipment,,Technology
3705.TW,,Equity,tw_twse,Taiwan,Drug Manufacturers - Specialty & Generic,,Healthcare
3706.TW,,Equity,tw_twse,Taiwan,Computer Hardware,,Technology
3708.TW,,Equity,tw_twse,Taiwan,Specialty Chemicals,,Basic Materials
3711.TW,,Equity,tw_twse,Taiwan,Semiconductors,,Technology
3712.TW,,Equity,tw_twse,Taiwan,Semiconductors,,Technology
3714.TW,,Equity,tw_twse,Taiwan,Electronic Components,,Technology
3715.TW,,Equity,tw_twse,Taiwan,Electronic Components,,Technology
3716.TW,,Equity,tw_twse,Taiwan,Medical Distribution,,Healthcare
4104.TW,,Equity,tw_twse,Taiwan,Medical Distribution,,Healthcare
4106.TW,,Equity,tw_twse,Taiwan,Medical Devices,,Healthcare
4108.TW,,Equity,tw_twse,Taiwan,Drug Manufacturers - Specialty & Generic,,Healthcare
4119.TW,,Equity,tw_twse,Taiwan,Drug Manufacturers - Specialty & Generic,,Healthcare
4133.TW,,Equity,tw_twse,Taiwan,Biotechnology,,Healthcare
4137.TW,,Equity,tw_twse,Taiwan,Household & Personal Products,,Consumer Defensive
4142.TW,,Equity,tw_twse,Taiwan,Biotechnology,,Healthcare
4148.TW,,Equity,tw_twse,Taiwan,Agricultural Inputs,,Basic Materials
4155.TW,,Equity,tw_twse,Taiwan,Medical Devices,,Healthcare
4164.TW,,Equity,tw_twse,Taiwan,Medical Distribution,,Healthcare
4190.TW,,Equity,tw_twse,Taiwan,Household & Personal Products,,Consumer Defensive
4306.TW,,Equity,tw_twse,Taiwan,Specialty Chemicals,,Basic Materials
4414.TW,,Equity,tw_twse,Taiwan,Apparel Manufacturing,,Consumer Cyclical
4426.TW,,Equity,tw_twse,Taiwan,Textile Manufacturing,,Consumer Cyclical
4438.TW,,Equity,tw_twse,Taiwan,Apparel Manufacturing,,Consumer Cyclical
4439.TW,,Equity,tw_twse,Taiwan,Textile Manufacturing,,Consumer Cyclical
4440.TW,,Equity,tw_twse,Taiwan,Textile Manufacturing,,Consumer Cyclical
4441.TW,,Equity,tw_twse,Taiwan,Textile Manufacturing,,Consumer Cyclical
4526.TW,,Equity,tw_twse,Taiwan,Specialty Industrial Machinery,,Industrials
4532.TW,,Equity,tw_twse,Taiwan,Specialty Industrial Machinery,,Industrials
4536.TW,,Equity,tw_twse,Taiwan,Leisure,,Consumer Cyclical
4540.TW,,Equity,tw_twse,Taiwan,Tools & Accessories,,Industrials
4545.TW,,Equity,tw_twse,Taiwan,Metal Fabrication,,Industrials
4551.TW,,Equity,tw_twse,Taiwan,Auto Parts,,Consumer Cyclical
4552.TW,,Equity,tw_twse,Taiwan,Specialty Industrial Machinery,,Industrials
4555.TW,,Equity,tw_twse,Taiwan,Electronic Components,,Technology
4557.TW,,Equity,tw_twse,Taiwan,Auto Parts,,Consumer Cyclical
4560.TW,,Equity,tw_twse,Taiwan,Tools & Accessories,,Industrials
4562.TW,,Equity,tw_twse,Taiwan,Specialty Industrial Machinery,,Industrials
4564.TW,,Equity,tw_twse,Taiwan,"Furnishings, Fixtures & Appliances",,Consumer Cyclical
4566.TW,,Equity,tw_twse,Taiwan,Specialty Industrial Machinery,,Industrials
4569.TW,,Equity,tw_twse,Taiwan,Metal Fabrication,,Industrials
4571.TW,,Equity,tw_twse,Taiwan,Tools & Accessories,,Industrials
4572.TW,,Equity,tw_twse,Taiwan,Aerospace & Defense,,Industrials
4576.TW,,Equity,tw_twse,Taiwan,Electrical Equipment & Parts,,Industrials
4581.TW,,Equity,tw_twse,Taiwan,Auto Parts,,Consumer Cyclical
4583.TW,,Equity,tw_twse,Taiwan,Specialty Industrial Machinery,,Industrials
4585.TW,,Equity,tw_twse,Taiwan,Specialty Industrial Machinery,,Industrials
4588.TW,,Equity,tw_twse,Taiwan,Electrical Equipment & Parts,,Industrials
4720.TW,,Equity,tw_twse,Taiwan,Specialty Chemicals,,Basic Materials
4722.TW,,Equity,tw_twse,Taiwan,Specialty Chemicals,,Basic Materials
4736.TW,,Equity,tw_twse,Taiwan,Medical Devices,,Healthcare
4737.TW,,Equity,tw_twse,Taiwan,Medical Instruments & Supplies,,Healthcare
4739.TW,,Equity,tw_twse,Taiwan,Specialty Chemicals,,Basic Materials
4746.TW,,Equity,tw_twse,Taiwan,Drug Manufacturers - Specialty & Generic,,Healthcare
4755.TW,,Equity,tw_twse,Taiwan,Specialty Chemicals,,Basic Materials
4763.TW,,Equity,tw_twse,Taiwan,Specialty Chemicals,,Basic Materials
4764.TW,,Equity,tw_twse,Taiwan,Specialty Chemicals,,Basic Materials
4766.TW,,Equity,tw_twse,Taiwan,Specialty Chemicals,,Basic Materials
4770.TW,,Equity,tw_twse,Taiwan,Specialty Chemicals,,Basic Materials
4771.TW,,Equity,tw_twse,Taiwan,Medical Instruments & Supplies,,Healthcare
4807.TW,,Equity,tw_twse,Taiwan,Luxury Goods,,Consumer Cyclical
4904.TW,,Equity,tw_twse,Taiwan,Telecom Services,,Communication Services
4906.TW,,Equity,tw_twse,Taiwan,Communication Equipment,,Technology
4912.TW,,Equity,tw_twse,Taiwan,Metal Fabrication,,Industrials
4915.TW,,Equity,tw_twse,Taiwan,Consumer Electronics,,Technology
4916.TW,,Equity,tw_twse,Taiwan,Computer Hardware,,Technology
4919.TW,,Equity,tw_twse,Taiwan,Semiconductors,,Technology
4927.TW,,Equity,tw_twse,Taiwan,Electronic Components,,Technology
4930.TW,,Equity,tw_twse,Taiwan,"Furnishings, Fixtures & Appliances",,Consumer Cyclical
4934.TW,,Equity,tw_twse,Taiwan,Solar,,Technology
4935.TW,,Equity,tw_twse,Taiwan,Electronic Components,,Technology
4938.TW,,Equity,tw_twse,Taiwan,Computer Hardware,,Technology
4942.TW,,Equity,tw_twse,Taiwan,Electronic Components,,Technology
4943.TW,,Equity,tw_twse,Taiwan,Electronic Components,,Technology
4949.TW,,Equity,tw_twse,Taiwan,Solar,,Technology
4952.TW,,Equity,tw_twse,Taiwan,Semiconductors,,Technology
4956.TW,,Equity,tw_twse,Taiwan,Electronic Components,,Technology
4958.TW,,Equity,tw_twse,Taiwan,Electronic Components,,Technology
4960.TW,,Equity,tw_twse,Taiwan,Electronic Components,,Technology
4961.TW,,Equity,tw_twse,Taiwan,Semiconductors,,Technology
4967.TW,,Equity,tw_twse,Taiwan,Computer Hardware,,Technology
4968.TW,,Equity,tw_twse,Taiwan,Semiconductors,,Technology
4976.TW,,Equity,tw_twse,Taiwan,Electronic Components,,Technology
4977.TW,,Equity,tw_twse,Taiwan,Computer Hardware,,Technology
4989.TW,,Equity,tw_twse,Taiwan,Copper,,Basic Materials
4994.TW,,Equity,tw_twse,Taiwan,Electronic Gaming & Multimedia,,Communication Services
4999.TW,,Equity,tw_twse,Taiwan,Tools & Accessories,,Industrials
5007.TW,,Equity,tw_twse,Taiwan,Tools & Accessories,,Industrials
5203.TW,,Equity,tw_twse,Taiwan,Software - Application,,Technology
5215.TW,,Equity,tw_twse,Taiwan,Computer Hardware,,Technology
5222.TW,,Equity,tw_twse,Taiwan,Semiconductor Equipment & Materials,,Technology
5225.TW,,Equity,tw_twse,Taiwan,Consumer Electronics,,Technology
5234.TW,,Equity,tw_twse,Taiwan,Specialty Chemicals,,Basic Materials
5243.TW,,Equity,tw_twse,Taiwan,Electronic Components,,Technology
5244.TW,,Equity,tw_twse,Taiwan,Electronic Components,,Technology
5258.TW,,Equity,tw_twse,Taiwan,Business Equipment & Supplies,,Industrials
5269.TW,,Equity,tw_twse,Taiwan,Semiconductors,,Technology
5283.TW,,Equity,tw_twse,Taiwan,Consumer Electronics,,Technology
5284.TW,,Equity,tw_twse,Taiwan,Electronic Components,,Technology
5285.TW,,Equity,tw_twse,Taiwan,Semiconductors,,Technology
5288.TW,,Equity,tw_twse,Taiwan,Conglomerates,,Industrials
5292.TW,,Equity,tw_twse,Taiwan,Pollution & Treatment Controls,,Industrials
5306.TW,,Equity,tw_twse,Taiwan,Auto Parts,,Consumer Cyclical
5388.TW,,Equity,tw_twse,Taiwan,Communication Equipment,,Technology
5434.TW,,Equity,tw_twse,Taiwan,Electronics & Computer Distribution,,Technology
5469.TW,,Equity,tw_twse,Taiwan,Electronic Components,,Technology
5471.TW,,Equity,tw_twse,Taiwan,Semiconductors,,Technology
5484.TW,,Equity,tw_twse,Taiwan,Security & Protection Services,,Industrials
5515.TW,,Equity,tw_twse,Taiwan,Engineering & Construction,,Industrials
5519.TW,,Equity,tw_twse,Taiwan,Engineering & Construction,,Industrials
5521.TW,,Equity,tw_twse,Taiwan,Engineering & Construction,,Industrials
5522.TW,,Equity,tw_twse,Taiwan,Real Estate - Development,,Real Estate
5525.TW,,Equity,tw_twse,Taiwan,Real Estate - Development,,Real Estate
5531.TW,,Equity,tw_twse,Taiwan,Engineering & Construction,,Industrials
5533.TW,,Equity,tw_twse,Taiwan,Real Estate Services,,Real Estate
5534.TW,,Equity,tw_twse,Taiwan,Real Estate - Development,,Real Estate
5538.TW,,Equity,tw_twse,Taiwan,Steel,,Basic Materials
5546.TW,,Equity,tw_twse,Taiwan,Building Materials,,Basic Materials
5607.TW,,Equity,tw_twse,Taiwan,Specialty Business Services,,Industrials
5608.TW,,Equity,tw_twse,Taiwan,Marine Shipping,,Industrials
5706.TW,,Equity,tw_twse,Taiwan,Travel Services,,Consumer Cyclical
5871.TW,,Equity,tw_twse,Taiwan,Credit Services,,Financial Services
5876.TW,,Equity,tw_twse,Taiwan,Banks - Regional,,Financial Services
5880.TW,,Equity,tw_twse,Taiwan,Banks - Regional,,Financial Services
5906.TW,,Equity,tw_twse,Taiwan,Apparel Manufacturing,,Consumer Cyclical
5907.TW,,Equity,tw_twse,Taiwan,Department Stores,,Consumer Cyclical
6005.TW,,Equity,tw_twse,Taiwan,Capital Markets,,Financial Services
6024.TW,,Equity,tw_twse,Taiwan,Capital Markets,,Financial Services
6108.TW,,Equity,tw_twse,Taiwan,Electronic Components,,Technology
6112.TW,,Equity,tw_twse,Taiwan,Information Technology Services,,Technology
6115.TW,,Equity,tw_twse,Taiwan,Electrical Equipment & Parts,,Industrials
6116.TW,,Equity,tw_twse,Taiwan,Electronic Components,,Technology
6117.TW,,Equity,tw_twse,Taiwan,Computer Hardware,,Technology
6120.TW,,Equity,tw_twse,Taiwan,Electronic Components,,Technology
6128.TW,,Equity,tw_twse,Taiwan,Business Equipment & Supplies,,Industrials
6133.TW,,Equity,tw_twse,Taiwan,Electrical Equipment & Parts,,Industrials
6136.TW,,Equity,tw_twse,Taiwan,Advertising Agencies,,Communication Services
6139.TW,,Equity,tw_twse,Taiwan,Engineering & Construction,,Industrials
6141.TW,,Equity,tw_twse,Taiwan,Electronic Components,,Technology
6142.TW,,Equity,tw_twse,Taiwan,Communication Equipment,,Technology
6152.TW,,Equity,tw_twse,Taiwan,Communication Equipment,,Technology
6153.TW,,Equity,tw_twse,Taiwan,Electronic Components,,Technology
6155.TW,,Equity,tw_twse,Taiwan,Electronic Components,,Technology
6164.TW,,Equity,tw_twse,Taiwan,Electrical Equipment & Parts,,Industrials
6165.TW,,Equity,tw_twse,Taiwan,Electronic Components,,Technology
6166.TW,,Equity,tw_twse,Taiwan,Computer Hardware,,Technology
6168.TW,,Equity,tw_twse,Taiwan,Semiconductors,,Technology
6176.TW,,Equity,tw_twse,Taiwan,Electronic Components,,Technology
6177.TW,,Equity,tw_twse,Taiwan,Real Estate - Development,,Real Estate
6183.TW,,Equity,tw_twse,Taiwan,Specialty Business Services,,Industrials
6184.TW,,Equity,tw_twse,Taiwan,Entertainment,,Communication Services
6189.TW,,Equity,tw_twse,Taiwan,Electronics & Computer Distribution,,Technology
6191.TW,,Equity,tw_twse,Taiwan,Electronic Components,,Technology
6192.TW,,Equity,tw_twse,Taiwan,Industrial Distribution,,Industrials
6196.TW,,Equity,tw_twse,Taiwan,Electronic Components,,Technology
6197.TW,,Equity,tw_twse,Taiwan,Computer Hardware,,Technology
6201.TW,,Equity,tw_twse,Taiwan,"Furnishings, Fixtures & Appliances",,Consumer Cyclical
6202.TW,,Equity,tw_twse,Taiwan,Semiconductors,,Technology
6205.TW,,Equity,tw_twse,Taiwan,Electronic Components,,Technology
6206.TW,,Equity,tw_twse,Taiwan,Computer Hardware,,Technology
6209.TW,,Equity,tw_twse,Taiwan,Electronic Components,,Technology
6213.TW,,Equity,tw_twse,Taiwan,Electronic Components,,Technology
6214.TW,,Equity,tw_twse,Taiwan,Information Technology Services,,Technology
6215.TW,,Equity,tw_twse,Taiwan,Specialty Industrial Machinery,,Industrials
6216.TW,,Equity,tw_twse,Taiwan,Communication Equipment,,Technology
6224.TW,,Equity,tw_twse,Taiwan,Electronic Components,,Technology
6225.TW,,Equity,tw_twse,Taiwan,Consumer Electronics,,Technology
6226.TW,,Equity,tw_twse,Taiwan,Electronic Components,,Technology
6230.TW,,Equity,tw_twse,Taiwan,Electronic Components,,Technology
6235.TW,,Equity,tw_twse,Taiwan,Metal Fabrication,,Industrials
6239.TW,,Equity,tw_twse,Taiwan,Semiconductors,,Technology
6243.TW,,Equity,tw_twse,Taiwan,Semiconductors,,Technology
6257.TW,,Equity,tw_twse,Taiwan,Semiconductor Equipment & Materials,,Technology
6269.TW,,Equity,tw_twse,Taiwan,Electronic Components,,Technology
6271.TW,,Equity,tw_twse,Taiwan,Semiconductor Equipment & Materials,,Technology
6272.TW,,Equity,tw_twse,Taiwan,Electronic Components,,Technology
6277.TW,,Equity,tw_twse,Taiwan,Computer Hardware,,Technology
6278.TW,,Equity,tw_twse,Taiwan,Semiconductors,,Technology
6281.TW,,Equity,tw_twse,Taiwan,Specialty Retail,,Consumer Cyclical
6282.TW,,Equity,tw_twse,Taiwan,Electrical Equipment & Parts,,Industrials
6283.TW,,Equity,tw_twse,Taiwan,Electronic Components,,Technology
6285.TW,,Equity,tw_twse,Taiwan,Communication Equipment,,Technology
6405.TW,,Equity,tw_twse,Taiwan,Electronic Components,,Technology
6409.TW,,Equity,tw_twse,Taiwan,Electrical Equipment & Parts,,Industrials
6412.TW,,Equity,tw_twse,Taiwan,Electrical Equipment & Parts,,Industrials
6414.TW,,Equity,tw_twse,Taiwan,Computer Hardware,,Technology
6415.TW,,Equity,tw_twse,Taiwan,Semiconductors,,Technology
6416.TW,,Equity,tw_twse,Taiwan,Communication Equipment,,Technology
6426.TW,,Equity,tw_twse,Taiwan,Communication Equipment,,Technology
6431.TW,,Equity,tw_twse,Taiwan,Household & Personal Products,,Consumer Defensive
6438.TW,,Equity,tw_twse,Taiwan,Specialty Industrial Machinery,,Industrials
6442.TW,,Equity,tw_twse,Taiwan,Electronic Components,,Technology
6443.TW,,Equity,tw_twse,Taiwan,Solar,,Technology
6446.TW,,Equity,tw_twse,Taiwan,Drug Manufacturers - Specialty & Generic,,Healthcare
6449.TW,,Equity,tw_twse,Taiwan,Electronic Components,,Technology
6451.TW,,Equity,tw_twse,Taiwan,Semiconductors,,Technology
6456.TW,,Equity,tw_twse,Taiwan,Electronic Components,,Technology
6464.TW,,Equity,tw_twse,Taiwan,Entertainment,,Communication Services
6472.TW,,Equity,tw_twse,Taiwan,Drug Manufacturers - Specialty & Generic,,Healthcare
6477.TW,,Equity,tw_twse,Taiwan,Solar,,Technology
6491.TW,,Equity,tw_twse,Taiwan,Medical Instruments & Supplies,,Healthcare
6504.TW,,Equity,tw_twse,Taiwan,Household & Personal Products,,Consumer Defensive
6505.TW,,Equity,tw_twse,Taiwan,Oil & Gas Refining & Marketing,,Energy
6515.TW,,Equity,tw_twse,Taiwan,Semiconductors,,Technology
6525.TW,,Equity,tw_twse,Taiwan,Semiconductors,,Technology
6526.TW,,Equity,tw_twse,Taiwan,Semiconductors,,Technology
6531.TW,,Equity,tw_twse,Taiwan,Semiconductors,,Technology
6533.TW,,Equity,tw_twse,Taiwan,Semiconductor Equipment & Materials,,Technology
6534.TW,,Equity,tw_twse,Taiwan,Agricultural Inputs,,Basic Materials
6541.TW,,Equity,tw_twse,Taiwan,Biotechnology,,Healthcare
6550.TW,,Equity,tw_twse,Taiwan,Biotechnology,,Healthcare
6552.TW,,Equity,tw_twse,Taiwan,Semiconductors,,Technology
6558.TW,,Equity,tw_twse,Taiwan,Electrical Equipment & Parts,,Industrials
6573.TW,,Equity,tw_twse,Taiwan,Semiconductors,,Technology
6579.TW,,Equity,tw_twse,Taiwan,Computer Hardware,,Technology
6581.TW,,Equity,tw_twse,Taiwan,Waste Management,,Industrials
6582.TW,,Equity,tw_twse,Taiwan,Specialty Chemicals,,Basic Materials
6585.TW,,Equity,tw_twse,Taiwan,Specialty Chemicals,,Basic Materials
6589.TW,,Equity,tw_twse,Taiwan,Biotechnology,,Healthcare
6591.TW,,Equity,tw_twse,Taiwan,Computer Hardware,,Technology
6592.TW,,Equity,tw_twse,Taiwan,Credit Services,,Financial Services
6598.TW,,Equity,tw_twse,Taiwan,Medical Devices,,Healthcare
6605.TW,,Equity,tw_twse,Taiwan,Auto Parts,,Consumer Cyclical
6606.TW,,Equity,tw_twse,Taiwan,Specialty Industrial Machinery,,Industrials
6614.TW,,Equity,tw_twse,Taiwan,Information Technology Services,,Technology
6625.TW,,Equity,tw_twse,Taiwan,Entertainment,,Communication Services
6641.TW,,Equity,tw_twse,Taiwan,Pollution & Treatment Controls,,Industrials
6645.TW,,Equity,tw_twse,Taiwan,Diagnostics & Research,,Healthcare
6655.TW,,Equity,tw_twse,Taiwan,Lumber & Wood Production,,Basic Materials
6657.TW,,Equity,tw_twse,Taiwan,Biotechnology,,Healthcare
6658.TW,,Equity,tw_twse,Taiwan,Semiconductor Equipment & Materials,,Technology
6666.TW,,Equity,tw_twse,Taiwan,Household & Personal Products,,Consumer Defensive
6668.TW,,Equity,tw_twse,Taiwan,Electronic Components,,Technology
6669.TW,,Equity,tw_twse,Taiwan,Computer Hardware,,Technology
6670.TW,,Equity,tw_twse,Taiwan,Leisure,,Consumer Cyclical
6671.TW,,Equity,tw_twse,Taiwan,Household & Personal Products,,Consumer Defensive
6672.TW,,Equity,tw_twse,Taiwan,Electronic Components,,Technology
6674.TW,,Equity,tw_twse,Taiwan,Communication Equipment,,Technology
6689.TW,,Equity,tw_twse,Taiwan,Software - Infrastructure,,Technology
6691.TW,,Equity,tw_twse,Taiwan,Engineering & Construction,,Industrials
6695.TW,,Equity,tw_twse,Taiwan,Semiconductors,,Technology
6698.TW,,Equity,tw_twse,Taiwan,Electronic Components,,Technology
6706.TW,,Equity,tw_twse,Taiwan,Specialty Industrial Machinery,,Industrials
6715.TW,,Equity,tw_twse,Taiwan,Communication Equipment,,Technology
6719.TW,,Equity,tw_twse,Taiwan,Semiconductors,,Technology
6722.TW,,Equity,tw_twse,Taiwan,Auto Parts,,Consumer Cyclical
6742.TW,,Equity,tw_twse,Taiwan,Electronic Components,,Technology
6743.TW,,Equity,tw_twse,Taiwan,Consumer Electronics,,Technology
6753.TW,,Equity,tw_twse,Taiwan,Aerospace & Defense,,Industrials
6754.TW,,Equity,tw_twse,Taiwan,Consulting Services,,Industrials
6756.TW,,Equity,tw_twse,Taiwan,Electronic Components,,Technology
6757.TW,,Equity,tw_twse,Taiwan,Airlines,,Industrials
6768.TW,,Equity,tw_twse,Taiwan,Footwear & Accessories,,Consumer Cyclical
6770.TW,,Equity,tw_twse,Taiwan,Semiconductors,,Technology
6771.TW,,Equity,tw_twse,Taiwan,Waste Management,,Industrials
6776.TW,,Equity,tw_twse,Taiwan,Electronics & Computer Distribution,,Technology
6781.TW,,Equity,tw_twse,Taiwan,Electrical Equipment & Parts,,Industrials
6782.TW,,Equity,tw_twse,Taiwan,Medical Instruments & Supplies,,Healthcare
6789.TW,,Equity,tw_twse,Taiwan,Semiconductors,,Technology
6790.TW,,Equity,tw_twse,Taiwan,Household & Personal Products,,Consumer Defensive
6792.TW,,Equity,tw_twse,Taiwan,Electronic Components,,Technology
6794.TW,,Equity,tw_twse,Taiwan,Biotechnology,,Healthcare
6796.TW,,Equity,tw_twse,Taiwan,Medical Devices,,Healthcare
6799.TW,,Equity,tw_twse,Taiwan,Semiconductors,,Technology
6805.TW,,Equity,tw_twse,Taiwan,Computer Hardware,,Technology
6806.TW,,Equity,tw_twse,Taiwan,Utilities - Renewable,,Utilities
6807.TW,,Equity,tw_twse,Taiwan,"Furnishings, Fixtures & Appliances",,Consumer Cyclical
6830.TW,,Equity,tw_twse,Taiwan,Semiconductor Equipment & Materials,,Technology
6831.TW,,Equity,tw_twse,Taiwan,Specialty Industrial Machinery,,Industrials
6834.TW,,Equity,tw_twse,Taiwan,Electronic Components,,Technology
6835.TW,,Equity,tw_twse,Taiwan,Electrical Equipment & Parts,,Industrials
6838.TW,,Equity,tw_twse,Taiwan,Biotechnology,,Healthcare
6854.TW,,Equity,tw_twse,Taiwan,Electronic Components,,Technology
6861.TW,,Equity,tw_twse,Taiwan,Medical Devices,,Healthcare
6862.TW,,Equity,tw_twse,Taiwan,Electronic Components,,Technology
6863.TW,,Equity,tw_twse,Taiwan,Electronic Components,,Technology
6869.TW,,Equity,tw_twse,Taiwan,Utilities - Renewable,,Utilities
6873.TW,,Equity,tw_twse,Taiwan,Engineering & Construction,,Industrials
6885.TW,,Equity,tw_twse,Taiwan,Biotechnology,,Healthcare
6887.TW,,Equity,tw_twse,Taiwan,Waste Management,,Industrials
6890.TW,,Equity,tw_twse,Taiwan,Footwear & Accessories,,Consumer Cyclical
6901.TW,,Equity,tw_twse,Taiwan,Asset Management,,Financial Services
6902.TW,,Equity,tw_twse,Taiwan,Software - Application,,Technology
6906.TW,,Equity,tw_twse,Taiwan,Information Technology Services,,Technology
6909.TW,,Equity,tw_twse,Taiwan,Specialty Industrial Machinery,,Industrials
6914.TW,,Equity,tw_twse,Taiwan,Business Equipment & Supplies,,Industrials
6916.TW,,Equity,tw_twse,Taiwan,Electronic Components,,Technology
6918.TW,,Equity,tw_twse,Taiwan,Medical Devices,,Healthcare
6919.TW,,Equity,tw_twse,Taiwan,Biotechnology,,Healthcare
6921.TW,,Equity,tw_twse,Taiwan,Semiconductors,,Technology
6923.TW,,Equity,tw_twse,Taiwan,Waste Management,,Industrials
6924.TW,,Equity,tw_twse,Taiwan,Electronic Components,,Technology
6928.TW,,Equity,tw_twse,Taiwan,Computer Hardware,,Technology
6931.TW,,Equity,tw_twse,Taiwan,Medical Care Facilities,,Healthcare
6933.TW,,Equity,tw_twse,Taiwan,Computer Hardware,,Technology
6936.TW,,Equity,tw_twse,Taiwan,Farm Products,,Consumer Defensive
6937.TW,,Equity,tw_twse,Taiwan,Semiconductors,,Technology
6944.TW,,Equity,tw_twse,Taiwan,Pollution & Treatment Controls,,Industrials
6949.TW,,Equity,tw_twse,Taiwan,Biotechnology,,Healthcare
6951.TW,,Equity,tw_twse,Taiwan,Waste Management,,Industrials
6952.TW,,Equity,tw_twse,Taiwan,Farm Products,,Consumer Defensive
6955.TW,,Equity,tw_twse,Taiwan,Medical Devices,,Healthcare
6957.TW,,Equity,tw_twse,Taiwan,"Furnishings, Fixtures & Appliances",,Consumer Cyclical
6958.TW,,Equity,tw_twse,Taiwan,Credit Services,,Financial Services
6962.TW,,Equity,tw_twse,Taiwan,Electronic Components,,Technology
6965.TW,,Equity,tw_twse,Taiwan,Footwear & Accessories,,Consumer Cyclical
6969.TW,,Equity,tw_twse,Taiwan,Conglomerates,,Industrials
6988.TW,,Equity,tw_twse,Taiwan,Electronic Components,,Technology
6994.TW,,Equity,tw_twse,Taiwan,Utilities - Renewable,,Utilities
7610.TW,,Equity,tw_twse,Taiwan,Other Industrial Metals & Mining,,Basic Materials
7631.TW,,Equity,tw_twse,Taiwan,Engineering & Construction,,Industrials
7705.TW,,Equity,tw_twse,Taiwan,Restaurants,,Consumer Cyclical
7711.TW,,Equity,tw_twse,Taiwan,Computer Hardware,,Technology
7721.TW,,Equity,tw_twse,Taiwan,Software - Infrastructure,,Technology
7722.TW,,Equity,tw_twse,Taiwan,Software - Infrastructure,,Technology
7730.TW,,Equity,tw_twse,Taiwan,Specialty Industrial Machinery,,Industrials
7732.TW,,Equity,tw_twse,Taiwan,Electrical Equipment & Parts,,Industrials
7736.TW,,Equity,tw_twse,Taiwan,Auto Parts,,Consumer Cyclical
7740.TW,,Equity,tw_twse,Taiwan,Utilities - Regulated Electric,,Utilities
7750.TW,,Equity,tw_twse,Taiwan,Electrical Equipment & Parts,,Industrials
7765.TW,,Equity,tw_twse,Taiwan,Information Technology Services,,Technology
7769.TW,,Equity,tw_twse,Taiwan,Semiconductor Equipment & Materials,,Technology
7780.TW,,Equity,tw_twse,Taiwan,Packaged Foods,,Consumer Defensive
7786.TW,,Equity,tw_twse,Taiwan,Specialty Business Services,,Industrials
7788.TW,,Equity,tw_twse,Taiwan,Electrical Equipment & Parts,,Industrials
7791.TW,,Equity,tw_twse,Taiwan,Packaged Foods,,Consumer Defensive
7795.TW,,Equity,tw_twse,Taiwan,Specialty Industrial Machinery,,Industrials
7799.TW,,Equity,tw_twse,Taiwan,Medical Devices,,Healthcare
8011.TW,,Equity,tw_twse,Taiwan,Communication Equipment,,Technology
8016.TW,,Equity,tw_twse,Taiwan,Semiconductors,,Technology
8021.TW,,Equity,tw_twse,Taiwan,Tools & Accessories,,Industrials
8028.TW,,Equity,tw_twse,Taiwan,Semiconductor Equipment & Materials,,Technology
8033.TW,,Equity,tw_twse,Taiwan,Leisure,,Consumer Cyclical
8039.TW,,Equity,tw_twse,Taiwan,Electronic Components,,Technology
8045.TW,,Equity,tw_twse,Taiwan,Communication Equipment,,Technology
8046.TW,,Equity,tw_twse,Taiwan,Electronic Components,,Technology
8070.TW,,Equity,tw_twse,Taiwan,Electronics & Computer Distribution,,Technology
8072.TW,,Equity,tw_twse,Taiwan,Electronics & Computer Distribution,,Technology
8081.TW,,Equity,tw_twse,Taiwan,Semiconductors,,Technology
8101.TW,,Equity,tw_twse,Taiwan,Communication Equipment,,Technology
8103.TW,,Equity,tw_twse,Taiwan,Electronic Components,,Technology
8104.TW,,Equity,tw_twse,Taiwan,Electronic Components,,Technology
8105.TW,,Equity,tw_twse,Taiwan,Electronic Components,,Technology
8110.TW,,Equity,tw_twse,Taiwan,Semiconductor Equipment & Materials,,Technology
8112.TW,,Equity,tw_twse,Taiwan,Semiconductors,,Technology
8114.TW,,Equity,tw_twse,Taiwan,Business Equipment & Supplies,,Industrials
8131.TW,,Equity,tw_twse,Taiwan,Semiconductors,,Technology
8150.TW,,Equity,tw_twse,Taiwan,Semiconductors,,Technology
8162.TW,,Equity,tw_twse,Taiwan,Semiconductors,,Technology
8163.TW,,Equity,tw_twse,Taiwan,Electronic Components,,Technology
8201.TW,,Equity,tw_twse,Taiwan,Consumer Electronics,,Technology
8210.TW,,Equity,tw_twse,Taiwan,Computer Hardware,,Technology
8213.TW,,Equity,tw_twse,Taiwan,Electronic Components,,Technology
8215.TW,,Equity,tw_twse,Taiwan,Electronic Components,,Technology
8222.TW,,Equity,tw_twse,Taiwan,Aerospace & Defense,,Industrials
8249.TW,,Equity,tw_twse,Taiwan,Electrical Equipment & Parts,,Industrials
8261.TW,,Equity,tw_twse,Taiwan,Semiconductors,,Technology
8271.TW,,Equity,tw_twse,Taiwan,Semiconductors,,Technology
8341.TW,,Equity,tw_twse,Taiwan,Waste Management,,Industrials
8367.TW,,Equity,tw_twse,Taiwan,Marine Shipping,,Industrials
8374.TW,,Equity,tw_twse,Taiwan,Industrial Distribution,,Industrials
8404.TW,,Equity,tw_twse,Taiwan,Footwear & Accessories,,Consumer Cyclical
8411.TW,,Equity,tw_twse,Taiwan,Packaging & Containers,,Consumer Cyclical
8422.TW,,Equity,tw_twse,Taiwan,Waste Management,,Industrials
8429.TW,,Equity,tw_twse,Taiwan,Apparel Manufacturing,,Consumer Cyclical
8438.TW,,Equity,tw_twse,Taiwan,Chemicals,,Basic Materials
8442.TW,,Equity,tw_twse,Taiwan,Leisure,,Consumer Cyclical
8443.TW,,Equity,tw_twse,Taiwan,Footwear & Accessories,,Consumer Cyclical
8454.TW,,Equity,tw_twse,Taiwan,Internet Retail,,Consumer Cyclical
8462.TW,,Equity,tw_twse,Taiwan,Leisure,,Consumer Cyclical
8463.TW,,Equity,tw_twse,Taiwan,Building Materials,,Basic Materials
8464.TW,,Equity,tw_twse,Taiwan,"Furnishings, Fixtures & Appliances",,Consumer Cyclical
8466.TW,,Equity,tw_twse,Taiwan,Building Products & Equipment,,Industrials
8467.TW,,Equity,tw_twse,Taiwan,Leisure,,Consumer Cyclical
8473.TW,,Equity,tw_twse,Taiwan,Waste Management,,Industrials
8476.TW,,Equity,tw_twse,Taiwan,Waste Management,,Industrials
8478.TW,,Equity,tw_twse,Taiwan,Recreational Vehicles,,Consumer Cyclical
8481.TW,,Equity,tw_twse,Taiwan,Specialty Business Services,,Industrials
8482.TW,,Equity,tw_twse,Taiwan,"Furnishings, Fixtures & Appliances",,Consumer Cyclical
8487.TW,,Equity,tw_twse,Taiwan,Entertainment,,Communication Services
8488.TW,,Equity,tw_twse,Taiwan,Packaging & Containers,,Consumer Cyclical
8499.TW,,Equity,tw_twse,Taiwan,Electronic Components,,Technology
8926.TW,,Equity,tw_twse,Taiwan,Engineering & Construction,,Industrials
8940.TW,,Equity,tw_twse,Taiwan,Restaurants,,Consumer Cyclical
8996.TW,,Equity,tw_twse,Taiwan,Specialty Industrial Machinery,,Industrials
9103.TW,,Equity,tw_twse,Taiwan,Medical Instruments & Supplies,,Healthcare
9105.TW,,Equity,tw_twse,Taiwan,Computer Hardware,,Technology
9136.TW,,Equity,tw_twse,Taiwan,Computer Hardware,,Technology
9802.TW,,Equity,tw_twse,Taiwan,Footwear & Accessories,,Consumer Cyclical
9902.TW,,Equity,tw_twse,Taiwan,Real Estate Services,,Real Estate
9904.TW,,Equity,tw_twse,Taiwan,Footwear & Accessories,,Consumer Cyclical
9905.TW,,Equity,tw_twse,Taiwan,Packaging & Containers,,Consumer Cyclical
9906.TW,,Equity,tw_twse,Taiwan,Engineering & Construction,,Industrials
9907.TW,,Equity,tw_twse,Taiwan,Packaging & Containers,,Consumer Cyclical
9908.TW,,Equity,tw_twse,Taiwan,Utilities - Regulated Gas,,Utilities
9910.TW,,Equity,tw_twse,Taiwan,Footwear & Accessories,,Consumer Cyclical
9911.TW,,Equity,tw_twse,Taiwan,"Furnishings, Fixtures & Appliances",,Consumer Cyclical
9912.TW,,Equity,tw_twse,Taiwan,Electronic Components,,Technology
9914.TW,,Equity,tw_twse,Taiwan,Leisure,,Consumer Cyclical
9917.TW,,Equity,tw_twse,Taiwan,Security & Protection Services,,Industrials
9918.TW,,Equity,tw_twse,Taiwan,Utilities - Regulated Gas,,Utilities
9919.TW,,Equity,tw_twse,Taiwan,Household & Personal Products,,Consumer Defensive
9921.TW,,Equity,tw_twse,Taiwan,Leisure,,Consumer Cyclical
9924.TW,,Equity,tw_twse,Taiwan,Building Products & Equipment,,Industrials
9925.TW,,Equity,tw_twse,Taiwan,Security & Protection Services,,Industrials
9926.TW,,Equity,tw_twse,Taiwan,Utilities - Regulated Gas,,Utilities
9927.TW,,Equity,tw_twse,Taiwan,Other Industrial Metals & Mining,,Basic Materials
9928.TW,,Equity,tw_twse,Taiwan,Broadcasting,,Communication Services
9929.TW,,Equity,tw_twse,Taiwan,Specialty Business Services,,Industrials
9930.TW,,Equity,tw_twse,Taiwan,Building Materials,,Basic Materials
9931.TW,,Equity,tw_twse,Taiwan,Utilities - Regulated Gas,,Utilities
9933.TW,,Equity,tw_twse,Taiwan,Engineering & Construction,,Industrials
9934.TW,,Equity,tw_twse,Taiwan,Building Products & Equipment,,Industrials
9935.TW,,Equity,tw_twse,Taiwan,"Furnishings, Fixtures & Appliances",,Consumer Cyclical
9937.TW,,Equity,tw_twse,Taiwan,Specialty Retail,,Consumer Cyclical
9938.TW,,Equity,tw_twse,Taiwan,Textile Manufacturing,,Consumer Cyclical
9940.TW,,Equity,tw_twse,Taiwan,Real Estate Services,,Real Estate
9941.TW,,Equity,tw_twse,Taiwan,Credit Services,,Financial Services
9942.TW,,Equity,tw_twse,Taiwan,Auto Parts,,Consumer Cyclical
9943.TW,,Equity,tw_twse,Taiwan,Leisure,,Consumer Cyclical
9944.TW,,Equity,tw_twse,Taiwan,Textile Manufacturing,,Consumer Cyclical
9945.TW,,Equity,tw_twse,Taiwan,Engineering & Construction,,Industrials
9946.TW,,Equity,tw_twse,Taiwan,Real Estate - Diversified,,Real Estate
9955.TW,,Equity,tw_twse,Taiwan,Pollution & Treatment Controls,,Industrials
9958.TW,,Equity,tw_twse,Taiwan,Metal Fabrication,,Industrials
A,Agilent Technologies,Equity,us_russell_1000,USA,Health Care Equipment,Health Care,Healthcare
AA,Alcoa,Equity,us_russell_1000,USA,Aluminum,Materials,Basic Materials
AAL,American Airlines Group,Equity,us_russell_1000,USA,Passenger Airlines,Industrials,Industrials
AAON,AAON,Equity,us_russell_1000,USA,Building Products,Industrials,Industrials
AAPL,Apple Inc.,Equity,us_russell_1000,USA,"Technology Hardware, Storage & Peripherals",Information Technology,Technology
ABBV,AbbVie,Equity,us_russell_1000,USA,Pharmaceuticals,Health Care,Healthcare
ABNB,Airbnb,Equity,us_russell_1000,USA,"Hotels, Resorts & Cruise lines",Consumer Discretionary,Consumer Cyclical
ABT,Abbott Laboratories,Equity,us_russell_1000,USA,Health Care Equipment,Health Care,Healthcare
ACGL,Arch Capital Group,Equity,us_russell_1000,USA,Reinsurance,Financials,Financial Services
ACHC,Acadia Healthcare,Equity,us_russell_1000,USA,Health Care Facilities,Health Care,Healthcare
ACI,Albertsons,Equity,us_russell_1000,USA,Food Retail,Consumer Staples,Consumer Defensive
ACM,AECOM,Equity,us_russell_1000,USA,Construction & Engineering,Industrials,Industrials
ACN,Accenture,Equity,us_russell_1000,USA,IT Consulting & Other Services,Information Technology,Technology
ADBE,Adobe Inc.,Equity,us_russell_1000,USA,Application Software,Information Technology,Technology
ADC,Agree Realty,Equity,us_russell_1000,USA,REIT - Retail,Real Estate,Real Estate
ADI,Analog Devices,Equity,us_russell_1000,USA,Semiconductors,Information Technology,Technology
ADM,Archer Daniels Midland,Equity,us_russell_1000,USA,Agricultural Products & Services,Consumer Staples,Consumer Defensive
ADP,Automatic Data Processing,Equity,us_russell_1000,USA,Human Resource & Employment Services,Industrials,Technology
ADSK,Autodesk,Equity,us_russell_1000,USA,Application Software,Information Technology,Technology
ADT,ADT Inc.,Equity,us_russell_1000,USA,Security & Protection Services,Consumer Discretionary,Industrials
AEE,Ameren,Equity,us_russell_1000,USA,Multi-Utilities,Utilities,Utilities
AEP,American Electric Power,Equity,us_russell_1000,USA,Electric Utilities,Utilities,Utilities
AES,AES Corporation,Equity,us_russell_1000,USA,Independent Power Producers & Energy Traders,Utilities,Utilities
AFG,American Financial Group,Equity,us_russell_1000,USA,Multi-line Insurance,Financials,Financial Services
AFL,Aflac,Equity,us_russell_1000,USA,Life & Health Insurance,Financials,Financial Services
AFRM,Affirm Holdings,Equity,us_russell_1000,USA,Credit Services,Information Technology,Financial Services
AGCO,AGCO,Equity,us_russell_1000,USA,Agricultural & Farm Machinery,Industrials,Industrials
AGNC,AGNC Investment,Equity,us_russell_1000,USA,REIT - Mortgage,Financials,Real Estate
AGO,Assured Guaranty,Equity,us_russell_1000,USA,Insurance - Specialty,Financials,Financial Services
AIG,American International Group,Equity,us_russell_1000,USA,Property & Casualty Insurance,Financials,Financial Services
AIT,Applied Industrial Technologies,Equity,us_russell_1000,USA,Trading Companies & Distributors,Industrials,Industrials
AIZ,Assurant,Equity,us_russell_1000,USA,Multi-line Insurance,Financials,Financial Services
AJG,Arthur J. Gallagher & Co.,Equity,us_russell_1000,USA,Insurance Brokers,Financials,Financial Services
AKAM,Akamai Technologies,Equity,us_russell_1000,USA,Internet Services & Infrastructure,Information Technology,Technology
AL,Air Lease Corporation,Equity,us_russell_1000,USA,Rental & Leasing Services,Industrials,Industrials
ALAB,Astera Labs,Equity,us_russell_1000,USA,Semiconductors,Information Technology,Technology
ALB,Albemarle Corporation,Equity,us_russell_1000,USA,Specialty Chemicals,Materials,Basic Materials
ALGM,Allegro MicroSystems,Equity,us_russell_1000,USA,Semiconductors,Information Technology,Technology
ALGN,Align Technology,Equity,us_russell_1000,USA,Health Care Supplies,Health Care,Healthcare
ALK,Alaska Air Group,Equity,us_russell_1000,USA,Passenger Airlines,Industrials,Industrials
ALL,Allstate,Equity,us_russell_1000,USA,Property & Casualty Insurance,Financials,Financial Services
ALLE,Allegion,Equity,us_russell_1000,USA,Building Products,Industrials,Industrials
ALLY,Ally Financial,Equity,us_russell_1000,USA,Credit Services,Financials,Financial Services
ALNY,Alnylam Pharmaceuticals,Equity,us_russell_1000,USA,Biotechnology,Health Care,Healthcare
ALSN,Allison Transmission,Equity,us_russell_1000,USA,Auto Parts,Industrials,Consumer Cyclical
AM,Antero Midstream,Equity,us_russell_1000,USA,Oil & Gas Midstream,Energy,Energy
AMAT,Applied Materials,Equity,us_russell_1000,USA,Semiconductor Materials & Equipment,Information Technology,Technology
AMCR,Amcor,Equity,us_russell_1000,USA,Paper & Plastic Packaging Products & Materials,Materials,Consumer Cyclical
AMD,Advanced Micro Devices,Equity,us_russell_1000,USA,Semiconductors,Information Technology,Technology
AME,Ametek,Equity,us_russell_1000,USA,Electrical Components & Equipment,Industrials,Industrials
AMG,Affiliated Managers Group,Equity,us_russell_1000,USA,Asset Management & Custody Banks,Financials,Financial Services
AMGN,Amgen,Equity,us_russell_1000,USA,Biotechnology,Health Care,Healthcare
AMH,American Homes 4 Rent,Equity,us_russell_1000,USA,REIT - Residential,Real Estate,Real Estate
AMKR,Amkor Technology,Equity,us_russell_1000,USA,Semiconductors,Information Technology,Technology
AMP,Ameriprise Financial,Equity,us_russell_1000,USA,Asset Management & Custody Banks,Financials,Financial Services
AMT,American Tower,Equity,us_russell_1000,USA,Telecom Tower REITs,Real Estate,Real Estate
AMTM,Amentum,Equity,us_russell_1000,USA,Diversified Support Services,Industrials,Industrials
AMZN,Amazon,Equity,us_russell_1000,USA,Broadline Retail,Consumer Discretionary,Consumer Cyclical
AN,AutoNation,Equity,us_russell_1000,USA,Automotive Retail,Consumer Discretionary,Consumer Cyclical
ANET,Arista Networks,Equity,us_russell_1000,USA,Communications Equipment,Information Technology,Technology
AON,AON,Equity,us_russell_1000,USA,Insurance Brokers,Financials,Financial Services
AOS,A. O. Smith,Equity,us_russell_1000,USA,Building Products,Industrials,Industrials
APA,APA Corporation,Equity,us_russell_1000,USA,Oil & Gas Exploration & Production,Energy,Energy
APD,Air Products,Equity,us_russell_1000,USA,Industrial Gases,Materials,Basic Materials
APG,APi Group,Equity,us_russell_1000,USA,Construction & Engineering,Industrials,Industrials
APH,Amphenol,Equity,us_russell_1000,USA,Electronic Components,Information Technology,Technology
APLS,Apellis Pharmaceuticals,Equity,us_russell_1000,USA,Biotechnology,Health Care,Healthcare
APO,Apollo Global Management,Equity,us_russell_1000,USA,Asset Management & Custody Banks,Financials,Financial Services
APP,AppLovin,Equity,us_russell_1000,USA,Application Software,Information Technology,Communication Services
APPF,AppFolio,Equity,us_russell_1000,USA,Application Software,Information Technology,Technology
APTV,Aptiv,Equity,us_russell_1000,USA,Automotive Parts & Equipment,Consumer Discretionary,Consumer Cyclical
AR,Antero Resources,Equity,us_russell_1000,USA,Oil & Gas E&P,Energy,Energy
ARE,Alexandria Real Estate Equities,Equity,us_russell_1000,USA,Office REITs,Real Estate,Real Estate
ARES,Ares Management,Equity,us_russell_1000,USA,Asset Management,Financials,Financial Services
ARMK,Aramark,Equity,us_russell_1000,USA,Specialty Business Services,Consumer Discretionary,Industrials
ARW,Arrow Electronics,Equity,us_russell_1000,USA,Technology Distributors,Information Technology,Technology
AS,Amer Sports,Equity,us_russell_1000,USA,Leisure Products,Consumer Discretionary,Consumer Cyclical
ASH,Ashland Global,Equity,us_russell_1000,USA,Diversified Chemicals,Materials,Basic Materials
ASTS,AST SpaceMobile,Equity,us_russell_1000,USA,Wireless Telecommunication Services,Communication Services,Technology
ATI,ATI Inc.,Equity,us_russell_1000,USA,Aerospace & Defense,Industrials,Industrials
ATO,Atmos Energy,Equity,us_russell_1000,USA,Gas Utilities,Utilities,Utilities
ATR,AptarGroup,Equity,us_russell_1000,USA,"Metal, Glass & Plastic Containers",Materials,Healthcare
AU,AngloGold Ashanti,Equity,us_russell_1000,USA,Gold,Materials,Basic Materials
AUR,Aurora Innovation,Equity,us_russell_1000,USA,Information Technology Services,Information Technology,Technology
AVB,AvalonBay Communities,Equity,us_russell_1000,USA,Multi-Family Residential REITs,Real Estate,Real Estate
AVGO,Broadcom,Equity,us_russell_1000,USA,Semiconductors,Information Technology,Technology
AVT,Avnet,Equity,us_russell_1000,USA,Technology Distributors,Information Technology,Technology
AVTR,Avantor,Equity,us_russell_1000,USA,Medical Instruments & Supplies,Health Care,Healthcare
AVY,Avery Dennison,Equity,us_russell_1000,USA,Paper & Plastic Packaging Products & Materials,Materials,Consumer Cyclical
AWI,Armstrong World Industries,Equity,us_russell_1000,USA,Building Products & Equipment,Industrials,Industrials
AWK,American Water Works,Equity,us_russell_1000,USA,Water Utilities,Utilities,Utilities
AXON,Axon Enterprise,Equity,us_russell_1000,USA,Aerospace & Defense,Industrials,Industrials
AXP,American Express,Equity,us_russell_1000,USA,Consumer Finance,Financials,Financial Services
AXS,AXIS Capital,Equity,us_russell_1000,USA,Insurance - Specialty,Financials,Financial Services
AXTA,Axalta,Equity,us_russell_1000,USA,Specialty Chemicals,Materials,Basic Materials
AYI,Acuity Brands,Equity,us_russell_1000,USA,Electrical Components & Equipment,Industrials,Industrials
AZO,AutoZone,Equity,us_russell_1000,USA,Automotive Retail,Consumer Discretionary,Consumer Cyclical
BA,Boeing,Equity,us_russell_1000,USA,Aerospace & Defense,Industrials,Industrials
BAC,Bank of America,Equity,us_russell_1000,USA,Diversified Banks,Financials,Financial Services
BAH,Booz Allen Hamilton,Equity,us_russell_1000,USA,Consulting Services,Industrials,Industrials
BALL,Ball Corporation,Equity,us_russell_1000,USA,"Metal, Glass & Plastic Containers",Materials,Consumer Cyclical
BAM,Brookfield Asset Management,Equity,us_russell_1000,USA,Asset Management & Custody Banks,Financials,Financial Services
BAX,Baxter International,Equity,us_russell_1000,USA,Health Care Equipment,Health Care,Healthcare
BBWI,"Bath & Body Works, Inc.",Equity,us_russell_1000,USA,Other Specialty Retail,Consumer Discretionary,Consumer Cyclical
BBY,Best Buy,Equity,us_russell_1000,USA,Computer & Electronics Retail,Consumer Discretionary,Consumer Cyclical
BC,Brunswick Corporation,Equity,us_russell_1000,USA,Leisure Products,Consumer Discretionary,Consumer Cyclical
BDX,Becton Dickinson,Equity,us_russell_1000,USA,Health Care Equipment,Health Care,Healthcare
BEN,Franklin Templeton Investments,Equity,us_russell_1000,USA,Asset Management & Custody Banks,Financials,Financial Services
BEPC,Brookfield Renewable Partners,Equity,us_russell_1000,USA,Utilities - Renewable,Utilities,Utilities
BFAM,Bright Horizons,Equity,us_russell_1000,USA,Personal Services,Consumer Discretionary,Consumer Cyclical
BG,Bunge Global,Equity,us_russell_1000,USA,Agricultural Products & Services,Consumer Staples,Consumer Defensive
BHF,Brighthouse Financial,Equity,us_russell_1000,USA,Life & Health Insurance,Financials,Financial Services
BIIB,Biogen,Equity,us_russell_1000,USA,Biotechnology,Health Care,Healthcare
BILL,Bill.com,Equity,us_russell_1000,USA,Software - Application,Information Technology,Technology
BIO,Bio-Rad Laboratories,Equity,us_russell_1000,USA,Life Sciences Tools & Services,Health Care,Healthcare
BIRK,Birkenstock,Equity,us_russell_1000,USA,Footwear,Consumer Discretionary,Consumer Cyclical
BJ,BJ's Wholesale Club,Equity,us_russell_1000,USA,Hypermarkets & Super Centers,Consumer Staples,Consumer Defensive
BK,BNY Mellon,Equity,us_russell_1000,USA,Asset Management & Custody Banks,Financials,Financial Services
BKNG,Booking Holdings,Equity,us_russell_1000,USA,"Hotels, Resorts & Cruise Lines",Consumer Discretionary,Consumer Cyclical
BKR,Baker Hughes,Equity,us_russell_1000,USA,Oil & Gas Equipment & Services,Energy,Energy
BLD,TopBuild,Equity,us_russell_1000,USA,Engineering & Construction,Consumer Discretionary,Industrials
BLDR,Builders FirstSource,Equity,us_russell_1000,USA,Building Products,Industrials,Industrials
BLK,BlackRock,Equity,us_russell_1000,USA,Asset Management & Custody Banks,Financials,Financial Services
BLSH,Bullish,Equity,us_russell_1000,USA,Software - Infrastructure,Financials,Technology
BMRN,BioMarin Pharmaceutical,Equity,us_russell_1000,USA,Biotechnology,Health Care,Healthcare
BMY,Bristol Myers Squibb,Equity,us_russell_1000,USA,Health Care Distributors,Health Care,Healthcare
BOKF,BOK Financial Corporation,Equity,us_russell_1000,USA,Banks - Regional,Financials,Financial Services
BPOP,"Popular, Inc.",Equity,us_russell_1000,USA,Banks - Regional,Financials,Financial Services
BR,Broadridge Financial Solutions,Equity,us_russell_1000,USA,Data Processing & Outsourced Services,Industrials,Technology
BRBR,BellRing Brands,Equity,us_russell_1000,USA,Packaged Foods & Meats,Consumer Staples,Consumer Defensive
BRKR,Bruker,Equity,us_russell_1000,USA,Health Care Equipment,Health Care,Healthcare
BRO,Brown & Brown,Equity,us_russell_1000,USA,Insurance Brokers,Financials,Financial Services
BROS,Dutch Bros. Coffee,Equity,us_russell_1000,USA,Restaurants,Consumer Discretionary,Consumer Cyclical
BRX,Brixmor Property Group,Equity,us_russell_1000,USA,Retail REITs,Real Estate,Real Estate
BSX,Boston Scientific,Equity,us_russell_1000,USA,Health Care Equipment,Health Care,Healthcare
BSY,Bentley Systems,Equity,us_russell_1000,USA,Software - Application,Information Technology,Technology
BURL,Burlington Stores,Equity,us_russell_1000,USA,Apparel Retail,Consumer Discretionary,Consumer Cyclical
BWA,BorgWarner,Equity,us_russell_1000,USA,Automotive Parts & Equipment,Consumer Discretionary,Consumer Cyclical
BWXT,BWX Technologies,Equity,us_russell_1000,USA,Aerospace & Defense,Industrials,Industrials
BX,Blackstone Inc.,Equity,us_russell_1000,USA,Asset Management & Custody Banks,Financials,Financial Services
BXP,"BXP, Inc.",Equity,us_russell_1000,USA,Office REITs,Real Estate,Real Estate
BYD,Boyd Gaming,Equity,us_russell_1000,USA,Casinos & Gaming,Consumer Discretionary,Consumer Cyclical
C,Citigroup,Equity,us_russell_1000,USA,Diversified Banks,Financials,Financial Services
CACC,Credit Acceptance,Equity,us_russell_1000,USA,Credit Services,Financials,Financial Services
CACI,CACI,Equity,us_russell_1000,USA,Diversified Support Services,Industrials,Technology
CAG,Conagra Brands,Equity,us_russell_1000,USA,Packaged Foods & Meats,Consumer Staples,Consumer Defensive
CAH,Cardinal Health,Equity,us_russell_1000,USA,Health Care Distributors,Health Care,Healthcare
CAI,Caris Life Sciences,Equity,us_russell_1000,USA,Biotechnology,Health Care,Healthcare
CAR,Avis Budget Group,Equity,us_russell_1000,USA,Passenger Ground Transportation,Industrials,Industrials
CARR,Carrier Global,Equity,us_russell_1000,USA,Building Products,Industrials,Industrials
CART,Maplebear Inc.,Equity,us_russell_1000,USA,Food Retail,Consumer Staples,Consumer Cyclical
CASY,Casey's,Equity,us_russell_1000,USA,Food Retail,Consumer Staples,Consumer Cyclical
CAT,Caterpillar Inc.,Equity,us_russell_1000,USA,Construction Machinery & Heavy Transportation Equipment,Industrials,Industrials
CAVA,Cava Group,Equity,us_russell_1000,USA,Restaurants,Consumer Discretionary,Consumer Cyclical
CB,Chubb Limited,Equity,us_russell_1000,USA,Property & Casualty Insurance,Financials,Financial Services
CBOE,Cboe Global Markets,Equity,us_russell_1000,USA,Financial Exchanges & Data,Financials,Financial Services
CBRE,CBRE Group,Equity,us_russell_1000,USA,Real Estate Services,Real Estate,Real Estate
CBSH,Commerce Bancshares,Equity,us_russell_1000,USA,Regional Banks,Financials,Financial Services
CCC,CCC Intelligent Solutions,Equity,us_russell_1000,USA,Software - Application,Information Technology,Technology
CCI,Crown Castle,Equity,us_russell_1000,USA,Telecom Tower REITs,Real Estate,Real Estate
CCK,Crown Holdings,Equity,us_russell_1000,USA,Packaging & Containers,Materials,Consumer Cyclical
CCL,Carnival Corporation & plc,Equity,us_russell_1000,USA,"Hotels, Resorts & Cruise Lines",Consumer Discretionary,Consumer Cyclical
CDNS,Cadence Design Systems,Equity,us_russell_1000,USA,Application Software,Information Technology,Technology
CDW,CDW,Equity,us_russell_1000,USA,Technology Distributors,Information Technology,Technology
CE,Celanese,Equity,us_russell_1000,USA,Specialty Chemicals,Materials,Basic Materials
CEG,Constellation Energy,Equity,us_russell_1000,USA,Multi-Utilities,Utilities,Utilities
CELH,Celsius Holdings,Equity,us_russell_1000,USA,Soft Drinks & Non-alcoholic Beverages,Consumer Staples,Consumer Defensive
CERT,"Certara, Inc.",Equity,us_russell_1000,USA,Health Information Services,Health Care,Healthcare
CF,CF Industries,Equity,us_russell_1000,USA,Fertilizers & Agricultural Chemicals,Materials,Basic Materials
CFG,Citizens Financial Group,Equity,us_russell_1000,USA,Regional Banks,Financials,Financial Services
CFLT,"Confluent, Inc.",Equity,us_russell_1000,USA,Software - Infrastructure,Information Technology,Technology
CFR,Frost Bank,Equity,us_russell_1000,USA,Regional Banks,Financials,Financial Services
CG,Carlyle Group (The),Equity,us_russell_1000,USA,Asset Management,Financials,Financial Services
CGNX,Cognex Corporation,Equity,us_russell_1000,USA,Electronic Equipment & Instruments,Information Technology,Technology
CHD,Church & Dwight,Equity,us_russell_1000,USA,Household Products,Consumer Staples,Consumer Defensive
CHDN,Churchill Downs Incorporated,Equity,us_russell_1000,USA,Casinos & Gaming,Consumer Discretionary,Consumer Cyclical
CHE,Chemed Corporation,Equity,us_russell_1000,USA,Health Care Services,Health Care,Healthcare
CHH,Choice Hotels,Equity,us_russell_1000,USA,"Hotels, Resorts & Cruise Lines",Consumer Discretionary,Consumer Cyclical
CHRW,C.H. Robinson,Equity,us_russell_1000,USA,Air Freight & Logistics,Industrials,Industrials
CHTR,Charter Communications,Equity,us_russell_1000,USA,Cable & Satellite,Communication Services,Communication Services
CHWY,Chewy,Equity,us_russell_1000,USA,Other Specialty Retail,Consumer Discretionary,Consumer Cyclical
CI,Cigna,Equity,us_russell_1000,USA,Managed Health Care,Health Care,Healthcare
CIEN,Ciena,Equity,us_russell_1000,USA,Communications Equipment,Information Technology,Technology
CINF,Cincinnati Financial,Equity,us_russell_1000,USA,Property & Casualty Insurance,Financials,Financial Services
CIVI,Civitas Resources,Equity,us_russell_1000,USA,Oil & Gas Exploration & Production,Energy,Energy
CL,Colgate-Palmolive,Equity,us_russell_1000,USA,Household Products,Consumer Staples,Consumer Defensive
CLF,Cleveland-Cliffs,Equity,us_russell_1000,USA,Steel,Materials,Basic Materials
CLH,Clean Harbors,Equity,us_russell_1000,USA,Environmental & Facilities Services,Industrials,Industrials
CLVT,Clarivate,Equity,us_russell_1000,USA,Information Technology Services,Industrials,Technology
CLX,Clorox,Equity,us_russell_1000,USA,Household Products,Consumer Staples,Consumer Defensive
CMA,Comerica,Equity,us_russell_1000,USA,Diversified Banks,Financials,Financial Services
CMCSA,Comcast,Equity,us_russell_1000,USA,Cable & Satellite,Communication Services,Communication Services
CME,CME Group,Equity,us_russell_1000,USA,Financial Exchanges & Data,Financials,Financial Services
CMG,Chipotle Mexican Grill,Equity,us_russell_1000,USA,Restaurants,Consumer Discretionary,Consumer Cyclical
CMI,Cummins,Equity,us_russell_1000,USA,Industrial Machinery & Supplies & Components,Industrials,Industrials
CMS,CMS Energy,Equity,us_russell_1000,USA,Multi-Utilities,Utilities,Utilities
CNA,CNA Financial,Equity,us_russell_1000,USA,Insurance - Property & Casualty,Financials,Financial Services
CNC,Centene,Equity,us_russell_1000,USA,Managed Health Care,Health Care,Healthcare
CNH,CNH Industrial,Equity,us_russell_1000,USA,Farm & Heavy Construction Machinery,Industrials,Industrials
CNM,Core & Main,Equity,us_russell_1000,USA,Trading Companies & Distributors,Industrials,Industrials
CNP,Centerpoint Energy,Equity,us_russell_1000,USA,Multi-Utilities,Utilities,Utilities
CNXC,Concentrix,Equity,us_russell_1000,USA,Data Processing & Outsourced Services,Information Technology,Technology
COF,Capital One,Equity,us_russell_1000,USA,Consumer Finance,Financials,Financial Services
COHR,Coherent Corp.,Equity,us_russell_1000,USA,Electronic Components,Information Technology,Technology
COIN,Coinbase,Equity,us_russell_1000,USA,Financial Data & Stock Exchanges,Financials,Financial Services
COKE,Coca-Cola Consolidated,Equity,us_russell_1000,USA,Soft Drinks & Non-alcoholic Beverages,Consumer Staples,Consumer Defensive
COLB,Columbia Banking System,Equity,us_russell_1000,USA,Regional Banks,Financials,Financial Services
COLD,Americold,Equity,us_russell_1000,USA,REIT - Industrial,Real Estate,Real Estate
COLM,Columbia Sportswear,Equity,us_russell_1000,USA,"Apparel, Accessories & Luxury Goods",Consumer Discretionary,Consumer Cyclical
COO,Cooper Companies (The),Equity,us_russell_1000,USA,Health Care Supplies,Health Care,Healthcare
COP,ConocoPhillips,Equity,us_russell_1000,USA,Oil & Gas Exploration & Production,Energy,Energy
COR,Cencora,Equity,us_russell_1000,USA,Health Care Distributors,Health Care,Healthcare
CORT,Corcept Therapeutics,Equity,us_russell_1000,USA,Pharmaceuticals,Health Care,Healthcare
COST,Costco,Equity,us_russell_1000,USA,Consumer Staples Merchandise Retail,Consumer Staples,Consumer Defensive
COTY,Coty,Equity,us_russell_1000,USA,Personal Care Products,Consumer Staples,Consumer Defensive
CPAY,Corpay,Equity,us_russell_1000,USA,Transaction & Payment Processing Services,Financials,Technology
CPB,Campbell Soup Company,Equity,us_russell_1000,USA,Packaged Foods & Meats,Consumer Staples,Consumer Defensive
CPNG,Coupang,Equity,us_russell_1000,USA,Internet Retail,Consumer Discretionary,Consumer Cyclical
CPRT,Copart,Equity,us_russell_1000,USA,Diversified Support Services,Industrials,Industrials
CPT,Camden Property Trust,Equity,us_russell_1000,USA,Multi-Family Residential REITs,Real Estate,Real Estate
CR,Crane Co.,Equity,us_russell_1000,USA,Industrial Machinery & Supplies & Components,Industrials,Industrials
CRCL,Circle Internet Group,Equity,us_russell_1000,USA,Capital Markets,Information Technology,Financial Services
CRH,CRH plc,Equity,us_russell_1000,USA,Construction Materials,Materials,Basic Materials
CRL,Charles River Laboratories,Equity,us_russell_1000,USA,Life Sciences Tools & Services,Health Care,Healthcare
CRM,Salesforce,Equity,us_russell_1000,USA,Application Software,Information Technology,Technology
CROX,Crocs,Equity,us_russell_1000,USA,Footwear,Consumer Discretionary,Consumer Cyclical
CRS,Carpenter Technology Corporation,Equity,us_russell_1000,USA,Steel,Materials,Industrials
CRUS,Cirrus Logic,Equity,us_russell_1000,USA,Semiconductors,Information Technology,Technology
CRWD,CrowdStrike,Equity,us_russell_1000,USA,Application Software,Information Technology,Technology
CSCO,Cisco,Equity,us_russell_1000,USA,Communications Equipment,Information Technology,Technology
CSGP,CoStar Group,Equity,us_russell_1000,USA,Real Estate Services,Real Estate,Real Estate
CSL,Carlisle Companies,Equity,us_russell_1000,USA,Industrial Conglomerates,Industrials,Industrials
CSX,CSX Corporation,Equity,us_russell_1000,USA,Rail Transportation,Industrials,Industrials
CTAS,Cintas,Equity,us_russell_1000,USA,Diversified Support Services,Industrials,Industrials
CTRA,Coterra,Equity,us_russell_1000,USA,Oil & Gas Exploration & Production,Energy,Energy
CTSH,Cognizant,Equity,us_russell_1000,USA,IT Consulting & Other Services,Information Technology,Technology
CTVA,Corteva,Equity,us_russell_1000,USA,Fertilizers & Agricultural Chemicals,Materials,Basic Materials
CUBE,CubeSmart,Equity,us_russell_1000,USA,REIT - Industrial,Real Estate,Real Estate
CUZ,Cousins Properties,Equity,us_russell_1000,USA,Office REITs,Real Estate,Real Estate
CVNA,Carvana,Equity,us_russell_1000,USA,Automotive Retail,Consumer Discretionary,Consumer Cyclical
CVS,CVS Health,Equity,us_russell_1000,USA,Health Care Services,Health Care,Healthcare
CVX,Chevron Corporation,Equity,us_russell_1000,USA,Integrated Oil & Gas,Energy,Energy
CW,Curtiss-Wright,Equity,us_russell_1000,USA,Aerospace & Defense,Industrials,Industrials
CWEN,Clearway Energy (Class C),Equity,us_russell_1000,USA,Utilities - Renewable,Utilities,Utilities
CXT,Crane NXT,Equity,us_russell_1000,USA,Industrial Machinery & Supplies & Components,Industrials,Industrials
CZR,Caesars Entertainment,Equity,us_russell_1000,USA,Casinos & Gaming,Consumer Discretionary,Consumer Cyclical
D,Dominion Energy,Equity,us_russell_1000,USA,Electric Utilities,Utilities,Utilities
DAL,Delta Air Lines,Equity,us_russell_1000,USA,Passenger Airlines,Industrials,Industrials
DAR,Darling Ingredients,Equity,us_russell_1000,USA,Packaged Foods,Consumer Staples,Consumer Defensive
DASH,DoorDash,Equity,us_russell_1000,USA,Interactive Media & Services,Consumer Discretionary,Consumer Cyclical
DAY,Dayforce,Equity,us_russell_1000,USA,Human Resource & Employment Services,Industrials,Technology
DBX,Dropbox,Equity,us_russell_1000,USA,Software - Infrastructure,Information Technology,Technology
DCI,Donaldson Company,Equity,us_russell_1000,USA,Industrial Machinery & Supplies & Components,Industrials,Industrials
DD,DuPont,Equity,us_russell_1000,USA,Specialty Chemicals,Materials,Basic Materials
DDOG,Datadog,Equity,us_russell_1000,USA,Application Software,Information Technology,Technology
DDS,Dillard's,Equity,us_russell_1000,USA,Broadline Retail,Consumer Discretionary,Consumer Cyclical
DE,Deere & Company,Equity,us_russell_1000,USA,Agricultural & Farm Machinery,Industrials,Industrials
DECK,Deckers Brands,Equity,us_russell_1000,USA,Footwear,Consumer Discretionary,Consumer Cyclical
DELL,Dell Technologies,Equity,us_russell_1000,USA,"Technology Hardware, Storage & Peripherals",Information Technology,Technology
DG,Dollar General,Equity,us_russell_1000,USA,Consumer Staples Merchandise Retail,Consumer Staples,Consumer Defensive
DGX,Quest Diagnostics,Equity,us_russell_1000,USA,Health Care Services,Health Care,Healthcare
DHI,D. R. Horton,Equity,us_russell_1000,USA,Homebuilding,Consumer Discretionary,Consumer Cyclical
DHR,Danaher Corporation,Equity,us_russell_1000,USA,Life Sciences Tools & Services,Health Care,Healthcare
DINO,HF Sinclair,Equity,us_russell_1000,USA,Oil & Gas Refining & Marketing,Energy,Energy
DIS,Walt Disney Company (The),Equity,us_russell_1000,USA,Movies & Entertainment,Communication Services,Communication Services
DJT,Trump Media & Technology Group,Equity,us_russell_1000,USA,Interactive Media & Services,Communication Services,Communication Services
DKNG,DraftKings,Equity,us_russell_1000,USA,Gambling,Consumer Discretionary,Consumer Cyclical
DKS,Dick's Sporting Goods,Equity,us_russell_1000,USA,Other Specialty Retail,Consumer Discretionary,Consumer Cyclical
DLB,Dolby Laboratories,Equity,us_russell_1000,USA,Specialty Business Services,Information Technology,Industrials
DLR,Digital Realty,Equity,us_russell_1000,USA,Data Center REITs,Real Estate,Real Estate
DLTR,Dollar Tree,Equity,us_russell_1000,USA,Consumer Staples Merchandise Retail,Consumer Staples,Consumer Defensive
DOC,Healthpeak Properties,Equity,us_russell_1000,USA,Health Care REITs,Real Estate,Real Estate
DOCS,Doximity,Equity,us_russell_1000,USA,Health Information Services,Health Care,Healthcare
DOCU,DocuSign,Equity,us_russell_1000,USA,Application Software,Information Technology,Technology
DOV,Dover Corporation,Equity,us_russell_1000,USA,Industrial Machinery & Supplies & Components,Industrials,Industrials
DOW,Dow Inc.,Equity,us_russell_1000,USA,Commodity Chemicals,Materials,Basic Materials
DOX,Amdocs,Equity,us_russell_1000,USA,Software - Infrastructure,Information Technology,Technology
DPZ,Domino's,Equity,us_russell_1000,USA,Restaurants,Consumer Discretionary,Consumer Cyclical
DRI,Darden Restaurants,Equity,us_russell_1000,USA,Restaurants,Consumer Discretionary,Consumer Cyclical
DRS,Leonardo DRS,Equity,us_russell_1000,USA,Aerospace & Defense,Industrials,Industrials
DT,Dynatrace,Equity,us_russell_1000,USA,Software - Application,Information Technology,Technology
DTE,DTE Energy,Equity,us_russell_1000,USA,Multi-Utilities,Utilities,Utilities
DTM,DT Midstream,Equity,us_russell_1000,USA,Oil & Gas Midstream,Energy,Energy
DUK,Duke Energy,Equity,us_russell_1000,USA,Electric Utilities,Utilities,Utilities
DUOL,Duolingo,Equity,us_russell_1000,USA,Education Services,Consumer Discretionary,Technology
DV,DoubleVerify,Equity,us_russell_1000,USA,Advertising Agencies,Information Technology,Communication Services
DVA,DaVita,Equity,us_russell_1000,USA,Health Care Facilities,Health Care,Healthcare
DVN,Devon Energy,Equity,us_russell_1000,USA,Oil & Gas Exploration & Production,Energy,Energy
DXC,DXC Technology,Equity,us_russell_1000,USA,IT Consulting & Other Services,Information Technology,Technology
DXCM,Dexcom,Equity,us_russell_1000,USA,Health Care Equipment,Health Care,Healthcare
EA,Electronic Arts,Equity,us_russell_1000,USA,Interactive Home Entertainment,Communication Services,Communication Services
EBAY,eBay,Equity,us_russell_1000,USA,Broadline Retail,Consumer Discretionary,Consumer Cyclical
ECG,Everus Construction Group,Equity,us_russell_1000,USA,Construction & Engineering,Industrials,Industrials
ECL,Ecolab,Equity,us_russell_1000,USA,Specialty Chemicals,Materials,Basic Materials
ED,Consolidated Edison,Equity,us_russell_1000,USA,Electric Utilities,Utilities,Utilities
EEFT,Euronet Worldwide,Equity,us_russell_1000,USA,Transaction & Payment Processing Services,Financials,Technology
EFX,Equifax,Equity,us_russell_1000,USA,Research & Consulting Services,Industrials,Industrials
EG,Everest Group,Equity,us_russell_1000,USA,Reinsurance,Financials,Financial Services
EGP,EastGroup Properties,Equity,us_russell_1000,USA,REIT - Industrial,Real Estate,Real Estate
EHC,Encompass Health,Equity,us_russell_1000,USA,Health Care Facilities,Health Care,Healthcare
EIX,Edison International,Equity,us_russell_1000,USA,Electric Utilities,Utilities,Utilities
EL,Estée Lauder Companies (The),Equity,us_russell_1000,USA,Personal Care Products,Consumer Staples,Consumer Defensive
ELAN,Elanco,Equity,us_russell_1000,USA,Drug Manufacturers - Specialty & Generic,Health Care,Healthcare
ELF,e.l.f. Beauty,Equity,us_russell_1000,USA,Personal Care Products,Consumer Staples,Consumer Defensive
ELS,Equity Lifestyle Properties,Equity,us_russell_1000,USA,REIT - Residential,Real Estate,Real Estate
ELV,Elevance Health,Equity,us_russell_1000,USA,Managed Health Care,Health Care,Healthcare
EME,Emcor,Equity,us_russell_1000,USA,Construction & Engineering,Industrials,Industrials
EMN,Eastman Chemical Company,Equity,us_russell_1000,USA,Diversified Chemicals,Materials,Basic Materials
EMR,Emerson Electric,Equity,us_russell_1000,USA,Electrical Components & Equipment,Industrials,Industrials
ENPH,Enphase Energy,Equity,us_russell_1000,USA,Electronic Components,Information Technology,Technology
ENTG,Entegris,Equity,us_russell_1000,USA,Semiconductor Equipment & Materials,Information Technology,Technology
EOG,EOG Resources,Equity,us_russell_1000,USA,Oil & Gas Exploration & Production,Energy,Energy
EPAM,EPAM Systems,Equity,us_russell_1000,USA,IT Consulting & Other Services,Information Technology,Technology
EPR,EPR Properties,Equity,us_russell_1000,USA,Other Specialized REITs,Real Estate,Real Estate
EQH,Equitable Holdings,Equity,us_russell_1000,USA,Asset Management,Financials,Financial Services
EQIX,Equinix,Equity,us_russell_1000,USA,Data Center REITs,Real Estate,Real Estate
EQR,Equity Residential,Equity,us_russell_1000,USA,Multi-Family Residential REITs,Real Estate,Real Estate
EQT,EQT Corporation,Equity,us_russell_1000,USA,Oil & Gas Exploration & Production,Energy,Energy
ES,Eversource Energy,Equity,us_russell_1000,USA,Multi-Utilities,Utilities,Utilities
ESAB,ESAB,Equity,us_russell_1000,USA,Industrial Machinery & Supplies & Components,Industrials,Industrials
ESI,Element Solutions,Equity,us_russell_1000,USA,Specialty Chemicals,Materials,Basic Materials
ESS,Essex Property Trust,Equity,us_russell_1000,USA,Multi-Family Residential REITs,Real Estate,Real Estate
ESTC,Elastic NV,Equity,us_russell_1000,USA,Software - Application,Information Technology,Technology
ETN,Eaton Corporation,Equity,us_russell_1000,USA,Electrical Components & Equipment,Industrials,Industrials
ETR,Entergy,Equity,us_russell_1000,USA,Electric Utilities,Utilities,Utilities
ETSY,Etsy,Equity,us_russell_1000,USA,Internet Retail,Consumer Discretionary,Consumer Cyclical
EVR,Evercore,Equity,us_russell_1000,USA,Investment Banking & Brokerage,Financials,Financial Services
EVRG,Evergy,Equity,us_russell_1000,USA,Electric Utilities,Utilities,Utilities
EW,Edwards Lifesciences,Equity,us_russell_1000,USA,Health Care Equipment,Health Care,Healthcare
EWBC,East West Bancorp,Equity,us_russell_1000,USA,Regional Banks,Financials,Financial Services
EXAS,Exact Sciences,Equity,us_russell_1000,USA,Diagnostics & Research,Health Care,Healthcare
EXC,Exelon,Equity,us_russell_1000,USA,Multi-Utilities,Utilities,Utilities
EXE,Expand Energy,Equity,us_russell_1000,USA,Oil & Gas Exploration & Production,Energy,Energy
EXEL,Exelixis,Equity,us_russell_1000,USA,Biotechnology,Health Care,Healthcare
EXLS,EXL Service,Equity,us_russell_1000,USA,Data Processing & Outsourced Services,Industrials,Technology
EXP,Eagle Materials,Equity,us_russell_1000,USA,Construction Materials,Materials,Basic Materials
EXPD,Expeditors International,Equity,us_russell_1000,USA,Air Freight & Logistics,Industrials,Industrials
EXPE,Expedia Group,Equity,us_russell_1000,USA,"Hotels, Resorts & Cruise Lines",Consumer Discretionary,Consumer Cyclical
EXR,Extra Space Storage,Equity,us_russell_1000,USA,Self-Storage REITs,Real Estate,Real Estate
F,Ford Motor Company,Equity,us_russell_1000,USA,Automobile Manufacturers,Consumer Discretionary,Consumer Cyclical
FAF,First American Financial Corporation,Equity,us_russell_1000,USA,Property & Casualty Insurance,Financials,Financial Services
FANG,Diamondback Energy,Equity,us_russell_1000,USA,Oil & Gas Exploration & Production,Energy,Energy
FAST,Fastenal,Equity,us_russell_1000,USA,Building Products,Industrials,Industrials
FBIN,Fortune Brands Innovations,Equity,us_russell_1000,USA,Building Products,Industrials,Industrials
FCN,FTI Consulting,Equity,us_russell_1000,USA,Research & Consulting Services,Industrials,Industrials
FCNCA,First Citizens BancShares,Equity,us_russell_1000,USA,Banks - Regional,Financials,Financial Services
FCX,Freeport-McMoRan,Equity,us_russell_1000,USA,Copper,Materials,Basic Materials
FDS,FactSet,Equity,us_russell_1000,USA,Financial Exchanges & Data,Financials,Financial Services
FDX,FedEx,Equity,us_russell_1000,USA,Air Freight & Logistics,Industrials,Industrials
FE,FirstEnergy,Equity,us_russell_1000,USA,Electric Utilities,Utilities,Utilities
FERG,Ferguson Enterprises,Equity,us_russell_1000,USA,Industrial Machinery & Supplies & Components,Industrials,Industrials
FFIV,"F5, Inc.",Equity,us_russell_1000,USA,Communications Equipment,Information Technology,Technology
FHB,"First Hawaiian, Inc.",Equity,us_russell_1000,USA,Regional Banks,Financials,Financial Services
FHN,First Horizon Corporation,Equity,us_russell_1000,USA,Regional Banks,Financials,Financial Services
FICO,Fair Isaac,Equity,us_russell_1000,USA,Application Software,Information Technology,Technology
FIGR,Figure Technology Solutions,Equity,us_russell_1000,USA,Capital Markets,Financials,Financial Services
FIS,Fidelity National Information Services,Equity,us_russell_1000,USA,Transaction & Payment Processing Services,Financials,Technology
FISV,Fiserv,Equity,us_russell_1000,USA,Transaction & Payment Processing Services,Financials,
FITB,Fifth Third Bancorp,Equity,us_russell_1000,USA,Regional Banks,Financials,Financial Services
FIVE,Five Below,Equity,us_russell_1000,USA,Other Specialty Retail,Consumer Discretionary,Consumer Cyclical
FIX,Comfort Systems USA,Equity,us_russell_1000,USA,Construction & Engineering,Industrials,Industrials
FLEX,Flex Ltd.,Equity,us_russell_1000,USA,Electronic Manufacturing Services,Information Technology,Technology
FLO,Flowers Foods,Equity,us_russell_1000,USA,Packaged Foods & Meats,Consumer Staples,Consumer Defensive
FLS,Flowserve,Equity,us_russell_1000,USA,Industrial Machinery & Supplies & Components,Industrials,Industrials
FLUT,Flutter Entertainment,Equity,us_russell_1000,USA,Casinos & Gaming,Consumer Discretionary,Consumer Cyclical
FMC,FMC Corporation,Equity,us_russell_1000,USA,Fertilizers & Agricultural Chemicals,Materials,Basic Materials
FNB,FNB Corporation,Equity,us_russell_1000,USA,Regional Banks,Financials,Financial Services
FND,Floor & Decor,Equity,us_russell_1000,USA,Home Improvement Retail,Consumer Discretionary,Consumer Cyclical
FNF,Fidelity National Financial,Equity,us_russell_1000,USA,Insurance - Specialty,Financials,Financial Services
FOUR,Shift4,Equity,us_russell_1000,USA,Software - Infrastructure,Information Technology,Technology
FOX,Fox Corporation (Class B),Equity,us_russell_1000,USA,Movies & Entertainment,Communication Services,Communication Services
FOXA,Fox Corporation (Class A),Equity,us_russell_1000,USA,Movies & Entertainment,Communication Services,Communication Services
FR,First Industrial Realty Trust,Equity,us_russell_1000,USA,REIT - Industrial,Real Estate,Real Estate
FRHC,Freedom Holding,Equity,us_russell_1000,USA,Financial Conglomerates,Financials,Financial Services
FRMI,Fermi Inc.,Equity,us_russell_1000,USA,REIT - Specialty,Real Estate,
FRPT,Freshpet,Equity,us_russell_1000,USA,Packaged Foods,Consumer Staples,Consumer Defensive
FRT,Federal Realty Investment Trust,Equity,us_russell_1000,USA,Retail REITs,Real Estate,Real Estate
FSLR,First Solar,Equity,us_russell_1000,USA,Semiconductors,Information Technology,Technology
FTAI,FTAI Aviation,Equity,us_russell_1000,USA,Rental & Leasing Services,Industrials,Industrials
FTI,TechnipFMC,Equity,us_russell_1000,USA,Oil & Gas Equipment & Services,Energy,Energy
FTNT,Fortinet,Equity,us_russell_1000,USA,Systems Software,Information Technology,Technology
FTV,Fortive,Equity,us_russell_1000,USA,Industrial Machinery & Supplies & Components,Industrials,Technology
FWONA,Liberty Formula 1 (Series A),Equity,us_russell_1000,USA,Entertainment,Communication Services,Communication Services
FWONK,Liberty Formula 1 (Series C),Equity,us_russell_1000,USA,Entertainment,Communication Services,Communication Services
FYBR,Frontier Communications,Equity,us_russell_1000,USA,,Communication Services,Communication Services
G,Genpact,Equity,us_russell_1000,USA,IT Consulting & Other Services,Information Technology,Technology
GAP,Gap Inc.,Equity,us_russell_1000,USA,Apparel Retail,Consumer Discretionary,Consumer Cyclical
GD,General Dynamics,Equity,us_russell_1000,USA,Aerospace & Defense,Industrials,Industrials
GDDY,GoDaddy,Equity,us_russell_1000,USA,Software - Infrastructure,Information Technology,Technology
GE,GE Aerospace,Equity,us_russell_1000,USA,Aerospace & Defense,Industrials,Industrials
GEHC,GE HealthCare,Equity,us_russell_1000,USA,Health Care Equipment,Health Care,Healthcare
GEN,Gen Digital,Equity,us_russell_1000,USA,Application Software,Information Technology,Technology
GEV,GE Vernova,Equity,us_russell_1000,USA,Industrial Machinery & Supplies & Components,Industrials,Industrials
GFS,GlobalFoundries,Equity,us_russell_1000,USA,Semiconductors,Information Technology,Technology
GGG,Graco Inc.,Equity,us_russell_1000,USA,Industrial Machinery & Supplies & Components,Industrials,Industrials
GILD,Gilead Sciences,Equity,us_russell_1000,USA,Biotechnology,Health Care,Healthcare
GIS,General Mills,Equity,us_russell_1000,USA,Packaged Foods & Meats,Consumer Staples,Consumer Defensive
GL,Globe Life,Equity,us_russell_1000,USA,Life & Health Insurance,Financials,Financial Services
GLIBA,GCI Liberty (Series A),Equity,us_russell_1000,USA,Integrated Telecommunication Services,Communication Services,Communication Services
GLIBK,GCI Liberty (Series C),Equity,us_russell_1000,USA,Integrated Telecommunication Services,Communication Services,Communication Services
GLOB,Globant,Equity,us_russell_1000,USA,Information Technology Services,Information Technology,Technology
GLPI,Gaming and Leisure Properties,Equity,us_russell_1000,USA,REIT - Specialty,Real Estate,Real Estate
GLW,Corning Inc.,Equity,us_russell_1000,USA,Electronic Components,Information Technology,Technology
GM,General Motors,Equity,us_russell_1000,USA,Automobile Manufacturers,Consumer Discretionary,Consumer Cyclical
GME,GameStop,Equity,us_russell_1000,USA,Computer & Electronics Retail,Consumer Discretionary,Consumer Cyclical
GMED,Globus Medical,Equity,us_russell_1000,USA,Health Care Equipment,Health Care,Healthcare
GNRC,Generac,Equity,us_russell_1000,USA,Electrical Components & Equipment,Industrials,Industrials
GNTX,Gentex,Equity,us_russell_1000,USA,Automotive Parts & Equipment,Consumer Discretionary,Consumer Cyclical
GOOG,Alphabet (Class C),Equity,us_russell_1000,USA,Interactive Media & Services,Communication Services,Communication Services
GOOGL,Alphabet (Class A),Equity,us_russell_1000,USA,Interactive Media & Services,Communication Services,Communication Services
GPC,Genuine Parts Company,Equity,us_russell_1000,USA,Automotive Parts & Equipment,Consumer Discretionary,Consumer Cyclical
GPK,Graphic Packaging,Equity,us_russell_1000,USA,Packaging & Containers,Materials,Consumer Cyclical
GPN,Global Payments,Equity,us_russell_1000,USA,Transaction & Payment Processing Services,Financials,Industrials
GRMN,Garmin,Equity,us_russell_1000,USA,Consumer Electronics,Consumer Discretionary,Technology
GS,Goldman Sachs,Equity,us_russell_1000,USA,Investment Banking & Brokerage,Financials,Financial Services
GTES,Gates Corporation,Equity,us_russell_1000,USA,Specialty Industrial Machinery,Industrials,Industrials
GTLB,GitLab,Equity,us_russell_1000,USA,Software - Infrastructure,Information Technology,Technology
GTM,ZoomInfo,Equity,us_russell_1000,USA,Software - Application,Communication Services,Technology
GWRE,Guidewire Software,Equity,us_russell_1000,USA,Software - Application,Information Technology,Technology
GWW,W. W. Grainger,Equity,us_russell_1000,USA,Industrial Machinery & Supplies & Components,Industrials,Industrials
GXO,GXO Logistics,Equity,us_russell_1000,USA,Air Freight & Logistics,Industrials,Industrials
H,Hyatt Hotels,Equity,us_russell_1000,USA,Lodging,Consumer Discretionary,Consumer Cyclical
HAL,Halliburton,Equity,us_russell_1000,USA,Oil & Gas Equipment & Services,Energy,Energy
HALO,Halozyme,Equity,us_russell_1000,USA,Biotechnology,Health Care,Healthcare
HAS,Hasbro,Equity,us_russell_1000,USA,Leisure Products,Consumer Discretionary,Consumer Cyclical
HAYW,Hayward Holdings,Equity,us_russell_1000,USA,Electrical Equipment & Parts,Industrials,Industrials
HBAN,Huntington Bancshares,Equity,us_russell_1000,USA,Regional Banks,Financials,Financial Services
HCA,HCA Healthcare,Equity,us_russell_1000,USA,Health Care Facilities,Health Care,Healthcare
HD,Home Depot (The),Equity,us_russell_1000,USA,Home Improvement Retail,Consumer Discretionary,Consumer Cyclical
HEI,HEICO (Common),Equity,us_russell_1000,USA,Aerospace & Defense,Industrials,Industrials
HHH,Howard Hughes Holdings,Equity,us_russell_1000,USA,Real Estate - Development,Real Estate,Real Estate
HIG,Hartford (The),Equity,us_russell_1000,USA,Property & Casualty Insurance,Financials,Financial Services
HII,Huntington Ingalls Industries,Equity,us_russell_1000,USA,Aerospace & Defense,Industrials,Industrials
HIW,Highwoods Properties,Equity,us_russell_1000,USA,REIT - Office,Real Estate,Real Estate
HLI,Houlihan Lokey,Equity,us_russell_1000,USA,Capital Markets,Financials,Financial Services
HLNE,Hamilton Lane,Equity,us_russell_1000,USA,Asset Management,Financials,Financial Services
HLT,Hilton Worldwide,Equity,us_russell_1000,USA,"Hotels, Resorts & Cruise Lines",Consumer Discretionary,Consumer Cyclical
HOG,Harley-Davidson,Equity,us_russell_1000,USA,Motorcycle Manufacturers,Consumer Discretionary,Consumer Cyclical
HOLX,Hologic,Equity,us_russell_1000,USA,Health Care Equipment,Health Care,Healthcare
HON,Honeywell,Equity,us_russell_1000,USA,Industrial Conglomerates,Industrials,Industrials
HOOD,Robinhood Markets,Equity,us_russell_1000,USA,Capital Markets,Financials,Financial Services
HPE,Hewlett Packard Enterprise,Equity,us_russell_1000,USA,"Technology Hardware, Storage & Peripherals",Information Technology,Technology
HPQ,HP Inc.,Equity,us_russell_1000,USA,"Technology Hardware, Storage & Peripherals",Information Technology,Technology
HR,Healthcare Realty Trust,Equity,us_russell_1000,USA,REIT - Healthcare Facilities,Real Estate,Real Estate
HRB,H&R Block,Equity,us_russell_1000,USA,Specialized Consumer Services,Consumer Discretionary,Consumer Cyclical
HRL,Hormel Foods,Equity,us_russell_1000,USA,Packaged Foods & Meats,Consumer Staples,Consumer Defensive
HSIC,Schein (Henry),Equity,us_russell_1000,USA,Health Care Distributors,Health Care,Healthcare
HST,Host Hotels & Resorts,Equity,us_russell_1000,USA,Hotel & Resort REITs,Real Estate,Real Estate
HSY,Hershey Company (The),Equity,us_russell_1000,USA,Packaged Foods & Meats,Consumer Staples,Consumer Defensive
HUBB,Hubbell Incorporated,Equity,us_russell_1000,USA,Industrial Machinery & Supplies & Components,Industrials,Industrials
HUBS,HubSpot,Equity,us_russell_1000,USA,Software - Application,Information Technology,Technology
HUM,Humana,Equity,us_russell_1000,USA,Managed Health Care,Health Care,Healthcare
HUN,Huntsman Corporation,Equity,us_russell_1000,USA,Chemicals,Materials,Basic Materials
HWM,Howmet Aerospace,Equity,us_russell_1000,USA,Aerospace & Defense,Industrials,Industrials
HXL,Hexcel,Equity,us_russell_1000,USA,Aerospace & Defense,Industrials,Industrials
IAC,IAC Inc.,Equity,us_russell_1000,USA,Internet Content & Information,Communication Services,Communication Services
IBKR,Interactive Brokers,Equity,us_russell_1000,USA,Investment Banking & Brokerage,Financials,Financial Services
IBM,IBM,Equity,us_russell_1000,USA,IT Consulting & Other Services,Information Technology,Technology
ICE,Intercontinental Exchange,Equity,us_russell_1000,USA,Financial Exchanges & Data,Financials,Financial Services
IDA,Idacorp,Equity,us_russell_1000,USA,Electric Utilities,Utilities,Utilities
IDXX,Idexx Laboratories,Equity,us_russell_1000,USA,Health Care Equipment,Health Care,Healthcare
IEX,IDEX Corporation,Equity,us_russell_1000,USA,Industrial Machinery & Supplies & Components,Industrials,Industrials
IFF,International Flavors & Fragrances,Equity,us_russell_1000,USA,Specialty Chemicals,Materials,Basic Materials
ILMN,"Illumina, Inc.",Equity,us_russell_1000,USA,Life Sciences Tools & Services,Health Care,Healthcare
INCY,Incyte,Equity,us_russell_1000,USA,Biotechnology,Health Care,Healthcare
INGM,Ingram Micro,Equity,us_russell_1000,USA,Technology Distributors,Information Technology,Technology
INGR,Ingredion,Equity,us_russell_1000,USA,Agricultural Products & Services,Consumer Staples,Consumer Defensive
INSM,Insmed,Equity,us_russell_1000,USA,Biotechnology,Health Care,Healthcare
INSP,Inspire Medical Systems,Equity,us_russell_1000,USA,Medical Devices,Health Care,Healthcare
INTC,Intel,Equity,us_russell_1000,USA,Semiconductors,Information Technology,Technology
INTU,Intuit,Equity,us_russell_1000,USA,Application Software,Information Technology,Technology
INVH,Invitation Homes,Equity,us_russell_1000,USA,Single-Family Residential REITs,Real Estate,Real Estate
IONS,Ionis Pharmaceuticals,Equity,us_russell_1000,USA,Biotechnology,Health Care,Healthcare
IOT,Samsara,Equity,us_russell_1000,USA,Systems Software,Information Technology,Technology
IP,International Paper,Equity,us_russell_1000,USA,Paper & Plastic Packaging Products & Materials,Materials,Consumer Cyclical
IPGP,IPG Photonics,Equity,us_russell_1000,USA,Electronic Manufacturing Services,Information Technology,Technology
IQV,IQVIA,Equity,us_russell_1000,USA,Life Sciences Tools & Services,Health Care,Healthcare
IR,Ingersoll Rand,Equity,us_russell_1000,USA,Industrial Machinery & Supplies & Components,Industrials,Industrials
IRDM,Iridium Communications,Equity,us_russell_1000,USA,Telecom Services,Communication Services,Communication Services
IRM,Iron Mountain,Equity,us_russell_1000,USA,Other Specialized REITs,Real Estate,Real Estate
ISRG,Intuitive Surgical,Equity,us_russell_1000,USA,Health Care Equipment,Health Care,Healthcare
IT,Gartner,Equity,us_russell_1000,USA,IT Consulting & Other Services,Information Technology,Technology
ITT,ITT Inc.,Equity,us_russell_1000,USA,Industrial Machinery & Supplies & Components,Industrials,Industrials
ITW,Illinois Tool Works,Equity,us_russell_1000,USA,Industrial Machinery & Supplies & Components,Industrials,Industrials
IVZ,Invesco,Equity,us_russell_1000,USA,Asset Management & Custody Banks,Financials,Financial Services
J,Jacobs Solutions,Equity,us_russell_1000,USA,Construction & Engineering,Industrials,Industrials
JAZZ,Jazz Pharmaceuticals,Equity,us_russell_1000,USA,Pharmaceuticals,Health Care,Healthcare
JBHT,J. B. Hunt,Equity,us_russell_1000,USA,Cargo Ground Transportation,Industrials,Industrials
JBL,Jabil,Equity,us_russell_1000,USA,Electronic Manufacturing Services,Information Technology,Technology
JCI,Johnson Controls,Equity,us_russell_1000,USA,Building Products,Industrials,Industrials
JEF,Jefferies Financial Group,Equity,us_russell_1000,USA,Multi-Sector Holdings,Financials,Financial Services
JHG,Janus Henderson,Equity,us_russell_1000,USA,Asset Management & Custody Banks,Financials,Financial Services
JHX,James Hardie Industries,Equity,us_russell_1000,USA,Building Materials,Materials,Basic Materials
JKHY,Jack Henry & Associates,Equity,us_russell_1000,USA,Transaction & Payment Processing Services,Financials,Technology
JLL,Jones Lang LaSalle,Equity,us_russell_1000,USA,Real Estate Services,Real Estate,Real Estate
JNJ,Johnson & Johnson,Equity,us_russell_1000,USA,Pharmaceuticals,Health Care,Healthcare
JPM,JPMorgan Chase,Equity,us_russell_1000,USA,Diversified Banks,Financials,Financial Services
KBR,"KBR, Inc.",Equity,us_russell_1000,USA,Diversified Support Services,Industrials,Industrials
KD,Kyndryl,Equity,us_russell_1000,USA,IT Consulting & Other Services,Information Technology,Technology
KDP,Keurig Dr Pepper,Equity,us_russell_1000,USA,Soft Drinks & Non-alcoholic Beverages,Consumer Staples,Consumer Defensive
KEX,Kirby Corporation,Equity,us_russell_1000,USA,Marine Transportation,Industrials,Industrials
KEY,Keycorp,Equity,us_russell_1000,USA,Regional Banks,Financials,Financial Services
KEYS,Keysight,Equity,us_russell_1000,USA,Electronic Equipment & Instruments,Information Technology,Technology
KHC,Kraft Heinz,Equity,us_russell_1000,USA,Packaged Foods & Meats,Consumer Staples,Consumer Defensive
KIM,Kimco Realty,Equity,us_russell_1000,USA,Retail REITs,Real Estate,Real Estate
KKR,KKR & Co. Inc.,Equity,us_russell_1000,USA,Asset Management & Custody Banks,Financials,Financial Services
KLAC,KLA Corporation,Equity,us_russell_1000,USA,Semiconductor Materials & Equipment,Information Technology,Technology
KMB,Kimberly-Clark,Equity,us_russell_1000,USA,Household Products,Consumer Staples,Consumer Defensive
KMI,Kinder Morgan,Equity,us_russell_1000,USA,Oil & Gas Storage & Transportation,Energy,Energy
KMPR,Kemper Corporation,Equity,us_russell_1000,USA,Multi-line Insurance,Financials,Financial Services
KMX,CarMax,Equity,us_russell_1000,USA,Automotive Retail,Consumer Discretionary,Consumer Cyclical
KNSL,Kinsale Capital Group,Equity,us_russell_1000,USA,Insurance - Property & Casualty,Financials,Financial Services
KNX,Knight-Swift,Equity,us_russell_1000,USA,Cargo Ground Transportation,Industrials,Industrials
KO,Coca-Cola Company (The),Equity,us_russell_1000,USA,Soft Drinks & Non-alcoholic Beverages,Consumer Staples,Consumer Defensive
KR,Kroger,Equity,us_russell_1000,USA,Food Retail,Consumer Staples,Consumer Defensive
KRC,Kilroy Realty,Equity,us_russell_1000,USA,REIT - Office,Real Estate,Real Estate
KRMN,Karman Holdings,Equity,us_russell_1000,USA,Aerospace & Defense,Industrials,Industrials
KVUE,Kenvue,Equity,us_russell_1000,USA,Personal Care Products,Consumer Staples,Consumer Defensive
L,Loews Corporation,Equity,us_russell_1000,USA,Multi-line Insurance,Financials,Financial Services
LAD,Lithia Motors,Equity,us_russell_1000,USA,Automotive Retail,Consumer Discretionary,Consumer Cyclical
LAMR,Lamar Advertising,Equity,us_russell_1000,USA,Other Specialized REITs,Real Estate,Real Estate
LAZ,Lazard,Equity,us_russell_1000,USA,Capital Markets,Financials,Financial Services
LBRDA,Liberty Broadband (Series A),Equity,us_russell_1000,USA,Telecom Services,Communication Services,Communication Services
LBRDK,Liberty Broadband (Series C),Equity,us_russell_1000,USA,Telecom Services,Communication Services,Communication Services
LBTYA,Liberty Global (Series A),Equity,us_russell_1000,USA,Cable & Satellite,Communication Services,Communication Services
LBTYK,Liberty Global (Series C),Equity,us_russell_1000,USA,Cable & Satellite,Communication Services,Communication Services
LCID,Lucid Motors,Equity,us_russell_1000,USA,Automobile Manufacturers,Consumer Discretionary,Consumer Cyclical
LDOS,Leidos,Equity,us_russell_1000,USA,Diversified Support Services,Industrials,Technology
LEA,Lear Corporation,Equity,us_russell_1000,USA,Automotive Parts & Equipment,Consumer Discretionary,Consumer Cyclical
LECO,Lincoln Electric,Equity,us_russell_1000,USA,Industrial Machinery & Supplies & Components,Industrials,Industrials
LEN,Lennar (Class A),Equity,us_russell_1000,USA,Homebuilding,Consumer Discretionary,Consumer Cyclical
LFUS,Littelfuse,Equity,us_russell_1000,USA,Electronic Components,Information Technology,Technology
LH,Labcorp,Equity,us_russell_1000,USA,Health Care Services,Health Care,Healthcare
LHX,L3Harris,Equity,us_russell_1000,USA,Aerospace & Defense,Industrials,Industrials
LII,Lennox International,Equity,us_russell_1000,USA,Building Products,Industrials,Industrials
LIN,Linde plc,Equity,us_russell_1000,USA,Industrial Gases,Materials,Basic Materials
LINE,"Lineage, Inc.",Equity,us_russell_1000,USA,Industrial REITs,Real Estate,Real Estate
LITE,Lumentum,Equity,us_russell_1000,USA,Communication Equipment,Information Technology,Technology
LKQ,LKQ Corporation,Equity,us_russell_1000,USA,Distributors,Consumer Discretionary,Consumer Cyclical
LLY,Lilly (Eli),Equity,us_russell_1000,USA,Pharmaceuticals,Health Care,Healthcare
LLYVA,Liberty Live (Series A),Equity,us_russell_1000,USA,Entertainment,Communication Services,Communication Services
LLYVK,Liberty Live (Series C),Equity,us_russell_1000,USA,Entertainment,Communication Services,Communication Services
LMT,Lockheed Martin,Equity,us_russell_1000,USA,Aerospace & Defense,Industrials,Industrials
LNC,Lincoln Financial,Equity,us_russell_1000,USA,Multi-line Insurance,Financials,Financial Services
LNG,Cheniere Energy,Equity,us_russell_1000,USA,Oil & Gas Midstream,Energy,Energy
LNT,Alliant Energy,Equity,us_russell_1000,USA,Electric Utilities,Utilities,Utilities
LOAR,Loar Holdings,Equity,us_russell_1000,USA,Aerospace & Defense,Industrials,Industrials
LOPE,Grand Canyon Education,Equity,us_russell_1000,USA,Education Services,Consumer Discretionary,Consumer Defensive
LOW,Lowe's,Equity,us_russell_1000,USA,Home Improvement Retail,Consumer Discretionary,Consumer Cyclical
LPLA,LPL Financial,Equity,us_russell_1000,USA,Capital Markets,Financials,Financial Services
LPX,Louisiana-Pacific,Equity,us_russell_1000,USA,Forest Products,Materials,Industrials
LRCX,Lam Research,Equity,us_russell_1000,USA,Semiconductor Materials & Equipment,Information Technology,Technology
LSCC,Lattice Semiconductor,Equity,us_russell_1000,USA,Semiconductors,Information Technology,Technology
LSTR,Landstar,Equity,us_russell_1000,USA,Cargo Ground Transportation,Industrials,Industrials
LULU,Lululemon Athletica,Equity,us_russell_1000,USA,"Apparel, Accessories & Luxury Goods",Consumer Discretionary,Consumer Cyclical
LUV,Southwest Airlines,Equity,us_russell_1000,USA,Passenger Airlines,Industrials,Industrials
LVS,Las Vegas Sands,Equity,us_russell_1000,USA,Casinos & Gaming,Consumer Discretionary,Consumer Cyclical
LW,Lamb Weston,Equity,us_russell_1000,USA,Packaged Foods & Meats,Consumer Staples,Consumer Defensive
LYB,LyondellBasell,Equity,us_russell_1000,USA,Specialty Chemicals,Materials,Basic Materials
LYFT,Lyft,Equity,us_russell_1000,USA,Passenger Ground Transportation,Industrials,Technology
LYV,Live Nation Entertainment,Equity,us_russell_1000,USA,Movies & Entertainment,Communication Services,Communication Services
M,"Macy's, Inc.",Equity,us_russell_1000,USA,Department Stores,Consumer Discretionary,Consumer Cyclical
MA,Mastercard,Equity,us_russell_1000,USA,Transaction & Payment Processing Services,Financials,Financial Services
MAA,Mid-America Apartment Communities,Equity,us_russell_1000,USA,Multi-Family Residential REITs,Real Estate,Real Estate
MAN,ManpowerGroup,Equity,us_russell_1000,USA,Human Resource & Employment Services,Industrials,Industrials
MANH,Manhattan Associates,Equity,us_russell_1000,USA,Software - Application,Information Technology,Technology
MAR,Marriott International,Equity,us_russell_1000,USA,"Hotels, Resorts & Cruise Lines",Consumer Discretionary,Consumer Cyclical
MAS,Masco,Equity,us_russell_1000,USA,Building Products,Industrials,Industrials
MASI,Masimo,Equity,us_russell_1000,USA,Health Care Equipment,Health Care,Healthcare
MAT,Mattel,Equity,us_russell_1000,USA,Leisure Products,Consumer Discretionary,Consumer Cyclical
MCD,McDonald's,Equity,us_russell_1000,USA,Restaurants,Consumer Discretionary,Consumer Cyclical
MCHP,Microchip Technology,Equity,us_russell_1000,USA,Semiconductors,Information Technology,Technology
MCK,McKesson Corporation,Equity,us_russell_1000,USA,Health Care Distributors,Health Care,Healthcare
MCO,Moody's Corporation,Equity,us_russell_1000,USA,Financial Exchanges & Data,Financials,Financial Services
MDB,MongoDB Inc.,Equity,us_russell_1000,USA,Systems Software,Information Technology,Technology
MDLZ,Mondelez International,Equity,us_russell_1000,USA,Packaged Foods & Meats,Consumer Staples,Consumer Defensive
MDT,Medtronic,Equity,us_russell_1000,USA,Health Care Equipment,Health Care,Healthcare
MDU,MDU Resources,Equity,us_russell_1000,USA,Multi-Utilities,Utilities,Utilities
MEDP,Medpace,Equity,us_russell_1000,USA,Diagnostics & Research,Health Care,Healthcare
MET,Metlife,Equity,us_russell_1000,USA,Life & Health Insurance,Financials,Financial Services
META,Meta Platforms,Equity,us_russell_1000,USA,Interactive Media & Services,Communication Services,Communication Services
MGM,MGM Resorts International,Equity,us_russell_1000,USA,Casinos & Gaming,Consumer Discretionary,Consumer Cyclical
MHK,Mohawk Industries,Equity,us_russell_1000,USA,Home Furnishings,Consumer Discretionary,Consumer Cyclical
MIDD,Middleby,Equity,us_russell_1000,USA,Industrial Machinery & Supplies & Components,Industrials,Industrials
MKC,McCormick & Company,Equity,us_russell_1000,USA,Packaged Foods & Meats,Consumer Staples,Consumer Defensive
MKL,Markel,Equity,us_russell_1000,USA,Insurance - Property & Casualty,Financials,Financial Services
MKSI,MKS Instruments,Equity,us_russell_1000,USA,Semiconductor Materials & Equipment,Information Technology,Technology
MKTX,MarketAxess,Equity,us_russell_1000,USA,Financial Exchanges & Data,Financials,Financial Services
MLI,Mueller Industries,Equity,us_russell_1000,USA,Industrial Machinery & Supplies & Components,Industrials,Industrials
MLM,Martin Marietta Materials,Equity,us_russell_1000,USA,Construction Materials,Materials,Basic Materials
MMC,Marsh McLennan,Equity,us_russell_1000,USA,Insurance Brokers,Financials,Financial Services
MMM,3M,Equity,us_russell_1000,USA,Industrial Conglomerates,Industrials,Industrials
MNST,Monster Beverage,Equity,us_russell_1000,USA,Soft Drinks & Non-alcoholic Beverages,Consumer Staples,Consumer Defensive
MO,Altria,Equity,us_russell_1000,USA,Tobacco,Consumer Staples,Consumer Defensive
MOH,Molina Healthcare,Equity,us_russell_1000,USA,Managed Health Care,Health Care,Healthcare
MORN,"Morningstar, Inc.",Equity,us_russell_1000,USA,Financial Data & Stock Exchanges,Financials,Financial Services
MOS,Mosaic Company (The),Equity,us_russell_1000,USA,Fertilizers & Agricultural Chemicals,Materials,Basic Materials
MP,MP Materials,Equity,us_russell_1000,USA,Diversified Metals & Mining,Materials,Basic Materials
MPC,Marathon Petroleum,Equity,us_russell_1000,USA,Oil & Gas Refining & Marketing,Energy,Energy
MPW,Medical Properties Trust,Equity,us_russell_1000,USA,Health Care REITs,Real Estate,Real Estate
MPWR,Monolithic Power Systems,Equity,us_russell_1000,USA,Semiconductors,Information Technology,Technology
MRK,Merck & Co.,Equity,us_russell_1000,USA,Pharmaceuticals,Health Care,Healthcare
MRNA,Moderna,Equity,us_russell_1000,USA,Biotechnology,Health Care,Healthcare
MRP,Millrose Properties,Equity,us_russell_1000,USA,Homebuilding,Consumer Discretionary,Real Estate
MRVL,Marvell Technology,Equity,us_russell_1000,USA,Semiconductors,Information Technology,Technology
MS,Morgan Stanley,Equity,us_russell_1000,USA,Investment Banking & Brokerage,Financials,Financial Services
MSA,MSA Safety,Equity,us_russell_1000,USA,Office Services & Supplies,Industrials,Industrials
MSCI,MSCI,Equity,us_russell_1000,USA,Financial Exchanges & Data,Financials,Financial Services
MSFT,Microsoft,Equity,us_russell_1000,USA,Systems Software,Information Technology,Technology
MSGS,Madison Square Garden Sports,Equity,us_russell_1000,USA,Entertainment,Communication Services,Communication Services
MSI,Motorola Solutions,Equity,us_russell_1000,USA,Communications Equipment,Information Technology,Technology
MSM,MSC Industrial Direct,Equity,us_russell_1000,USA,Trading Companies & Distributors,Industrials,Industrials
MSTR,MicroStrategy,Equity,us_russell_1000,USA,Application Software,Information Technology,Technology
MTB,M&T Bank,Equity,us_russell_1000,USA,Regional Banks,Financials,Financial Services
MTCH,Match Group,Equity,us_russell_1000,USA,Interactive Media & Services,Communication Services,Communication Services
MTD,Mettler Toledo,Equity,us_russell_1000,USA,Life Sciences Tools & Services,Health Care,Healthcare
MTDR,Matador Resources,Equity,us_russell_1000,USA,Oil & Gas Exploration & Production,Energy,Energy
MTG,MGIC Investment Corporation,Equity,us_russell_1000,USA,Reinsurance,Financials,Financial Services
MTN,Vail Resorts,Equity,us_russell_1000,USA,Resorts & Casinos,Consumer Discretionary,Consumer Cyclical
MTSI,MACOM Technology Solutions,Equity,us_russell_1000,USA,Semiconductors,Information Technology,Technology
MTZ,MasTec,Equity,us_russell_1000,USA,Construction & Engineering,Industrials,Industrials
MU,Micron Technology,Equity,us_russell_1000,USA,Semiconductors,Information Technology,Technology
MUSA,Murphy USA,Equity,us_russell_1000,USA,Specialty Retail,Consumer Discretionary,Consumer Cyclical
NBIX,Neurocrine Biosciences,Equity,us_russell_1000,USA,Biotechnology,Health Care,Healthcare
NCLH,Norwegian Cruise Line Holdings,Equity,us_russell_1000,USA,"Hotels, Resorts & Cruise Lines",Consumer Discretionary,Consumer Cyclical
NCNO,nCino,Equity,us_russell_1000,USA,Software - Application,Information Technology,Technology
NDAQ,"Nasdaq, Inc.",Equity,us_russell_1000,USA,Financial Exchanges & Data,Financials,Financial Services
NDSN,Nordson,Equity,us_russell_1000,USA,Industrial Machinery & Supplies & Components,Industrials,Industrials
NEE,NextEra Energy,Equity,us_russell_1000,USA,Multi-Utilities,Utilities,Utilities
NEM,Newmont,Equity,us_russell_1000,USA,Gold,Materials,Basic Materials
NET,Cloudflare,Equity,us_russell_1000,USA,Software - Infrastructure,Information Technology,Technology
NEU,NewMarket,Equity,us_russell_1000,USA,Specialty Chemicals,Materials,Basic Materials
NFG,National Fuel Gas,Equity,us_russell_1000,USA,Gas Utilities,Utilities,Energy
NFLX,Netflix,Equity,us_russell_1000,USA,Movies & Entertainment,Communication Services,Communication Services
NI,NiSource,Equity,us_russell_1000,USA,Multi-Utilities,Utilities,Utilities
NIQ,NIQ Global Intelligence,Equity,us_russell_1000,USA,,Communication Services,
NKE,"Nike, Inc.",Equity,us_russell_1000,USA,"Apparel, Accessories & Luxury Goods",Consumer Discretionary,Consumer Cyclical
NLY,Annaly Capital Management,Equity,us_russell_1000,USA,REIT - Mortgage,Financials,Real Estate
NNN,NNN Reit,Equity,us_russell_1000,USA,Retail REITs,Real Estate,Real Estate
NOC,Northrop Grumman,Equity,us_russell_1000,USA,Aerospace & Defense,Industrials,Industrials
NOV,NOV Inc.,Equity,us_russell_1000,USA,Oil & Gas Equipment & Services,Energy,Energy
NOW,ServiceNow,Equity,us_russell_1000,USA,Systems Software,Information Technology,Technology
NRG,NRG Energy,Equity,us_russell_1000,USA,Independent Power Producers & Energy Traders,Utilities,Utilities
NSA,National Storage Affiliates,Equity,us_russell_1000,USA,REIT - Industrial,Real Estate,Real Estate
NSC,Norfolk Southern,Equity,us_russell_1000,USA,Rail Transportation,Industrials,Industrials
NTAP,Netapp,Equity,us_russell_1000,USA,"Technology Hardware, Storage & Peripherals",Information Technology,Technology
NTNX,Nutanix,Equity,us_russell_1000,USA,Software - Infrastructure,Information Technology,Technology
NTRA,Natera,Equity,us_russell_1000,USA,Diagnostics & Research,Health Care,Healthcare
NTRS,Northern Trust,Equity,us_russell_1000,USA,Asset Management & Custody Banks,Financials,Financial Services
NU,Nubank,Equity,us_russell_1000,USA,Banks - Regional,Financials,Financial Services
NUE,Nucor,Equity,us_russell_1000,USA,Steel,Materials,Basic Materials
NVDA,Nvidia,Equity,us_russell_1000,USA,Semiconductors,Information Technology,Technology
NVR,"NVR, Inc.",Equity,us_russell_1000,USA,Homebuilding,Consumer Discretionary,Consumer Cyclical
NVST,Envista,Equity,us_russell_1000,USA,Health Care Supplies,Health Care,Healthcare
NVT,nVent Electric,Equity,us_russell_1000,USA,Electrical Equipment & Parts,Industrials,Industrials
NWL,Newell Brands,Equity,us_russell_1000,USA,Housewares & Specialties,Consumer Discretionary,Consumer Defensive
NWS,News Corp (Class B),Equity,us_russell_1000,USA,Publishing,Communication Services,Communication Services
NWSA,News Corp (Class A),Equity,us_russell_1000,USA,Publishing,Communication Services,Communication Services
NXST,Nexstar Media Group,Equity,us_russell_1000,USA,Broadcasting,Communication Services,Communication Services
NYT,New York Times Company,Equity,us_russell_1000,USA,Publishing,Communication Services,Communication Services
O,Realty Income,Equity,us_russell_1000,USA,Retail REITs,Real Estate,Real Estate
OC,Owens Corning,Equity,us_russell_1000,USA,Building Products,Industrials,Industrials
ODFL,Old Dominion Freight Line,Equity,us_russell_1000,USA,Cargo Ground Transportation,Industrials,Industrials
OGE,OGE Energy,Equity,us_russell_1000,USA,Multi-Utilities,Utilities,Utilities
OGN,Organon & Co.,Equity,us_russell_1000,USA,Pharmaceuticals,Health Care,Healthcare
OHI,Omega Healthcare Investors,Equity,us_russell_1000,USA,REIT - Healthcare Facilities,Real Estate,Real Estate
OKE,Oneok,Equity,us_russell_1000,USA,Oil & Gas Storage & Transportation,Energy,Energy
OKTA,"Okta, Inc.",Equity,us_russell_1000,USA,Application Software,Information Technology,Technology
OLED,Universal Display Corporation,Equity,us_russell_1000,USA,Semiconductors,Information Technology,Technology
OLLI,Ollie's Bargain Outlet,Equity,us_russell_1000,USA,General Merchandise Stores,Consumer Discretionary,Consumer Defensive
OLN,Olin Corporation,Equity,us_russell_1000,USA,Diversified Chemicals,Materials,Basic Materials
OMC,Omnicom Group,Equity,us_russell_1000,USA,Advertising,Communication Services,Communication Services
OMF,OneMain Financial,Equity,us_russell_1000,USA,Credit Services,Financials,Financial Services
ON,ON Semiconductor,Equity,us_russell_1000,USA,Semiconductors,Information Technology,Technology
ONON,On Holding AG,Equity,us_russell_1000,USA,Footwear,Consumer Discretionary,Consumer Cyclical
ONTO,Onto Innovation,Equity,us_russell_1000,USA,Semiconductor Materials & Equipment,Information Technology,Technology
ORCL,Oracle Corporation,Equity,us_russell_1000,USA,Application Software,Information Technology,Technology
ORI,Old Republic International,Equity,us_russell_1000,USA,Property & Casualty Insurance,Financials,Financial Services
ORLY,O'Reilly Auto Parts,Equity,us_russell_1000,USA,Automotive Retail,Consumer Discretionary,Consumer Cyclical
OSK,Oshkosh Corporation,Equity,us_russell_1000,USA,Construction Machinery & Heavy Transportation Equipment,Industrials,Industrials
OTIS,Otis Worldwide,Equity,us_russell_1000,USA,Industrial Machinery & Supplies & Components,Industrials,Industrials
OVV,Ovintiv,Equity,us_russell_1000,USA,Oil & Gas E&P,Energy,Energy
OWL,Blue Owl Capital,Equity,us_russell_1000,USA,Asset Management,Financials,Financial Services
OXY,Occidental Petroleum,Equity,us_russell_1000,USA,Oil & Gas Exploration & Production,Energy,Energy
OZK,Bank OZK,Equity,us_russell_1000,USA,Regional Banks,Financials,Financial Services
PAG,Penske Automotive Group,Equity,us_russell_1000,USA,Auto & Truck Dealerships,Consumer Discretionary,Consumer Cyclical
PANW,Palo Alto Networks,Equity,us_russell_1000,USA,Systems Software,Information Technology,Technology
PATH,UiPath,Equity,us_russell_1000,USA,Software - Infrastructure,Information Technology,Technology
PAYC,Paycom,Equity,us_russell_1000,USA,Application Software,Information Technology,Technology
PAYX,Paychex,Equity,us_russell_1000,USA,Human Resource & Employment Services,Industrials,Technology
PB,Prosperity Bancshares,Equity,us_russell_1000,USA,Regional Banks,Financials,Financial Services
PCAR,Paccar,Equity,us_russell_1000,USA,Construction Machinery & Heavy Transportation Equipment,Industrials,Industrials
PCG,PG&E Corporation,Equity,us_russell_1000,USA,Utilities - Regulated Electric,Utilities,Utilities
PCOR,Procore,Equity,us_russell_1000,USA,Software - Application,Information Technology,Technology
PCTY,Paylocity,Equity,us_russell_1000,USA,Application Software,Information Technology,Technology
PEG,Public Service Enterprise Group,Equity,us_russell_1000,USA,Electric Utilities,Utilities,Utilities
PEGA,Pegasystems,Equity,us_russell_1000,USA,Software - Application,Information Technology,Technology
PEN,"Penumbra, Inc.",Equity,us_russell_1000,USA,Health Care Equipment,Health Care,Healthcare
PENN,Penn Entertainment,Equity,us_russell_1000,USA,Casinos & Gaming,Consumer Discretionary,Consumer Cyclical
PEP,PepsiCo,Equity,us_russell_1000,USA,Soft Drinks & Non-alcoholic Beverages,Consumer Staples,Consumer Defensive
PFE,Pfizer,Equity,us_russell_1000,USA,Pharmaceuticals,Health Care,Healthcare
PFG,Principal Financial Group,Equity,us_russell_1000,USA,Life & Health Insurance,Financials,Financial Services
PFGC,Performance Food Group,Equity,us_russell_1000,USA,Food Distributors,Consumer Staples,Consumer Defensive
PG,Procter & Gamble,Equity,us_russell_1000,USA,Personal Care Products,Consumer Staples,Consumer Defensive
PGR,Progressive Corporation,Equity,us_russell_1000,USA,Property & Casualty Insurance,Financials,Financial Services
PH,Parker Hannifin,Equity,us_russell_1000,USA,Industrial Machinery & Supplies & Components,Industrials,Industrials
PHM,PulteGroup,Equity,us_russell_1000,USA,Homebuilding,Consumer Discretionary,Consumer Cyclical
PINS,Pinterest,Equity,us_russell_1000,USA,Internet Content & Information,Communication Services,Communication Services
PK,Park Hotels & Resorts,Equity,us_russell_1000,USA,Hotel & Resort REITs,Real Estate,Real Estate
PKG,Packaging Corporation of America,Equity,us_russell_1000,USA,Paper & Plastic Packaging Products & Materials,Materials,Consumer Cyclical
PLD,Prologis,Equity,us_russell_1000,USA,Industrial REITs,Real Estate,Real Estate
PLNT,Planet Fitness,Equity,us_russell_1000,USA,Leisure,Consumer Discretionary,Consumer Cyclical
PLTR,Palantir Technologies,Equity,us_russell_1000,USA,Internet Services & Infrastructure,Information Technology,Technology
PM,Philip Morris International,Equity,us_russell_1000,USA,Tobacco,Consumer Staples,Consumer Defensive
PNC,PNC Financial Services,Equity,us_russell_1000,USA,Regional Banks,Financials,Financial Services
PNFP,Pinnacle Financial Partners,Equity,us_russell_1000,USA,Regional Banks,Financials,Financial Services
PNR,Pentair,Equity,us_russell_1000,USA,Industrial Machinery & Supplies & Components,Industrials,Industrials
PNW,Pinnacle West Capital,Equity,us_russell_1000,USA,Multi-Utilities,Utilities,Utilities
PODD,Insulet,Equity,us_russell_1000,USA,Medical Devices,Health Care,Healthcare
POOL,Pool Corporation,Equity,us_russell_1000,USA,Distributors,Consumer Discretionary,Industrials
POST,Post Holdings,Equity,us_russell_1000,USA,Packaged Foods & Meats,Consumer Staples,Consumer Defensive
PPC,Pilgrim's Pride,Equity,us_russell_1000,USA,Packaged Foods & Meats,Consumer Staples,Consumer Defensive
PPG,PPG Industries,Equity,us_russell_1000,USA,Specialty Chemicals,Materials,Basic Materials
PPL,PPL Corporation,Equity,us_russell_1000,USA,Electric Utilities,Utilities,Utilities
PR,Permian Resources,Equity,us_russell_1000,USA,Oil & Gas Exploration & Production,Energy,Energy
PRGO,Perrigo,Equity,us_russell_1000,USA,Pharmaceuticals,Health Care,Healthcare
PRI,Primerica,Equity,us_russell_1000,USA,Life & Health Insurance,Financials,Financial Services
PRMB,Primo Brands,Equity,us_russell_1000,USA,Soft Drinks & Non-alcoholic Beverages,Consumer Staples,Consumer Defensive
PRU,Prudential Financial,Equity,us_russell_1000,USA,Life & Health Insurance,Financials,Financial Services
PSA,Public Storage,Equity,us_russell_1000,USA,Self-Storage REITs,Real Estate,Real Estate
PSN,Parsons Corporation,Equity,us_russell_1000,USA,Aerospace & Defense,Industrials,Technology
PSTG,Pure Storage,Equity,us_russell_1000,USA,Computer Hardware,Information Technology,Technology
PSX,Phillips 66,Equity,us_russell_1000,USA,Oil & Gas Refining & Marketing,Energy,Energy
PTC,PTC Inc.,Equity,us_russell_1000,USA,Application Software,Information Technology,Technology
PVH,PVH Corp.,Equity,us_russell_1000,USA,"Apparel, Accessories & Luxury Goods",Consumer Discretionary,Consumer Cyclical
PWR,Quanta Services,Equity,us_russell_1000,USA,Construction & Engineering,Industrials,Industrials
PYPL,PayPal,Equity,us_russell_1000,USA,Transaction & Payment Processing Services,Financials,Financial Services
Q,Qnity Electronics,Equity,us_russell_1000,USA,Semiconductor Materials & Equipment,Information Technology,Technology
QCOM,Qualcomm,Equity,us_russell_1000,USA,Semiconductors,Information Technology,Technology
QGEN,Qiagen,Equity,us_russell_1000,USA,Diagnostics & Research,Health Care,Healthcare
QRVO,Qorvo,Equity,us_russell_1000,USA,Semiconductors,Information Technology,Technology
QS,QuantumScape,Equity,us_russell_1000,USA,Auto Parts,Consumer Discretionary,Consumer Cyclical
QSR,Restaurant Brands International,Equity,us_russell_1000,USA,Restaurants,Consumer Discretionary,Consumer Cyclical
QXO,"QXO, Inc.",Equity,us_russell_1000,USA,Industrial Distribution,Industrials,Industrials
R,Ryder,Equity,us_russell_1000,USA,Cargo Ground Transportation,Industrials,Industrials
RAL,Ralliant,Equity,us_russell_1000,USA,Electronic Components,Information Technology,Technology
RARE,Ultragenyx,Equity,us_russell_1000,USA,Biotechnology,Health Care,Healthcare
RBA,RB Global,Equity,us_russell_1000,USA,Specialty Business Services,Industrials,Industrials
RBC,RBC Bearings,Equity,us_russell_1000,USA,Tools & Accessories,Industrials,Industrials
RBLX,Roblox Corporation,Equity,us_russell_1000,USA,Electronic Gaming & Multimedia,Communication Services,Communication Services
RBRK,Rubrik,Equity,us_russell_1000,USA,Software - Infrastructure,Information Technology,Technology
RCL,Royal Caribbean Group,Equity,us_russell_1000,USA,"Hotels, Resorts & Cruise Lines",Consumer Discretionary,Consumer Cyclical
RDDT,Reddit,Equity,us_russell_1000,USA,Interactive Media & Services,Communication Services,Communication Services
REG,Regency Centers,Equity,us_russell_1000,USA,Retail REITs,Real Estate,Real Estate
REGN,Regeneron Pharmaceuticals,Equity,us_russell_1000,USA,Biotechnology,Health Care,Healthcare
REXR,Rexford Industrial,Equity,us_russell_1000,USA,REIT - Industrial,Real Estate,Real Estate
REYN,Reynolds Consumer Products,Equity,us_russell_1000,USA,Packaging & Containers,Consumer Staples,Consumer Cyclical
RF,Regions Financial Corporation,Equity,us_russell_1000,USA,Regional Banks,Financials,Financial Services
RGA,Reinsurance Group of America,Equity,us_russell_1000,USA,Reinsurance,Financials,Financial Services
RGEN,Repligen,Equity,us_russell_1000,USA,Biotechnology,Health Care,Healthcare
RGLD,Royal Gold,Equity,us_russell_1000,USA,Precious Metals & Minerals,Materials,Basic Materials
RH,RH,Equity,us_russell_1000,USA,Homefurnishing Retail,Consumer Discretionary,Consumer Cyclical
RHI,Robert Half,Equity,us_russell_1000,USA,Human Resource & Employment Services,Industrials,Industrials
RITM,Rithm Capital,Equity,us_russell_1000,USA,REIT - Mortgage,Financials,Real Estate
RIVN,Rivian,Equity,us_russell_1000,USA,Auto Manufacturers,Consumer Discretionary,Consumer Cyclical
RJF,Raymond James Financial,Equity,us_russell_1000,USA,Investment Banking & Brokerage,Financials,Financial Services
RKLB,Rocket Lab,Equity,us_russell_1000,USA,Aerospace & Defense,Industrials,Industrials
RKT,Rocket Companies,Equity,us_russell_1000,USA,Mortgage Finance,Financials,Financial Services
RL,Ralph Lauren Corporation,Equity,us_russell_1000,USA,"Apparel, Accessories & Luxury Goods",Consumer Discretionary,Consumer Cyclical
RLI,RLI Corp.,Equity,us_russell_1000,USA,Insurance - Property & Casualty,Financials,Financial Services
RMD,Resmed,Equity,us_russell_1000,USA,Health Care Equipment,Health Care,Healthcare
RNG,RingCentral,Equity,us_russell_1000,USA,Software - Application,Information Technology,Technology
RNR,RenaissanceRe,Equity,us_russell_1000,USA,Reinsurance,Financials,Financial Services
ROIV,Roivant Sciences,Equity,us_russell_1000,USA,Biotechnology,Health Care,Healthcare
ROK,Rockwell Automation,Equity,us_russell_1000,USA,Electrical Components & Equipment,Industrials,Industrials
ROKU,"Roku, Inc.",Equity,us_russell_1000,USA,Entertainment,Communication Services,Communication Services
ROL,"Rollins, Inc.",Equity,us_russell_1000,USA,Environmental & Facilities Services,Industrials,Consumer Cyclical
ROP,Roper Technologies,Equity,us_russell_1000,USA,Industrial Conglomerates,Industrials,Technology
ROST,Ross Stores,Equity,us_russell_1000,USA,Apparel Retail,Consumer Discretionary,Consumer Cyclical
RPM,RPM International,Equity,us_russell_1000,USA,Specialty Chemicals,Materials,Basic Materials
RPRX,Royalty Pharma,Equity,us_russell_1000,USA,Biotechnology,Health Care,Healthcare
RRC,Range Resources,Equity,us_russell_1000,USA,Oil & Gas Exploration & Production,Energy,Energy
RRX,Regal Rexnord,Equity,us_russell_1000,USA,Electrical Components & Equipment,Industrials,Industrials
RS,"Reliance, Inc.",Equity,us_russell_1000,USA,Steel,Materials,Basic Materials
RSG,Republic Services,Equity,us_russell_1000,USA,Environmental & Facilities Services,Industrials,Industrials
RTX,RTX Corporation,Equity,us_russell_1000,USA,Aerospace & Defense,Industrials,Industrials
RVMD,Revolution Medicines,Equity,us_russell_1000,USA,Biotechnology,Health Care,Healthcare
RVTY,Revvity,Equity,us_russell_1000,USA,Health Care Equipment,Health Care,Healthcare
RYAN,Ryan Specialty,Equity,us_russell_1000,USA,Insurance - Specialty,Financials,Financial Services
RYN,Rayonier,Equity,us_russell_1000,USA,Timber REITs,Real Estate,Real Estate
S,SentinelOne,Equity,us_russell_1000,USA,Software - Infrastructure,Information Technology,Technology
SAIA,Saia,Equity,us_russell_1000,USA,Trucking,Industrials,Industrials
SAIC,SAIC,Equity,us_russell_1000,USA,Diversified Support Services,Industrials,Technology
SAIL,SailPoint,Equity,us_russell_1000,USA,Application Software,Information Technology,Technology
SAM,Boston Beer Company,Equity,us_russell_1000,USA,Brewers,Consumer Staples,Consumer Defensive
SARO,StandardAero,Equity,us_russell_1000,USA,Aerospace & Defense,Industrials,Industrials
SBAC,SBA Communications,Equity,us_russell_1000,USA,Telecom Tower REITs,Real Estate,Real Estate
SBUX,Starbucks,Equity,us_russell_1000,USA,Restaurants,Consumer Discretionary,Consumer Cyclical
SCCO,Southern Copper,Equity,us_russell_1000,USA,Copper,Materials,Basic Materials
SCHW,Charles Schwab Corporation,Equity,us_russell_1000,USA,Investment Banking & Brokerage,Financials,Financial Services
SCI,Service Corporation International,Equity,us_russell_1000,USA,Specialized Consumer Services,Consumer Discretionary,Consumer Cyclical
SEB,Seaboard Corporation,Equity,us_russell_1000,USA,Conglomerates,Consumer Staples,Industrials
SEE,Sealed Air,Equity,us_russell_1000,USA,Paper & Plastic Packaging Products & Materials,Materials,Consumer Cyclical
SEIC,SEI Investments Company,Equity,us_russell_1000,USA,Asset Management & Custody Banks,Financials,Financial Services
SF,Stifel,Equity,us_russell_1000,USA,Investment Banking & Brokerage,Financials,Financial Services
SFD,Smithfield Foods,Equity,us_russell_1000,USA,Packaged Foods & Meats,Consumer Staples,Consumer Defensive
SFM,Sprouts Farmers Market,Equity,us_russell_1000,USA,Food Retail,Consumer Staples,Consumer Defensive
SGI,Somnigroup International,Equity,us_russell_1000,USA,Home Furnishings,Consumer Discretionary,Consumer Cyclical
SHC,Sotera Health,Equity,us_russell_1000,USA,Diagnostics & Research,Health Care,Healthcare
SHW,Sherwin-Williams,Equity,us_russell_1000,USA,Specialty Chemicals,Materials,Basic Materials
SIRI,Sirius XM,Equity,us_russell_1000,USA,Broadcasting,Communication Services,Communication Services
SITE,SiteOne Landscape Supply,Equity,us_russell_1000,USA,Industrial Distribution,Industrials,Industrials
SJM,J.M. Smucker Company (The),Equity,us_russell_1000,USA,Packaged Foods & Meats,Consumer Staples,Consumer Defensive
SLB,Schlumberger,Equity,us_russell_1000,USA,Oil & Gas Equipment & Services,Energy,Energy
SLGN,Silgan Holdings,Equity,us_russell_1000,USA,"Metal, Glass & Plastic Containers",Materials,Consumer Cyclical
SLM,Sallie Mae,Equity,us_russell_1000,USA,Consumer Finance,Financials,Financial Services
SMCI,Supermicro,Equity,us_russell_1000,USA,"Technology Hardware, Storage & Peripherals",Information Technology,Technology
SMG,Scotts Miracle-Gro Company,Equity,us_russell_1000,USA,Fertilizers & Agricultural Chemicals,Materials,Basic Materials
SMMT,Summit Therapeutics,Equity,us_russell_1000,USA,Biotechnology,Health Care,Healthcare
SN,SharkNinja,Equity,us_russell_1000,USA,Household Appliances,Consumer Discretionary,Consumer Cyclical
SNA,Snap-on,Equity,us_russell_1000,USA,Industrial Machinery & Supplies & Components,Industrials,Industrials
SNDK,SanDisk,Equity,us_russell_1000,USA,"Technology Hardware, Storage & Peripherals",Information Technology,Technology
SNDR,Schneider National,Equity,us_russell_1000,USA,Trucking,Industrials,Industrials
SNOW,Snowflake Inc.,Equity,us_russell_1000,USA,Software - Application,Information Technology,Technology
SNPS,Synopsys,Equity,us_russell_1000,USA,Application Software,Information Technology,Technology
SNX,TD Synnex,Equity,us_russell_1000,USA,Technology Distributors,Information Technology,Technology
SO,Southern Company,Equity,us_russell_1000,USA,Electric Utilities,Utilities,Utilities
SOFI,SoFi,Equity,us_russell_1000,USA,Credit Services,Financials,Financial Services
SOLS,Solstice Advanced Materials,Equity,us_russell_1000,USA,Specialty Chemicals,Materials,Basic Materials
SOLV,Solventum,Equity,us_russell_1000,USA,Health Care Equipment,Health Care,Healthcare
SON,Sonoco,Equity,us_russell_1000,USA,Paper & Plastic Packaging Products & Materials,Materials,Consumer Cyclical
SPG,Simon Property Group,Equity,us_russell_1000,USA,Retail REITs,Real Estate,Real Estate
SPGI,S&P Global,Equity,us_russell_1000,USA,Financial Exchanges & Data,Financials,Financial Services
SPOT,Spotify,Equity,us_russell_1000,USA,Movies & Entertainment,Communication Services,Communication Services
SPR,Spirit AeroSystems,Equity,us_russell_1000,USA,,Industrials,
SRE,Sempra,Equity,us_russell_1000,USA,Multi-Utilities,Utilities,Utilities
SRPT,Sarepta Therapeutics,Equity,us_russell_1000,USA,Biotechnology,Health Care,Healthcare
SSB,SouthState Corporation,Equity,us_russell_1000,USA,Regional Banks,Financials,Financial Services
SSD,Simpson Manufacturing Company,Equity,us_russell_1000,USA,Building Products,Industrials,Basic Materials
SSNC,SS&C Technologies,Equity,us_russell_1000,USA,Software - Application,Information Technology,Technology
ST,Sensata Technologies,Equity,us_russell_1000,USA,Scientific & Technical Instruments,Industrials,Technology
STAG,STAG Industrial,Equity,us_russell_1000,USA,REIT - Industrial,Real Estate,Real Estate
STE,Steris,Equity,us_russell_1000,USA,Health Care Equipment,Health Care,Healthcare
STLD,Steel Dynamics,Equity,us_russell_1000,USA,Steel,Materials,Basic Materials
STT,State Street Corporation,Equity,us_russell_1000,USA,Asset Management & Custody Banks,Financials,Financial Services
STWD,Starwood Property Trust,Equity,us_russell_1000,USA,REIT - Mortgage,Financials,Real Estate
STZ,Constellation Brands,Equity,us_russell_1000,USA,Distillers & Vintners,Consumer Staples,Consumer Defensive
SUI,Sun Communities,Equity,us_russell_1000,USA,REIT - Residential,Real Estate,Real Estate
SW,Smurfit Westrock,Equity,us_russell_1000,USA,Paper & Plastic Packaging Products & Materials,Materials,Consumer Cyclical
SWK,Stanley Black & Decker,Equity,us_russell_1000,USA,Industrial Machinery & Supplies & Components,Industrials,Industrials
SWKS,Skyworks Solutions,Equity,us_russell_1000,USA,Semiconductors,Information Technology,Technology
SYF,Synchrony Financial,Equity,us_russell_1000,USA,Consumer Finance,Financials,Financial Services
SYK,Stryker Corporation,Equity,us_russell_1000,USA,Health Care Equipment,Health Care,Healthcare
SYY,Sysco,Equity,us_russell_1000,USA,Food Distributors,Consumer Staples,Consumer Defensive
T,AT&T,Equity,us_russell_1000,USA,Integrated Telecommunication Services,Communication Services,Communication Services
TAP,Molson Coors,Equity,us_russell_1000,USA,Brewers,Consumer Staples,Consumer Defensive
TDC,Teradata,Equity,us_russell_1000,USA,IT Consulting & Other Services,Information Technology,Technology
TDG,TransDigm Group,Equity,us_russell_1000,USA,Aerospace & Defense,Industrials,Industrials
TDY,Teledyne Technologies,Equity,us_russell_1000,USA,Aerospace & Defense,Industrials,Technology
TEAM,Atlassian,Equity,us_russell_1000,USA,Application Software,Information Technology,Technology
TECH,Bio-Techne,Equity,us_russell_1000,USA,Life Sciences Tools & Services,Health Care,Healthcare
TEM,Tempus AI,Equity,us_russell_1000,USA,Health Information Services,Health Care,Healthcare
TER,Teradyne,Equity,us_russell_1000,USA,Semiconductor Materials & Equipment,Information Technology,Technology
TFC,Truist Financial,Equity,us_russell_1000,USA,Regional Banks,Financials,Financial Services
TFSL,Third Federal S&L,Equity,us_russell_1000,USA,Banks - Regional,Financials,Financial Services
TFX,Teleflex,Equity,us_russell_1000,USA,Health Care Equipment,Health Care,Healthcare
TGT,Target Corporation,Equity,us_russell_1000,USA,Consumer Staples Merchandise Retail,Consumer Staples,Consumer Defensive
THC,Tenet Healthcare,Equity,us_russell_1000,USA,Health Care Facilities,Health Care,Healthcare
THG,Hanover Insurance,Equity,us_russell_1000,USA,Property & Casualty Insurance,Financials,Financial Services
THO,Thor Industries,Equity,us_russell_1000,USA,Leisure Products,Consumer Discretionary,Consumer Cyclical
TIGO,Millicom,Equity,us_russell_1000,USA,Integrated Telecommunication Services,Communication Services,Communication Services
TJX,TJX Companies,Equity,us_russell_1000,USA,Apparel Retail,Consumer Discretionary,Consumer Cyclical
TKO,TKO Group Holdings,Equity,us_russell_1000,USA,Movies & Entertainment,Communication Services,Communication Services
TKR,Timken Company,Equity,us_russell_1000,USA,Industrial Machinery & Supplies & Components,Industrials,Industrials
TLN,Talen Energy,Equity,us_russell_1000,USA,Independent Power Producers & Energy Traders,Utilities,Utilities
TMO,Thermo Fisher Scientific,Equity,us_russell_1000,USA,Life Sciences Tools & Services,Health Care,Healthcare
TMUS,T-Mobile US,Equity,us_russell_1000,USA,Wireless Telecommunication Services,Communication Services,Communication Services
TNL,Travel + Leisure Co.,Equity,us_russell_1000,USA,"Hotels, Resorts & Cruise Lines",Consumer Discretionary,Consumer Cyclical
TOL,Toll Brothers,Equity,us_russell_1000,USA,Homebuilding,Consumer Discretionary,Consumer Cyclical
TOST,"Toast, Inc.",Equity,us_russell_1000,USA,Transaction & Payment Processing Services,Information Technology,Technology
TPG,TPG Inc.,Equity,us_russell_1000,USA,Asset Management,Financials,Financial Services
TPL,Texas Pacific Land Corporation,Equity,us_russell_1000,USA,Oil & Gas Exploration & Production,Energy,Energy
TPR,"Tapestry, Inc.",Equity,us_russell_1000,USA,"Apparel, Accessories & Luxury Goods",Consumer Discretionary,Consumer Cyclical
TREX,"Trex Company, Inc.",Equity,us_russell_1000,USA,Building Products,Industrials,Industrials
TRGP,Targa Resources,Equity,us_russell_1000,USA,Oil & Gas Storage & Transportation,Energy,Energy
TRMB,Trimble Inc.,Equity,us_russell_1000,USA,Electronic Equipment & Instruments,Information Technology,Technology
TROW,T. Rowe Price,Equity,us_russell_1000,USA,Asset Management & Custody Banks,Financials,Financial Services
TRU,TransUnion,Equity,us_russell_1000,USA,Financial Data & Stock Exchanges,Industrials,Financial Services
TRV,Travelers Companies (The),Equity,us_russell_1000,USA,Property & Casualty Insurance,Financials,Financial Services
TSCO,Tractor Supply Company,Equity,us_russell_1000,USA,Other Specialty Retail,Consumer Discretionary,Consumer Cyclical
TSLA,"Tesla, Inc.",Equity,us_russell_1000,USA,Automobile Manufacturers,Consumer Discretionary,Consumer Cyclical
TSN,Tyson Foods,Equity,us_russell_1000,USA,Packaged Foods & Meats,Consumer Staples,Consumer Defensive
TT,Trane Technologies,Equity,us_russell_1000,USA,Building Products,Industrials,Industrials
TTC,Toro Company (The),Equity,us_russell_1000,USA,Agricultural & Farm Machinery,Industrials,Industrials
TTD,Trade Desk (The),Equity,us_russell_1000,USA,Advertising,Communication Services,Communication Services
TTEK,Tetra Tech,Equity,us_russell_1000,USA,Environmental & Facilities Services,Industrials,Industrials
TTWO,Take-Two Interactive,Equity,us_russell_1000,USA,Interactive Home Entertainment,Communication Services,Communication Services
TW,Tradeweb,Equity,us_russell_1000,USA,Capital Markets,Financials,Financial Services
TWLO,Twilio,Equity,us_russell_1000,USA,Software - Infrastructure,Information Technology,Technology
TXN,Texas Instruments,Equity,us_russell_1000,USA,Semiconductors,Information Technology,Technology
TXRH,Texas Roadhouse,Equity,us_russell_1000,USA,Restaurants,Consumer Discretionary,Consumer Cyclical
TXT,Textron,Equity,us_russell_1000,USA,Aerospace & Defense,Industrials,Industrials
TYL,Tyler Technologies,Equity,us_russell_1000,USA,Application Software,Information Technology,Technology
U,Unity Technologies,Equity,us_russell_1000,USA,Software - Application,Information Technology,Technology
UA,Under Armour (Class C),Equity,us_russell_1000,USA,"Apparel, Accessories & Luxury Goods",Consumer Discretionary,Consumer Cyclical
UAA,Under Armour (Class A),Equity,us_russell_1000,USA,"Apparel, Accessories & Luxury Goods",Consumer Discretionary,Consumer Cyclical
UAL,United Airlines Holdings,Equity,us_russell_1000,USA,Passenger Airlines,Industrials,Industrials
UBER,Uber,Equity,us_russell_1000,USA,Passenger Ground Transportation,Industrials,Technology
UDR,"UDR, Inc.",Equity,us_russell_1000,USA,Multi-Family Residential REITs,Real Estate,Real Estate
UGI,UGI Corporation,Equity,us_russell_1000,USA,Gas Utilities,Utilities,Utilities
UHAL,U-Haul,Equity,us_russell_1000,USA,Rental & Leasing Services,Industrials,Industrials
UHS,Universal Health Services,Equity,us_russell_1000,USA,Health Care Facilities,Health Care,Healthcare
UI,Ubiquiti,Equity,us_russell_1000,USA,Communication Equipment,Information Technology,Technology
ULTA,Ulta Beauty,Equity,us_russell_1000,USA,Other Specialty Retail,Consumer Discretionary,Consumer Cyclical
UNH,UnitedHealth Group,Equity,us_russell_1000,USA,Managed Health Care,Health Care,Healthcare
UNM,Unum,Equity,us_russell_1000,USA,Life & Health Insurance,Financials,Financial Services
UNP,Union Pacific Corporation,Equity,us_russell_1000,USA,Rail Transportation,Industrials,Industrials
UPS,United Parcel Service,Equity,us_russell_1000,USA,Air Freight & Logistics,Industrials,Industrials
URI,United Rentals,Equity,us_russell_1000,USA,Trading Companies & Distributors,Industrials,Industrials
USB,U.S. Bancorp,Equity,us_russell_1000,USA,Diversified Banks,Financials,Financial Services
USFD,US Foods,Equity,us_russell_1000,USA,Food Distribution,Consumer Staples,Consumer Defensive
UTHR,United Therapeutics,Equity,us_russell_1000,USA,Biotechnology,Health Care,Healthcare
UWMC,United Wholesale Mortgage,Equity,us_russell_1000,USA,Mortgage Finance,Financials,Financial Services
V,Visa Inc.,Equity,us_russell_1000,USA,Transaction & Payment Processing Services,Financials,Financial Services
VEEV,Veeva Systems,Equity,us_russell_1000,USA,Health Information Services,Health Care,Healthcare
VFC,VF Corporation,Equity,us_russell_1000,USA,"Apparel, Accessories & Luxury Goods",Consumer Discretionary,Consumer Cyclical
VICI,Vici Properties,Equity,us_russell_1000,USA,Hotel & Resort REITs,Real Estate,Real Estate
VIK,Viking Holdings,Equity,us_russell_1000,USA,"Hotels, Resorts & Cruise Lines",Consumer Discretionary,Consumer Cyclical
VIRT,Virtu Financial,Equity,us_russell_1000,USA,Capital Markets,Financials,Financial Services
VKTX,Viking Therapeutics,Equity,us_russell_1000,USA,Biotechnology,Health Care,Healthcare
VLO,Valero Energy,Equity,us_russell_1000,USA,Oil & Gas Refining & Marketing,Energy,Energy
VLTO,Veralto,Equity,us_russell_1000,USA,Pollution & Treatment Controls,Industrials,Industrials
VMC,Vulcan Materials,Equity,us_russell_1000,USA,Construction Materials,Materials,Basic Materials
VMI,Valmont Industries,Equity,us_russell_1000,USA,Industrial Machinery & Supplies & Components,Industrials,Industrials
VNO,Vornado Realty Trust,Equity,us_russell_1000,USA,Office REITs,Real Estate,Real Estate
VNOM,Viper Energy,Equity,us_russell_1000,USA,Oil & Gas Storage & Transportation,Energy,Energy
VNT,Vontier,Equity,us_russell_1000,USA,Electronic Equipment & Instruments,Information Technology,Technology
VOYA,Voya Financial,Equity,us_russell_1000,USA,Multi-Sector Holdings,Financials,Financial Services
VRSK,Verisk Analytics,Equity,us_russell_1000,USA,Research & Consulting Services,Industrials,Industrials
VRSN,Verisign,Equity,us_russell_1000,USA,Internet Services & Infrastructure,Information Technology,Technology
VRT,Vertiv,Equity,us_russell_1000,USA,Electrical Equipment & Parts,Industrials,Industrials
VRTX,Vertex Pharmaceuticals,Equity,us_russell_1000,USA,Biotechnology,Health Care,Healthcare
VSNT,Versant,Equity,us_russell_1000,USA,Entertainment,Communication Services,Communication Services
VST,Vistra Corp.,Equity,us_russell_1000,USA,Utilities - Independent Power Producers,Utilities,Utilities
VTR,"Ventas, Inc.",Equity,us_russell_1000,USA,Health Care REITs,Real Estate,Real Estate
VTRS,Viatris,Equity,us_russell_1000,USA,Pharmaceuticals,Health Care,Healthcare
VVV,Valvoline,Equity,us_russell_1000,USA,Commodity Chemicals,Materials,Consumer Cyclical
VZ,Verizon,Equity,us_russell_1000,USA,Integrated Telecommunication Services,Communication Services,Communication Services
W,Wayfair,Equity,us_russell_1000,USA,Internet Retail,Consumer Discretionary,Consumer Cyclical
WAB,Wabtec,Equity,us_russell_1000,USA,Construction Machinery & Heavy Transportation Equipment,Industrials,Industrials
WAL,Western Alliance Bancorporation,Equity,us_russell_1000,USA,Banks - Regional,Financials,Financial Services
WAT,Waters Corporation,Equity,us_russell_1000,USA,Health Care Distributors,Health Care,Healthcare
WBD,Warner Bros. Discovery,Equity,us_russell_1000,USA,Broadcasting,Communication Services,Communication Services
WBS,Webster Bank,Equity,us_russell_1000,USA,Regional Banks,Financials,Financial Services
WCC,Wesco International,Equity,us_russell_1000,USA,Industrial Distribution,Industrials,Industrials
WDAY,"Workday, Inc.",Equity,us_russell_1000,USA,Application Software,Information Technology,Technology
WDC,Western Digital,Equity,us_russell_1000,USA,"Technology Hardware, Storage & Peripherals",Information Technology,Technology
WEC,WEC Energy Group,Equity,us_russell_1000,USA,Electric Utilities,Utilities,Utilities
WELL,Welltower,Equity,us_russell_1000,USA,Health Care REITs,Real Estate,Real Estate
WEN,Wendy's Company (The),Equity,us_russell_1000,USA,Restaurants,Consumer Discretionary,Consumer Cyclical
WEX,WEX Inc.,Equity,us_russell_1000,USA,Transaction & Payment Processing Services,Financials,Technology
WFC,Wells Fargo,Equity,us_russell_1000,USA,Diversified Banks,Financials,Financial Services
WFRD,Weatherford International,Equity,us_russell_1000,USA,Oil & Gas Equipment & Services,Energy,Energy
WH,Wyndham Hotels & Resorts,Equity,us_russell_1000,USA,"Hotels, Resorts & Cruise Lines",Consumer Discretionary,Consumer Cyclical
WHR,Whirlpool Corporation,Equity,us_russell_1000,USA,Household Appliances,Consumer Discretionary,Consumer Cyclical
WING,Wingstop,Equity,us_russell_1000,USA,Restaurants,Consumer Discretionary,Consumer Cyclical
WLK,Westlake Corporation,Equity,us_russell_1000,USA,Specialty Chemicals,Materials,Basic Materials
WM,"Waste Management, Inc.",Equity,us_russell_1000,USA,Environmental & Facilities Services,Industrials,Industrials
WMB,Williams Companies,Equity,us_russell_1000,USA,Oil & Gas Storage & Transportation,Energy,Energy
WMS,Advanced Drainage Systems,Equity,us_russell_1000,USA,Building Products & Equipment,Industrials,Industrials
WMT,Walmart,Equity,us_russell_1000,USA,Consumer Staples Merchandise Retail,Consumer Staples,Consumer Defensive
WPC,W. P. Carey,Equity,us_russell_1000,USA,REIT - Diversified,Real Estate,Real Estate
WRB,W. R. Berkley Corporation,Equity,us_russell_1000,USA,Property & Casualty Insurance,Financials,Financial Services
WSC,WillScot Mobile Mini,Equity,us_russell_1000,USA,Rental & Leasing Services,Industrials,Industrials
WSM,"Williams-Sonoma, Inc.",Equity,us_russell_1000,USA,Homefurnishing Retail,Consumer Discretionary,Consumer Cyclical
WSO,Watsco,Equity,us_russell_1000,USA,Trading Companies & Distributors,Industrials,Industrials
WST,West Pharmaceutical Services,Equity,us_russell_1000,USA,Health Care Supplies,Health Care,Healthcare
WTFC,Wintrust Financial,Equity,us_russell_1000,USA,Regional Banks,Financials,Financial Services
WTM,White Mountains Insurance Group,Equity,us_russell_1000,USA,Insurance - Property & Casualty,Financials,Financial Services
WTRG,Essential Utilities,Equity,us_russell_1000,USA,Water Utilities,Utilities,Utilities
WTW,Willis Towers Watson,Equity,us_russell_1000,USA,Insurance Brokers,Financials,Financial Services
WU,Western Union,Equity,us_russell_1000,USA,Data Processing & Outsourced Services,Information Technology,Financial Services
WWD,"Woodward, Inc.",Equity,us_russell_1000,USA,Electrical Components & Equipment,Industrials,Industrials
WY,Weyerhaeuser,Equity,us_russell_1000,USA,Timber REITs,Real Estate,Real Estate
WYNN,Wynn Resorts,Equity,us_russell_1000,USA,Casinos & Gaming,Consumer Discretionary,Consumer Cyclical
XEL,Xcel Energy,Equity,us_russell_1000,USA,Multi-Utilities,Utilities,Utilities
XOM,ExxonMobil,Equity,us_russell_1000,USA,Integrated Oil & Gas,Energy,Energy
XP,XP Inc.,Equity,us_russell_1000,USA,Investment Banking & Brokerage,Financials,Financial Services
XPO,"XPO, Inc.",Equity,us_russell_1000,USA,Cargo Ground Transportation,Industrials,Industrials
XRAY,Dentsply Sirona,Equity,us_russell_1000,USA,Health Care Supplies,Health Care,Healthcare
XYL,Xylem Inc.,Equity,us_russell_1000,USA,Industrial Machinery & Supplies & Components,Industrials,Industrials
XYZ,"Block, Inc.",Equity,us_russell_1000,USA,Transaction & Payment Processing Services,Financials,Technology
YETI,Yeti Holdings,Equity,us_russell_1000,USA,Leisure Products,Consumer Discretionary,Consumer Cyclical
YUM,Yum! Brands,Equity,us_russell_1000,USA,Restaurants,Consumer Discretionary,Consumer Cyclical
Z,Zillow (Class C),Equity,us_russell_1000,USA,Internet Content & Information,Real Estate,Communication Services
ZBH,Zimmer Biomet,Equity,us_russell_1000,USA,Health Care Equipment,Health Care,Healthcare
ZBRA,Zebra Technologies,Equity,us_russell_1000,USA,Electronic Equipment & Instruments,Information Technology,Technology
ZG,Zillow (Class A),Equity,us_russell_1000,USA,Internet Content & Information,Real Estate,Communication Services
ZION,Zions Bancorporation,Equity,us_russell_1000,USA,Regional Banks,Financials,Financial Services
ZM,Zoom Communications,Equity,us_russell_1000,USA,Application Software,Information Technology,Technology
ZS,Zscaler,Equity,us_russell_1000,USA,Application Software,Information Technology,Technology
ZTS,Zoetis,Equity,us_russell_1000,USA,Pharmaceuticals,Health Care,Healthcare
0001.HK,CKH HOLDINGS,Equity,hk_main,Hong Kong,,,Industrials
0002.HK,CLP HOLDINGS,Equity,hk_main,Hong Kong,,,Utilities
0003.HK,HK & CHINA GAS,Equity,hk_main,Hong Kong,,,Utilities
0004.HK,WHARF HOLDINGS,Equity,hk_main,Hong Kong,,,Real Estate
0005.HK,HSBC HOLDINGS,Equity,hk_main,Hong Kong,,,Financial Services
0006.HK,POWER ASSETS,Equity,hk_main,Hong Kong,,,Utilities
0008.HK,PCCW,Equity,hk_main,Hong Kong,,,Communication Services
0010.HK,HANG LUNG GROUP,Equity,hk_main,Hong Kong,,,Real Estate
0012.HK,HENDERSON LAND,Equity,hk_main,Hong Kong,,,Real Estate
0013.HK,HUTCHMED,Equity,hk_main,Hong Kong,,,Healthcare
0014.HK,HYSAN DEV,Equity,hk_main,Hong Kong,,,Real Estate
0016.HK,SHK PPT,Equity,hk_main,Hong Kong,,,Real Estate
0017.HK,NEW WORLD DEV,Equity,hk_main,Hong Kong,,,Real Estate
0019.HK,SWIRE PACIFIC A,Equity,hk_main,Hong Kong,,,Industrials
0020.HK,SENSETIME-W,Equity,hk_main,Hong Kong,,,Technology
0023.HK,BANK OF E ASIA,Equity,hk_main,Hong Kong,,,Financial Services
0027.HK,GALAXY ENT,Equity,hk_main,Hong Kong,,,Consumer Cyclical
0038.HK,FIRST TRACTOR,Equity,hk_main,Hong Kong,,,Industrials
0066.HK,MTR CORPORATION,Equity,hk_main,Hong Kong,,,Industrials
0068.HK,MANYCORE TECH,Equity,hk_main,Hong Kong,,,Technology
0081.HK,CH OVS G OCEANS,Equity,hk_main,Hong Kong,,,Real Estate
0083.HK,SINO LAND,Equity,hk_main,Hong Kong,,,Real Estate
0087.HK,SWIRE PACIFIC B,Equity,hk_main,Hong Kong,,,Industrials
0101.HK,HANG LUNG PPT,Equity,hk_main,Hong Kong,,,Real Estate
0107.HK,SICHUAN EXPRESS,Equity,hk_main,Hong Kong,,,Industrials
0116.HK,CHOW SANG SANG,Equity,hk_main,Hong Kong,,,Consumer Cyclical
0119.HK,POLY PROPERTY,Equity,hk_main,Hong Kong,,,Real Estate
0123.HK,YUEXIU PROPERTY,Equity,hk_main,Hong Kong,,,Real Estate
0135.HK,KUNLUN ENERGY,Equity,hk_main,Hong Kong,,,Energy
0136.HK,CHINA RUYI,Equity,hk_main,Hong Kong,,,Communication Services
0142.HK,FIRST PACIFIC,Equity,hk_main,Hong Kong,,,Consumer Defensive
0144.HK,CHINA MER PORT,Equity,hk_main,Hong Kong,,,Industrials
0148.HK,KINGBOARD HLDG,Equity,hk_main,Hong Kong,,,Industrials
0151.HK,WANT WANT CHINA,Equity,hk_main,Hong Kong,,,Consumer Defensive
0152.HK,SHENZHEN INT'L,Equity,hk_main,Hong Kong,,,Industrials
0165.HK,CHINA EB LTD,Equity,hk_main,Hong Kong,,,Financial Services
0168.HK,TSINGTAO BREW,Equity,hk_main,Hong Kong,,,Consumer Defensive
0175.HK,GEELY AUTO,Equity,hk_main,Hong Kong,,,Consumer Cyclical
0177.HK,JIANGSU EXPRESS,Equity,hk_main,Hong Kong,,,Industrials
0179.HK,JOHNSON ELEC H,Equity,hk_main,Hong Kong,,,Consumer Cyclical
0187.HK,JINGCHENG MAC,Equity,hk_main,Hong Kong,,,Industrials
0189.HK,DONGYUE GROUP,Equity,hk_main,Hong Kong,,,Basic Materials
0200.HK,MELCO INT'L DEV,Equity,hk_main,Hong Kong,,,Consumer Cyclical
0220.HK,U-PRESID CHINA,Equity,hk_main,Hong Kong,,,Consumer Defensive
0241.HK,ALI HEALTH,Equity,hk_main,Hong Kong,,,Healthcare
0257.HK,EB ENVIRONMENT,Equity,hk_main,Hong Kong,,,Industrials
0267.HK,CITIC,Equity,hk_main,Hong Kong,,,Industrials
0268.HK,KINGDEE INT'L,Equity,hk_main,Hong Kong,,,Technology
0270.HK,GUANGDONG INV,Equity,hk_main,Hong Kong,,,Utilities
0285.HK,BYD ELECTRONIC,Equity,hk_main,Hong Kong,,,Technology
0288.HK,WH GROUP,Equity,hk_main,Hong Kong,,,Consumer Defensive
0290.HK,GOFINTECH QUANT,Equity,hk_main,Hong Kong,,,Financial Services
0291.HK,CHINA RES BEER,Equity,hk_main,Hong Kong,,,Consumer Defensive
0293.HK,CATHAY PAC AIR,Equity,hk_main,Hong Kong,,,Industrials
0297.HK,SINOFERT,Equity,hk_main,Hong Kong,,,Basic Materials
0300.HK,MIDEA GROUP,Equity,hk_main,Hong Kong,,,Consumer Cyclical
0303.HK,VTECH HOLDINGS,Equity,hk_main,Hong Kong,,,Technology
0308.HK,CHINA TRAVEL HK,Equity,hk_main,Hong Kong,,,Consumer Cyclical
0314.HK,SIPAI HEALTH,Equity,hk_main,Hong Kong,,,Healthcare
0316.HK,OOIL,Equity,hk_main,Hong Kong,,,Industrials
0317.HK,COMEC,Equity,hk_main,Hong Kong,,,Industrials
0322.HK,TINGYI,Equity,hk_main,Hong Kong,,,Consumer Defensive
0323.HK,MAANSHAN IRON,Equity,hk_main,Hong Kong,,,Basic Materials
0325.HK,BLOKS,Equity,hk_main,Hong Kong,,,Consumer Cyclical
0327.HK,PAX GLOBAL,Equity,hk_main,Hong Kong,,,Industrials
0336.HK,HUABAO INTL,Equity,hk_main,Hong Kong,,,Basic Materials
0338.HK,SHANGHAI PECHEM,Equity,hk_main,Hong Kong,,,Energy
0340.HK,TONGGUAN GOLD,Equity,hk_main,Hong Kong,,,Basic Materials
0341.HK,CAFE DE CORAL H,Equity,hk_main,Hong Kong,,,Consumer Cyclical
0345.HK,VITASOY INT'L,Equity,hk_main,Hong Kong,,,Consumer Defensive
0347.HK,ANGANG STEEL,Equity,hk_main,Hong Kong,,,Basic Materials
0354.HK,CHINASOFT INT'L,Equity,hk_main,Hong Kong,,,Technology
0357.HK,MEILAN AIRPORT,Equity,hk_main,Hong Kong,,,Industrials
0358.HK,JIANGXI COPPER,Equity,hk_main,Hong Kong,,,Basic Materials
0363.HK,SHANGHAI IND H,Equity,hk_main,Hong Kong,,,Industrials
0371.HK,BJ ENT WATER,Equity,hk_main,Hong Kong,,,Utilities
0384.HK,CHINA GAS HOLD,Equity,hk_main,Hong Kong,,,Utilities
0386.HK,SINOPEC CORP,Equity,hk_main,Hong Kong,,,Energy
0388.HK,HKEX,Equity,hk_main,Hong Kong,,,Financial Services
0390.HK,CHINA RAILWAY,Equity,hk_main,Hong Kong,,,Industrials
0392.HK,BEIJING ENT,Equity,hk_main,Hong Kong,,,Industrials
0412.HK,SDHG,Equity,hk_main,Hong Kong,,,Financial Services
0425.HK,MINTH GROUP,Equity,hk_main,Hong Kong,,,Consumer Cyclical
0434.HK,BOYAA,Equity,hk_main,Hong Kong,,,Communication Services
0440.HK,DAH SING,Equity,hk_main,Hong Kong,,,Financial Services
0460.HK,SIHUAN PHARM,Equity,hk_main,Hong Kong,,,Healthcare
0467.HK,UNITEDENERGY GP,Equity,hk_main,Hong Kong,,,Energy
0470.HK,WUXI LEAD,Equity,hk_main,Hong Kong,,,Industrials
0512.HK,GRAND PHARMA,Equity,hk_main,Hong Kong,,,Healthcare
0517.HK,COSCO SHIP INTL,Equity,hk_main,Hong Kong,,,Industrials
0522.HK,ASMPT,Equity,hk_main,Hong Kong,,,Technology
0525.HK,GUANGSHEN RAIL,Equity,hk_main,Hong Kong,,,Industrials
0546.HK,FUFENG GROUP,Equity,hk_main,Hong Kong,,,Basic Materials
0548.HK,SHENZHENEXPRESS,Equity,hk_main,Hong Kong,,,Industrials
0551.HK,YUE YUEN IND,Equity,hk_main,Hong Kong,,,Consumer Cyclical
0552.HK,CHINACOMSERVICE,Equity,hk_main,Hong Kong,,,Communication Services
0553.HK,NANJING PANDA,Equity,hk_main,Hong Kong,,,Technology
0558.HK,LK TECH,Equity,hk_main,Hong Kong,,,Industrials
0564.HK,ZCZL,Equity,hk_main,Hong Kong,,,Industrials
0565.HK,ART GROUP HOLD,Equity,hk_main,Hong Kong,,,Real Estate
0570.HK,TRAD CHI MED,Equity,hk_main,Hong Kong,,,Healthcare
0576.HK,ZHEJIANGEXPRESS,Equity,hk_main,Hong Kong,,,Industrials
0579.HK,JNCEC,Equity,hk_main,Hong Kong,,,Utilities
0586.HK,CONCH VENTURE,Equity,hk_main,Hong Kong,,,Industrials
0590.HK,LUK FOOK HOLD,Equity,hk_main,Hong Kong,,,Consumer Cyclical
0596.HK,INSPUR DIGI ENT,Equity,hk_main,Hong Kong,,,Technology
0598.HK,SINOTRANS,Equity,hk_main,Hong Kong,,,Industrials
0600.HK,AXERA,Equity,hk_main,Hong Kong,,,Technology
0631.HK,SANY INT'L,Equity,hk_main,Hong Kong,,,Industrials
0636.HK,KLN,Equity,hk_main,Hong Kong,,,Industrials
0639.HK,SHOUGANG RES,Equity,hk_main,Hong Kong,,,Basic Materials
0656.HK,FOSUN INTL,Equity,hk_main,Hong Kong,,,Industrials
0659.HK,CTF SERVICES,Equity,hk_main,Hong Kong,,,Industrials
0666.HK,REPT BATTERO,Equity,hk_main,Hong Kong,,,Consumer Cyclical
0667.HK,CHINA EAST EDU,Equity,hk_main,Hong Kong,,,Consumer Defensive
0669.HK,TECHTRONIC IND,Equity,hk_main,Hong Kong,,,Industrials
0670.HK,CHINA EAST AIR,Equity,hk_main,Hong Kong,,,Industrials
0683.HK,KERRY PPT,Equity,hk_main,Hong Kong,,,Real Estate
0688.HK,CHINA OVERSEAS,Equity,hk_main,Hong Kong,,,Real Estate
0694.HK,BEIJING AIRPORT,Equity,hk_main,Hong Kong,,,Industrials
0696.HK,TRAVELSKY TECH,Equity,hk_main,Hong Kong,,,Technology
0697.HK,SHOUCHENG,Equity,hk_main,Hong Kong,,,Industrials
0700.HK,TENCENT,Equity,hk_main,Hong Kong,,,Communication Services
0710.HK,BOE VARITRONIX,Equity,hk_main,Hong Kong,,,Technology
0719.HK,SHANDONG XINHUA,Equity,hk_main,Hong Kong,,,Healthcare
0728.HK,CHINA TELECOM,Equity,hk_main,Hong Kong,,,Communication Services
0751.HK,SKYWORTH GROUP,Equity,hk_main,Hong Kong,,,Technology
0753.HK,AIR CHINA,Equity,hk_main,Hong Kong,,,Industrials
0754.HK,HOPSON DEV HOLD,Equity,hk_main,Hong Kong,,,Real Estate
0762.HK,CHINA UNICOM,Equity,hk_main,Hong Kong,,,Communication Services
0763.HK,ZTE,Equity,hk_main,Hong Kong,,,Technology
0772.HK,CHINA LIT,Equity,hk_main,Hong Kong,,,Communication Services
0777.HK,NETDRAGON,Equity,hk_main,Hong Kong,,,Communication Services
0780.HK,TONGCHENGTRAVEL,Equity,hk_main,Hong Kong,,,Consumer Cyclical
0788.HK,CHINA TOWER,Equity,hk_main,Hong Kong,,,Communication Services
0799.HK,IGG,Equity,hk_main,Hong Kong,,,Communication Services
0800.HK,WERIDE-W,Equity,hk_main,Hong Kong,,,Technology
0811.HK,XINHUA WINSHARE,Equity,hk_main,Hong Kong,,,Communication Services
0813.HK,SHIMAO GROUP,Equity,hk_main,Hong Kong,,,Real Estate
0815.HK,CHI SILVER GP,Equity,hk_main,Hong Kong,,,Basic Materials
0817.HK,CHINA JINMAO,Equity,hk_main,Hong Kong,,,Real Estate
0819.HK,TIANNENG POWER,Equity,hk_main,Hong Kong,,,Consumer Cyclical
0826.HK,TIANGONG INT'L,Equity,hk_main,Hong Kong,,,Basic Materials
0836.HK,CHINA RES POWER,Equity,hk_main,Hong Kong,,,Utilities
0839.HK,CHINA EDU GROUP,Equity,hk_main,Hong Kong,,,Consumer Defensive
0853.HK,MICROPORT,Equity,hk_main,Hong Kong,,,Healthcare
0855.HK,CHINA WATER,Equity,hk_main,Hong Kong,,,Utilities
0856.HK,VSTECS,Equity,hk_main,Hong Kong,,,Technology
0857.HK,PETROCHINA,Equity,hk_main,Hong Kong,,,Energy
0861.HK,DC HOLDINGS,Equity,hk_main,Hong Kong,,,Industrials
0863.HK,OSL GROUP,Equity,hk_main,Hong Kong,,,Financial Services
0866.HK,CHINA QINFA,Equity,hk_main,Hong Kong,,,Energy
0867.HK,CMS,Equity,hk_main,Hong Kong,,,Healthcare
0868.HK,XINYI GLASS,Equity,hk_main,Hong Kong,,,Basic Materials
0874.HK,BAIYUNSHAN PH,Equity,hk_main,Hong Kong,,,Healthcare
0880.HK,SJM HOLDINGS,Equity,hk_main,Hong Kong,,,Consumer Cyclical
0881.HK,ZHONGSHENG HLDG,Equity,hk_main,Hong Kong,,,Consumer Cyclical
0883.HK,CNOOC,Equity,hk_main,Hong Kong,,,Energy
0884.HK,CIFI HOLD GP,Equity,hk_main,Hong Kong,,,Real Estate
0902.HK,HUANENG POWER,Equity,hk_main,Hong Kong,,,Utilities
0909.HK,MING YUAN CLOUD,Equity,hk_main,Hong Kong,,,Technology
0914.HK,CONCH CEMENT,Equity,hk_main,Hong Kong,,,Basic Materials
0916.HK,CHINA LONGYUAN,Equity,hk_main,Hong Kong,,,Utilities
0917.HK,QUNABOX GROUP,Equity,hk_main,Hong Kong,,,Communication Services
0921.HK,HISENSE HA,Equity,hk_main,Hong Kong,,,Consumer Cyclical
0934.HK,SINOPEC KANTONS,Equity,hk_main,Hong Kong,,,Energy
0939.HK,CCB,Equity,hk_main,Hong Kong,,,Financial Services
0941.HK,CHINA MOBILE,Equity,hk_main,Hong Kong,,,Communication Services
0956.HK,CHINA SUNTIEN,Equity,hk_main,Hong Kong,,,Utilities
0960.HK,LONGFOR GROUP,Equity,hk_main,Hong Kong,,,Real Estate
0966.HK,CHINA TAIPING,Equity,hk_main,Hong Kong,,,Financial Services
0968.HK,XINYI SOLAR,Equity,hk_main,Hong Kong,,,Technology
0975.HK,MONGOL MINING,Equity,hk_main,Hong Kong,,,Basic Materials
0981.HK,SMIC,Equity,hk_main,Hong Kong,,,Technology
0990.HK,DEEP SOURCE,Equity,hk_main,Hong Kong,,,Basic Materials
0991.HK,DATANG POWER,Equity,hk_main,Hong Kong,,,Utilities
0992.HK,LENOVO GROUP,Equity,hk_main,Hong Kong,,,Technology
0995.HK,ANHUIEXPRESSWAY,Equity,hk_main,Hong Kong,,,Industrials
0998.HK,CITIC BANK,Equity,hk_main,Hong Kong,,,Financial Services
0999.HK,XIAOCAIYUAN,Equity,hk_main,Hong Kong,,,Consumer Cyclical
1021.HK,HUAYAN ROBOTICS,Equity,hk_main,Hong Kong,,,Industrials
1024.HK,KUAISHOU-W,Equity,hk_main,Hong Kong,,,Communication Services
1030.HK,SEAZEN,Equity,hk_main,Hong Kong,,,Real Estate
1033.HK,SINOPEC SSC,Equity,hk_main,Hong Kong,,,Energy
1038.HK,CKI HOLDINGS,Equity,hk_main,Hong Kong,,,Utilities
1044.HK,HENGAN INT'L,Equity,hk_main,Hong Kong,,,Consumer Defensive
1052.HK,YUEXIUTRANSPORT,Equity,hk_main,Hong Kong,,,Industrials
1053.HK,CHONGQING IRON,Equity,hk_main,Hong Kong,,,Basic Materials
1055.HK,CHINA SOUTH AIR,Equity,hk_main,Hong Kong,,,Industrials
1057.HK,ZHEJIANG SHIBAO,Equity,hk_main,Hong Kong,,,Consumer Cyclical
1060.HK,DAMAI ENT,Equity,hk_main,Hong Kong,,,Communication Services
1066.HK,WEIGAO GROUP,Equity,hk_main,Hong Kong,,,Healthcare
1070.HK,TCL ELECTRONICS,Equity,hk_main,Hong Kong,,,Technology
1071.HK,HUADIAN POWER,Equity,hk_main,Hong Kong,,,Utilities
1072.HK,DONGFANG ELEC,Equity,hk_main,Hong Kong,,,Industrials
1083.HK,TG SMART ENERGY,Equity,hk_main,Hong Kong,,,Utilities
1088.HK,CHINA SHENHUA,Equity,hk_main,Hong Kong,,,Energy
1093.HK,CSPC PHARMA,Equity,hk_main,Hong Kong,,,Healthcare
1099.HK,SINOPHARM,Equity,hk_main,Hong Kong,,,Healthcare
1109.HK,CHINA RES LAND,Equity,hk_main,Hong Kong,,,Real Estate
1112.HK,H&H INTL HLDG,Equity,hk_main,Hong Kong,,,Consumer Defensive
1113.HK,CK ASSET,Equity,hk_main,Hong Kong,,,Real Estate
1114.HK,BRILLIANCE CHI,Equity,hk_main,Hong Kong,,,Consumer Cyclical
1117.HK,CH MODERN D,Equity,hk_main,Hong Kong,,,Consumer Defensive
1119.HK,IDREAMSKY,Equity,hk_main,Hong Kong,,,Communication Services
1128.HK,WYNN MACAU,Equity,hk_main,Hong Kong,,,Consumer Cyclical
1133.HK,HARBIN ELECTRIC,Equity,hk_main,Hong Kong,,,Industrials
1138.HK,COSCO SHIP ENGY,Equity,hk_main,Hong Kong,,,Energy
1157.HK,ZOOMLION,Equity,hk_main,Hong Kong,,,Industrials
1164.HK,CGN MINING,Equity,hk_main,Hong Kong,,,Energy
1167.HK,JACOBIO-B,Equity,hk_main,Hong Kong,,,Healthcare
1171.HK,YANKUANG ENERGY,Equity,hk_main,Hong Kong,,,Energy
1177.HK,SBP GROUP,Equity,hk_main,Hong Kong,,,Healthcare
1179.HK,HWORLD-S,Equity,hk_main,Hong Kong,,,Consumer Cyclical
1186.HK,CHINA RAIL CONS,Equity,hk_main,Hong Kong,,,Industrials
1193.HK,CHINA RES GAS,Equity,hk_main,Hong Kong,,,Utilities
1196.HK,REALORD GROUP,Equity,hk_main,Hong Kong,,,Industrials
1199.HK,COSCO SHIP PORT,Equity,hk_main,Hong Kong,,,Industrials
1208.HK,MMG,Equity,hk_main,Hong Kong,,,Basic Materials
1209.HK,CHINA RES MIXC,Equity,hk_main,Hong Kong,,,Real Estate
1211.HK,BYD COMPANY,Equity,hk_main,Hong Kong,,,Consumer Cyclical
1258.HK,CHINFMINING,Equity,hk_main,Hong Kong,,,Basic Materials
1274.HK,IMOTIONTECH,Equity,hk_main,Hong Kong,,,Consumer Cyclical
1276.HK,HENGRUI PHARMA,Equity,hk_main,Hong Kong,,,Healthcare
1277.HK,KINETIC DEV,Equity,hk_main,Hong Kong,,,Energy
1288.HK,ABC,Equity,hk_main,Hong Kong,,,Financial Services
1299.HK,AIA,Equity,hk_main,Hong Kong,,,Financial Services
1302.HK,LIFETECH SCI,Equity,hk_main,Hong Kong,,,Healthcare
1304.HK,FORTIOR,Equity,hk_main,Hong Kong,,,Technology
1308.HK,SITC,Equity,hk_main,Hong Kong,,,Industrials
1310.HK,HKBN,Equity,hk_main,Hong Kong,,,Communication Services
1313.HK,CR BLDG MAT TEC,Equity,hk_main,Hong Kong,,,Basic Materials
1316.HK,NEXTEER,Equity,hk_main,Hong Kong,,,Consumer Cyclical
1318.HK,MAO GEPING,Equity,hk_main,Hong Kong,,,Consumer Defensive
1330.HK,DYNAGREEN ENV,Equity,hk_main,Hong Kong,,,Industrials
1333.HK,BRETON,Equity,hk_main,Hong Kong,,,
1336.HK,NCI,Equity,hk_main,Hong Kong,,,Financial Services
1339.HK,PICC GROUP,Equity,hk_main,Hong Kong,,,Financial Services
1341.HK,HAO TIAN INTL,Equity,hk_main,Hong Kong,,,Industrials
1347.HK,HUA HONG SEMI,Equity,hk_main,Hong Kong,,,Technology
1349.HK,FUDANZHANGJIANG,Equity,hk_main,Hong Kong,,,Healthcare
1357.HK,MEITU,Equity,hk_main,Hong Kong,,,Communication Services
1359.HK,CHINA CINDA,Equity,hk_main,Hong Kong,,,Financial Services
1361.HK,361 DEGREES,Equity,hk_main,Hong Kong,,,Consumer Cyclical
1364.HK,GUMING,Equity,hk_main,Hong Kong,,,Consumer Cyclical
1368.HK,XTEP INT'L,Equity,hk_main,Hong Kong,,,Consumer Cyclical
1375.HK,CC SECURITIES,Equity,hk_main,Hong Kong,,,Financial Services
1378.HK,CHINAHONGQIAO,Equity,hk_main,Hong Kong,,,Basic Materials
1384.HK,DEEPEXI TECH,Equity,hk_main,Hong Kong,,,Technology
1385.HK,SHANGHAI FUDAN,Equity,hk_main,Hong Kong,,,Technology
1398.HK,ICBC,Equity,hk_main,Hong Kong,,,Financial Services
1405.HK,DPC DASH,Equity,hk_main,Hong Kong,,,Consumer Cyclical
1415.HK,COWELL,Equity,hk_main,Hong Kong,,,Technology
1428.HK,BRIGHT SMART,Equity,hk_main,Hong Kong,,,Financial Services
1448.HK,FU SHOU YUAN,Equity,hk_main,Hong Kong,,,Consumer Cyclical
1456.HK,GLMS SEC,Equity,hk_main,Hong Kong,,,Financial Services
1458.HK,ZHOU HEI YA,Equity,hk_main,Hong Kong,,,Consumer Defensive
1477.HK,OCUMENSION-B,Equity,hk_main,Hong Kong,,,Healthcare
1478.HK,Q TECH,Equity,hk_main,Hong Kong,,,Technology
1508.HK,CHINA RE,Equity,hk_main,Hong Kong,,,Financial Services
1513.HK,LIVZON PHARMA,Equity,hk_main,Hong Kong,,,Healthcare
1515.HK,CR MEDICAL,Equity,hk_main,Hong Kong,,,Healthcare
1516.HK,SUNAC SERVICES,Equity,hk_main,Hong Kong,,,Real Estate
1519.HK,J&T EXPRESS-W,Equity,hk_main,Hong Kong,,,Industrials
1528.HK,RS MACALLINE,Equity,hk_main,Hong Kong,,,Real Estate
1530.HK,3SBIO,Equity,hk_main,Hong Kong,,,Healthcare
1541.HK,IMMUNEONCO-B,Equity,hk_main,Hong Kong,,,Healthcare
1548.HK,GENSCRIPT BIO,Equity,hk_main,Hong Kong,,,Healthcare
1579.HK,YIHAI INTL,Equity,hk_main,Hong Kong,,,Consumer Defensive
1585.HK,YADEA,Equity,hk_main,Hong Kong,,,Consumer Cyclical
1606.HK,CDB LEASING,Equity,hk_main,Hong Kong,,,Industrials
1610.HK,COFCO JOYCOME,Equity,hk_main,Hong Kong,,,Consumer Defensive
1618.HK,MCC,Equity,hk_main,Hong Kong,,,Industrials
1635.HK,DZUG,Equity,hk_main,Hong Kong,,,Utilities
1651.HK,TSUGAMI CHINA,Equity,hk_main,Hong Kong,,,Industrials
1658.HK,PSBC,Equity,hk_main,Hong Kong,,,Financial Services
1666.HK,TONG REN TANG,Equity,hk_main,Hong Kong,,,Healthcare
1672.HK,ASCLETIS-B,Equity,hk_main,Hong Kong,,,Healthcare
1675.HK,ASIAINFO TECH,Equity,hk_main,Hong Kong,,,Technology
1681.HK,CONSUN PHARMA,Equity,hk_main,Hong Kong,,,Healthcare
1686.HK,SUNEVISION,Equity,hk_main,Hong Kong,,,Real Estate
1691.HK,JS GLOBAL LIFE,Equity,hk_main,Hong Kong,,,Consumer Cyclical
1698.HK,TME-SW,Equity,hk_main,Hong Kong,,,Communication Services
1709.HK,DL HOLDINGS GP,Equity,hk_main,Hong Kong,,,Financial Services
1729.HK,TIME INTERCON,Equity,hk_main,Hong Kong,,,Industrials
1735.HK,CENTRAL NEW EGY,Equity,hk_main,Hong Kong,,,Industrials
1766.HK,CRRC,Equity,hk_main,Hong Kong,,,Industrials
1768.HK,BUSYMING,Equity,hk_main,Hong Kong,,,Consumer Defensive
1769.HK,SCHOLAR EDU,Equity,hk_main,Hong Kong,,,Consumer Defensive
1772.HK,GANFENGLITHIUM,Equity,hk_main,Hong Kong,,,Basic Materials
1773.HK,TIANLI INT HLDG,Equity,hk_main,Hong Kong,,,Consumer Defensive
1776.HK,GF SEC,Equity,hk_main,Hong Kong,,,Financial Services
1783.HK,ENVISION GREEN,Equity,hk_main,Hong Kong,,,Industrials
1787.HK,SD GOLD,Equity,hk_main,Hong Kong,,,Basic Materials
1788.HK,GUOTAI JUNAN I,Equity,hk_main,Hong Kong,,,Financial Services
1789.HK,AK MEDICAL,Equity,hk_main,Hong Kong,,,Healthcare
1797.HK,EAST BUY,Equity,hk_main,Hong Kong,,,Consumer Defensive
1798.HK,DATANG RENEW,Equity,hk_main,Hong Kong,,,Utilities
1799.HK,XINTE ENERGY,Equity,hk_main,Hong Kong,,,Technology
1800.HK,CHINA COMM CONS,Equity,hk_main,Hong Kong,,,Industrials
1801.HK,INNOVENT BIO,Equity,hk_main,Hong Kong,,,Healthcare
1810.HK,XIAOMI-W,Equity,hk_main,Hong Kong,,,Technology
1811.HK,CGN NEW ENERGY,Equity,hk_main,Hong Kong,,,Utilities
1815.HK,EVEREST GOLD,Equity,hk_main,Hong Kong,,,Consumer Cyclical
1816.HK,CGN POWER,Equity,hk_main,Hong Kong,,,Utilities
1818.HK,ZHAOJIN MINING,Equity,hk_main,Hong Kong,,,Basic Materials
1828.HK,FWD,Equity,hk_main,Hong Kong,,,Financial Services
1833.HK,PA GOODDOCTOR,Equity,hk_main,Hong Kong,,,Healthcare
1836.HK,STELLA HOLDINGS,Equity,hk_main,Hong Kong,,,Consumer Cyclical
1855.HK,ZONQING LTD,Equity,hk_main,Hong Kong,,,Industrials
1858.HK,CHUNLI MEDICAL,Equity,hk_main,Hong Kong,,,Healthcare
1860.HK,MOBVISTA,Equity,hk_main,Hong Kong,,,Communication Services
1866.HK,CHINA XLX FERT,Equity,hk_main,Hong Kong,,,Basic Materials
1873.HK,VIVA BIOTECH,Equity,hk_main,Hong Kong,,,Healthcare
1876.HK,BUD APAC,Equity,hk_main,Hong Kong,,,Consumer Defensive
1877.HK,JUNSHI BIO,Equity,hk_main,Hong Kong,,,Healthcare
1879.HK,XIZHI TECH-P,Equity,hk_main,Hong Kong,,,Technology
1880.HK,CTG DUTY-FREE,Equity,hk_main,Hong Kong,,,Consumer Cyclical
1882.HK,HAITIAN INT'L,Equity,hk_main,Hong Kong,,,Industrials
1883.HK,CITIC TELECOM,Equity,hk_main,Hong Kong,,,Communication Services
1888.HK,KB LAMINATES,Equity,hk_main,Hong Kong,,,Technology
1896.HK,MAOYAN ENT,Equity,hk_main,Hong Kong,,,Communication Services
1898.HK,CHINA COAL,Equity,hk_main,Hong Kong,,,Energy
1907.HK,CHINA RISUN GP,Equity,hk_main,Hong Kong,,,Basic Materials
1908.HK,C&D INTL GROUP,Equity,hk_main,Hong Kong,,,Real Estate
1910.HK,SAMSONITE,Equity,hk_main,Hong Kong,,,Consumer Cyclical
1913.HK,PRADA,Equity,hk_main,Hong Kong,,,Consumer Cyclical
1918.HK,SUNAC,Equity,hk_main,Hong Kong,,,Real Estate
1919.HK,COSCO SHIP HOLD,Equity,hk_main,Hong Kong,,,Industrials
1921.HK,DALIPAL HLDG,Equity,hk_main,Hong Kong,,,Energy
1928.HK,SANDS CHINA LTD,Equity,hk_main,Hong Kong,,,Consumer Cyclical
1929.HK,CHOW TAI FOOK,Equity,hk_main,Hong Kong,,,Consumer Cyclical
1942.HK,MOG DIGITECH,Equity,hk_main,Hong Kong,,,Technology
1951.HK,JXR,Equity,hk_main,Hong Kong,,,Healthcare
1952.HK,EVEREST MED,Equity,hk_main,Hong Kong,,,Healthcare
1958.HK,BAIC MOTOR,Equity,hk_main,Hong Kong,,,Consumer Cyclical
1963.HK,BCQ,Equity,hk_main,Hong Kong,,,Financial Services
1972.HK,SWIREPROPERTIES,Equity,hk_main,Hong Kong,,,Real Estate
1988.HK,MINSHENG BANK,Equity,hk_main,Hong Kong,,,Financial Services
1989.HK,DELTON,Equity,hk_main,Hong Kong,,,Technology
1995.HK,ES SERVICES,Equity,hk_main,Hong Kong,,,Real Estate
1997.HK,WHARF REIC,Equity,hk_main,Hong Kong,,,Real Estate
1999.HK,MAN WAH HLDGS,Equity,hk_main,Hong Kong,,,Consumer Cyclical
2005.HK,SSY GROUP,Equity,hk_main,Hong Kong,,,Healthcare
2007.HK,COUNTRY GARDEN,Equity,hk_main,Hong Kong,,,Real Estate
2009.HK,BBMG,Equity,hk_main,Hong Kong,,,Basic Materials
2013.HK,WEIMOB INC,Equity,hk_main,Hong Kong,,,Technology
2015.HK,LI AUTO-W,Equity,hk_main,Hong Kong,,,Consumer Cyclical
2016.HK,CZBANK,Equity,hk_main,Hong Kong,,,Financial Services
2018.HK,AAC TECH,Equity,hk_main,Hong Kong,,,Technology
2020.HK,ANTA SPORTS,Equity,hk_main,Hong Kong,,,Consumer Cyclical
2026.HK,PONY-W,Equity,hk_main,Hong Kong,,,Technology
2038.HK,FIH,Equity,hk_main,Hong Kong,,,Technology
2039.HK,CIMC,Equity,hk_main,Hong Kong,,,Industrials
2050.HK,SANHUA,Equity,hk_main,Hong Kong,,,Industrials
2057.HK,ZTO EXPRESS-W,Equity,hk_main,Hong Kong,,,Industrials
2068.HK,CHALIECO,Equity,hk_main,Hong Kong,,,Industrials
2096.HK,SIMCERE PHARMA,Equity,hk_main,Hong Kong,,,Healthcare
2097.HK,MIXUE GROUP,Equity,hk_main,Hong Kong,,,Consumer Defensive
2099.HK,CHINAGOLDINTL,Equity,hk_main,Hong Kong,,,Basic Materials
2105.HK,LAEKNA-B,Equity,hk_main,Hong Kong,,,Healthcare
2121.HK,AINNOVATION,Equity,hk_main,Hong Kong,,,Technology
2128.HK,CHINA LESSO,Equity,hk_main,Hong Kong,,,Industrials
2142.HK,HBM HOLDINGS-B,Equity,hk_main,Hong Kong,,,Healthcare
2145.HK,CHICMAX,Equity,hk_main,Hong Kong,,,Consumer Defensive
2150.HK,NAYUKI,Equity,hk_main,Hong Kong,,,Consumer Cyclical
2155.HK,MORIMATSU INTL,Equity,hk_main,Hong Kong,,,Industrials
2157.HK,LEPU BIO-B,Equity,hk_main,Hong Kong,,,Healthcare
2158.HK,YIDU TECH,Equity,hk_main,Hong Kong,,,Healthcare
2162.HK,KEYMED BIO-B,Equity,hk_main,Hong Kong,,,Healthcare
2169.HK,CANGGANGRAILWAY,Equity,hk_main,Hong Kong,,,Industrials
2171.HK,CARSGEN-B,Equity,hk_main,Hong Kong,,,Healthcare
2172.HK,MICROPORT NEURO,Equity,hk_main,Hong Kong,,,Healthcare
2186.HK,LUYE PHARMA,Equity,hk_main,Hong Kong,,,Healthcare
2190.HK,ZYLOXTB,Equity,hk_main,Hong Kong,,,Healthcare
2192.HK,MEDLIVE,Equity,hk_main,Hong Kong,,,Healthcare
2196.HK,FOSUN PHARMA,Equity,hk_main,Hong Kong,,,Healthcare
2202.HK,CHINA VANKE,Equity,hk_main,Hong Kong,,,Real Estate
2208.HK,GOLDWIND,Equity,hk_main,Hong Kong,,,Industrials
2225.HK,JINHAI MED TECH,Equity,hk_main,Hong Kong,,,Industrials
2228.HK,XTALPI,Equity,hk_main,Hong Kong,,,Healthcare
2232.HK,CRYSTAL INTL,Equity,hk_main,Hong Kong,,,Consumer Cyclical
2233.HK,WESTCHINACEMENT,Equity,hk_main,Hong Kong,,,Basic Materials
2238.HK,GAC GROUP,Equity,hk_main,Hong Kong,,,Consumer Cyclical
2252.HK,MEDBOT-B,Equity,hk_main,Hong Kong,,,Healthcare
2255.HK,HAICHANG HLDG,Equity,hk_main,Hong Kong,,,Consumer Cyclical
2256.HK,ABBISKO-B,Equity,hk_main,Hong Kong,,,Healthcare
2259.HK,ZIJIN GOLD INTL,Equity,hk_main,Hong Kong,,,Basic Materials
2268.HK,WUXI XDC,Equity,hk_main,Hong Kong,,,Healthcare
2269.HK,WUXI BIO,Equity,hk_main,Hong Kong,,,Healthcare
2273.HK,GUSHENGTANG,Equity,hk_main,Hong Kong,,,Healthcare
2276.HK,CONANT OPTICAL,Equity,hk_main,Hong Kong,,,Healthcare
2282.HK,MGM CHINA,Equity,hk_main,Hong Kong,,,Consumer Cyclical
2285.HK,CHERVON,Equity,hk_main,Hong Kong,,,Industrials
2309.HK,ZO FUTURE GROUP,Equity,hk_main,Hong Kong,,,Communication Services
2313.HK,SHENZHOU INTL,Equity,hk_main,Hong Kong,,,Consumer Cyclical
2314.HK,LEE & MAN PAPER,Equity,hk_main,Hong Kong,,,Basic Materials
2318.HK,PING AN,Equity,hk_main,Hong Kong,,,Financial Services
2319.HK,MENGNIU DAIRY,Equity,hk_main,Hong Kong,,,Consumer Defensive
2328.HK,PICC P&C,Equity,hk_main,Hong Kong,,,Financial Services
2331.HK,LI NING,Equity,hk_main,Hong Kong,,,Consumer Cyclical
2333.HK,GWMOTOR,Equity,hk_main,Hong Kong,,,Consumer Cyclical
2338.HK,WEICHAI POWER,Equity,hk_main,Hong Kong,,,Consumer Cyclical
2342.HK,COMBA,Equity,hk_main,Hong Kong,,,Technology
2343.HK,PACIFIC BASIN,Equity,hk_main,Hong Kong,,,Industrials
2356.HK,DAHSING BANKING,Equity,hk_main,Hong Kong,,,Financial Services
2357.HK,AVICHINA,Equity,hk_main,Hong Kong,,,Industrials
2359.HK,WUXI APPTEC,Equity,hk_main,Hong Kong,,,Healthcare
2367.HK,GIANT BIOGENE,Equity,hk_main,Hong Kong,,,Consumer Defensive
2378.HK,PRU,Equity,hk_main,Hong Kong,,,Financial Services
2380.HK,CHINA POWER,Equity,hk_main,Hong Kong,,,Utilities
2382.HK,SUNNY OPTICAL,Equity,hk_main,Hong Kong,,,Technology
2386.HK,SINOPEC SEG,Equity,hk_main,Hong Kong,,,Industrials
2388.HK,BOC HONG KONG,Equity,hk_main,Hong Kong,,,Financial Services
2400.HK,XD INC,Equity,hk_main,Hong Kong,,,Communication Services
2410.HK,TYK MEDICINES-B,Equity,hk_main,Hong Kong,,,Healthcare
2419.HK,DEKON AGR,Equity,hk_main,Hong Kong,,,Consumer Defensive
2423.HK,BEKE-W,Equity,hk_main,Hong Kong,,,Real Estate
2429.HK,UBOX ONLINE,Equity,hk_main,Hong Kong,,,Consumer Defensive
2431.HK,MINIEYE,Equity,hk_main,Hong Kong,,,Technology
2432.HK,DOBOT,Equity,hk_main,Hong Kong,,,Industrials
2443.HK,AUTOSTREETS,Equity,hk_main,Hong Kong,,,Consumer Cyclical
2453.HK,CONCORD HC GP,Equity,hk_main,Hong Kong,,,Healthcare
2460.HK,CR BEVERAGE,Equity,hk_main,Hong Kong,,,Consumer Defensive
2465.HK,LOPAL TECH,Equity,hk_main,Hong Kong,,,Energy
2469.HK,FENBI,Equity,hk_main,Hong Kong,,,Consumer Defensive
2473.HK,XXF,Equity,hk_main,Hong Kong,,,Financial Services
2476.HK,VGT,Equity,hk_main,Hong Kong,,,Technology
2477.HK,WELLCELL HOLD,Equity,hk_main,Hong Kong,,,Communication Services
2487.HK,CUTIA-B,Equity,hk_main,Hong Kong,,,Healthcare
2488.HK,LAUNCH TECH,Equity,hk_main,Hong Kong,,,Consumer Cyclical
2498.HK,ROBOSENSE,Equity,hk_main,Hong Kong,,,Technology
2506.HK,XUNFEIHEALTH,Equity,hk_main,Hong Kong,,,Healthcare
2507.HK,CIRRUS,Equity,hk_main,Hong Kong,,,Industrials
2508.HK,SAINT BELLA GP,Equity,hk_main,Hong Kong,,,Healthcare
2510.HK,TS LINES,Equity,hk_main,Hong Kong,,,Industrials
2513.HK,KNOWLEDGE ATLAS,Equity,hk_main,Hong Kong,,,Technology
2517.HK,GUOQUAN,Equity,hk_main,Hong Kong,,,Consumer Defensive
2522.HK,RIMAG GROUP,Equity,hk_main,Hong Kong,,,Healthcare
2525.HK,HESAI-W,Equity,hk_main,Hong Kong,,,Consumer Cyclical
2526.HK,DIAGENS-B,Equity,hk_main,Hong Kong,,,Healthcare
2533.HK,BLACK SESAME,Equity,hk_main,Hong Kong,,,Technology
2546.HK,ZHIHUI MINING,Equity,hk_main,Hong Kong,,,Industrials
2550.HK,EASOU TECH,Equity,hk_main,Hong Kong,,,Communication Services
2552.HK,HUA MEDICINE-B,Equity,hk_main,Hong Kong,,,Healthcare
2555.HK,CHABAIDAO,Equity,hk_main,Hong Kong,,,Consumer Defensive
2556.HK,MARKETINGFORCE,Equity,hk_main,Hong Kong,,,Technology
2562.HK,SYNAGISTICS,Equity,hk_main,Hong Kong,,,Technology
2565.HK,PEGBIO CO-B,Equity,hk_main,Hong Kong,,,Healthcare
2570.HK,REFIRE,Equity,hk_main,Hong Kong,,,Industrials
2575.HK,XUANZHUBIO-B,Equity,hk_main,Hong Kong,,,Healthcare
2577.HK,INNOSCIENCE,Equity,hk_main,Hong Kong,,,Technology
2579.HK,CNGR,Equity,hk_main,Hong Kong,,,Basic Materials
2580.HK,AUX ELECTRIC,Equity,hk_main,Hong Kong,,,Industrials
2582.HK,GUOFUHEE,Equity,hk_main,Hong Kong,,,Industrials
2583.HK,HIPINE,Equity,hk_main,Hong Kong,,,Consumer Cyclical
2586.HK,DMALL,Equity,hk_main,Hong Kong,,,Technology
2587.HK,HEALTHYWAY INC,Equity,hk_main,Hong Kong,,,Healthcare
2588.HK,BOC AVIATION,Equity,hk_main,Hong Kong,,,Industrials
2589.HK,AUNTEA JENNY,Equity,hk_main,Hong Kong,,,Consumer Cyclical
2590.HK,GEEKPLUS-W,Equity,hk_main,Hong Kong,,,Technology
2591.HK,INNOGEN-B,Equity,hk_main,Hong Kong,,,Healthcare
2595.HK,GENFLEET-B,Equity,hk_main,Hong Kong,,,Healthcare
2598.HK,LIANLIAN,Equity,hk_main,Hong Kong,,,Technology
2600.HK,CHALCO,Equity,hk_main,Hong Kong,,,Basic Materials
2601.HK,CPIC,Equity,hk_main,Hong Kong,,,Financial Services
2602.HK,ONEWO,Equity,hk_main,Hong Kong,,,Real Estate
2603.HK,JIHONG CO,Equity,hk_main,Hong Kong,,,Consumer Cyclical
2607.HK,SH PHARMA,Equity,hk_main,Hong Kong,,,Healthcare
2609.HK,BAYZED HEALTH,Equity,hk_main,Hong Kong,,,Healthcare
2610.HK,NANSHAN AL INTL,Equity,hk_main,Hong Kong,,,Basic Materials
2611.HK,GTHT,Equity,hk_main,Hong Kong,,,Financial Services
2616.HK,CSTONE PHARMA-B,Equity,hk_main,Hong Kong,,,Healthcare
2617.HK,TRANSTHERA-B,Equity,hk_main,Hong Kong,,,Healthcare
2618.HK,JD LOGISTICS,Equity,hk_main,Hong Kong,,,Industrials
2627.HK,AB&B BIO-TECH-B,Equity,hk_main,Hong Kong,,,Healthcare
2628.HK,CHINA LIFE,Equity,hk_main,Hong Kong,,,Financial Services
2629.HK,MIRXES-B,Equity,hk_main,Hong Kong,,,Healthcare
2630.HK,VIGONVITA-B,Equity,hk_main,Hong Kong,,,Healthcare
2631.HK,SICC,Equity,hk_main,Hong Kong,,,Technology
2632.HK,NEW VISION CO,Equity,hk_main,Hong Kong,,,Technology
2635.HK,NUOBIKAN,Equity,hk_main,Hong Kong,,,Technology
2637.HK,HAIXI PHARMA,Equity,hk_main,Hong Kong,,,Healthcare
2638.HK,HKELECTRIC-SS,Equity,hk_main,Hong Kong,,,Utilities
2643.HK,CAOCAO INC,Equity,hk_main,Hong Kong,,,Technology
2648.HK,ANJOY FOOD,Equity,hk_main,Hong Kong,,,Consumer Defensive
2650.HK,ZHIDA TECH,Equity,hk_main,Hong Kong,,,Technology
2652.HK,CF PHARMTECH,Equity,hk_main,Hong Kong,,,Healthcare
2655.HK,GUOXIA TECH,Equity,hk_main,Hong Kong,,,Utilities
2656.HK,160 HEALTH,Equity,hk_main,Hong Kong,,,Healthcare
2657.HK,FOREST CABIN,Equity,hk_main,Hong Kong,,,Consumer Defensive
2658.HK,TIANYU SEMI,Equity,hk_main,Hong Kong,,,Technology
2659.HK,BAO PHARMA-B,Equity,hk_main,Hong Kong,,,Healthcare
2661.HK,QINGSONG HEALTH,Equity,hk_main,Hong Kong,,,Healthcare
2666.HK,UNI MEDICAL,Equity,hk_main,Hong Kong,,,Financial Services
2669.HK,CHINA OVS PPT,Equity,hk_main,Hong Kong,,,Real Estate
2670.HK,YUNJI,Equity,hk_main,Hong Kong,,,Industrials
2675.HK,EDGE MEDICAL-B,Equity,hk_main,Hong Kong,,,Healthcare
2676.HK,NOVOSENSE,Equity,hk_main,Hong Kong,,,Technology
2685.HK,QUANTGROUP,Equity,hk_main,Hong Kong,,,Consumer Cyclical
2687.HK,ABLE DIGITAL,Equity,hk_main,Hong Kong,,,Technology
2688.HK,ENN ENERGY,Equity,hk_main,Hong Kong,,,Utilities
2689.HK,ND PAPER,Equity,hk_main,Hong Kong,,,Basic Materials
2691.HK,NANHUA FUTURES,Equity,hk_main,Hong Kong,,,Financial Services
2692.HK,ZHAOWEI,Equity,hk_main,Hong Kong,,,Industrials
2696.HK,HENLIUS,Equity,hk_main,Hong Kong,,,Healthcare
2698.HK,SOFTCARE,Equity,hk_main,Hong Kong,,,Consumer Defensive
2701.HK,NSING TECH,Equity,hk_main,Hong Kong,,,Technology
2706.HK,HAIZHI TECH GP,Equity,hk_main,Hong Kong,,,Technology
2714.HK,MUYUAN,Equity,hk_main,Hong Kong,,,Consumer Defensive
2715.HK,ESTUN,Equity,hk_main,Hong Kong,,,Technology
2718.HK,MININGLAMP-W,Equity,hk_main,Hong Kong,,,Technology
2722.HK,CHONGQING M&E,Equity,hk_main,Hong Kong,,,Industrials
2726.HK,EPIWORLD,Equity,hk_main,Hong Kong,,,Technology
2727.HK,SH ELECTRIC,Equity,hk_main,Hong Kong,,,Industrials
2729.HK,GALAXIS TECH,Equity,hk_main,Hong Kong,,,Technology
2768.HK,GON TECHNOLOGY,Equity,hk_main,Hong Kong,,,Basic Materials
2777.HK,R&F PROPERTIES,Equity,hk_main,Hong Kong,,,Real Estate
2788.HK,CHUANGXIN IND,Equity,hk_main,Hong Kong,,,Basic Materials
2799.HK,CITIC FAMC,Equity,hk_main,Hong Kong,,,Financial Services
2858.HK,YIXIN,Equity,hk_main,Hong Kong,,,Financial Services
2865.HK,DRINDA,Equity,hk_main,Hong Kong,,,Technology
2866.HK,COSCO SHIP DEV,Equity,hk_main,Hong Kong,,,Industrials
2869.HK,GREENTOWN SER,Equity,hk_main,Hong Kong,,,Real Estate
2877.HK,SHINEWAY PHARM,Equity,hk_main,Hong Kong,,,Healthcare
2883.HK,CHINA OILFIELD,Equity,hk_main,Hong Kong,,,Energy
2888.HK,STANCHART,Equity,hk_main,Hong Kong,,,Financial Services
2889.HK,PATEO,Equity,hk_main,Hong Kong,,,Technology
2899.HK,ZIJIN MINING,Equity,hk_main,Hong Kong,,,Basic Materials
2940.HK,WELLCELL HOLD,Equity,hk_main,Hong Kong,,,
3200.HK,HANS CNC,Equity,hk_main,Hong Kong,,,Industrials
3268.HK,MEIG,Equity,hk_main,Hong Kong,,,Technology
3277.HK,GPIXEL,Equity,hk_main,Hong Kong,,,Technology
3288.HK,HAITIAN FLAV,Equity,hk_main,Hong Kong,,,Consumer Defensive
3296.HK,HUAQIN,Equity,hk_main,Hong Kong,,,Technology
3306.HK,JNBY,Equity,hk_main,Hong Kong,,,Consumer Cyclical
3311.HK,CHINA STATE CON,Equity,hk_main,Hong Kong,,,Industrials
3317.HK,XUNCE,Equity,hk_main,Hong Kong,,,Technology
3319.HK,A-LIVING,Equity,hk_main,Hong Kong,,,Real Estate
3320.HK,CHINARES PHARMA,Equity,hk_main,Hong Kong,,,Healthcare
3323.HK,CNBM,Equity,hk_main,Hong Kong,,,Basic Materials
3328.HK,BANKCOMM,Equity,hk_main,Hong Kong,,,Financial Services
3330.HK,LINGBAO GOLD,Equity,hk_main,Hong Kong,,,Basic Materials
3339.HK,LONKING,Equity,hk_main,Hong Kong,,,Industrials
3347.HK,TIGERMED,Equity,hk_main,Hong Kong,,,Healthcare
3355.HK,FS.COM,Equity,hk_main,Hong Kong,,,Technology
3360.HK,FE HORIZON,Equity,hk_main,Hong Kong,,,Financial Services
3380.HK,LOGAN GROUP,Equity,hk_main,Hong Kong,,,Real Estate
3393.HK,WASION HOLDINGS,Equity,hk_main,Hong Kong,,,Industrials
3396.HK,LEGENDHOLDING,Equity,hk_main,Hong Kong,,,Technology
3606.HK,FUYAO GLASS,Equity,hk_main,Hong Kong,,,Consumer Cyclical
3613.HK,TONGRENTANGCM,Equity,hk_main,Hong Kong,,,Healthcare
3618.HK,CQRC BANK,Equity,hk_main,Hong Kong,,,Financial Services
3625.HK,FOURSEMI,Equity,hk_main,Hong Kong,,,Technology
3636.HK,JINXUN RESOURCE,Equity,hk_main,Hong Kong,,,Basic Materials
3650.HK,KEEP,Equity,hk_main,Hong Kong,,,Consumer Cyclical
3668.HK,YANCOAL AUS,Equity,hk_main,Hong Kong,,,Energy
3669.HK,YONGDA AUTO,Equity,hk_main,Hong Kong,,,Consumer Cyclical
3677.HK,ZENERGY,Equity,hk_main,Hong Kong,,,Consumer Cyclical
3678.HK,HOLLY FUTURES,Equity,hk_main,Hong Kong,,,Financial Services
3690.HK,MEITUAN-W,Equity,hk_main,Hong Kong,,,Consumer Cyclical
3692.HK,HANSOH PHARMA,Equity,hk_main,Hong Kong,,,Healthcare
3696.HK,INSILICO,Equity,hk_main,Hong Kong,,,Technology
3709.HK,EEKA FASHION,Equity,hk_main,Hong Kong,,,Consumer Cyclical
3738.HK,VOBILE GROUP,Equity,hk_main,Hong Kong,,,Technology
3750.HK,CATL,Equity,hk_main,Hong Kong,,,Industrials
3759.HK,PHARMARON,Equity,hk_main,Hong Kong,,,Healthcare
3800.HK,GCL TECH,Equity,hk_main,Hong Kong,,,Technology
3808.HK,SINOTRUK,Equity,hk_main,Hong Kong,,,Industrials
3858.HK,JIAXIN INTL RES,Equity,hk_main,Hong Kong,,,Basic Materials
3866.HK,BQD,Equity,hk_main,Hong Kong,,,Financial Services
3868.HK,XINYI ENERGY,Equity,hk_main,Hong Kong,,,Utilities
3877.HK,CSSC SHIPPING,Equity,hk_main,Hong Kong,,,Industrials
3881.HK,CIDI,Equity,hk_main,Hong Kong,,,Consumer Cyclical
3887.HK,HASHKEY HLDGS,Equity,hk_main,Hong Kong,,,Financial Services
3888.HK,KINGSOFT,Equity,hk_main,Hong Kong,,,Communication Services
3896.HK,KINGSOFT CLOUD,Equity,hk_main,Hong Kong,,,Technology
3898.HK,TIMES ELECTRIC,Equity,hk_main,Hong Kong,,,Industrials
3899.HK,CIMC ENRIC,Equity,hk_main,Hong Kong,,,Energy
3900.HK,GREENTOWN CHINA,Equity,hk_main,Hong Kong,,,Real Estate
3908.HK,CICC,Equity,hk_main,Hong Kong,,,Financial Services
3918.HK,NAGACORP,Equity,hk_main,Hong Kong,,,Consumer Cyclical
3931.HK,CALB,Equity,hk_main,Hong Kong,,,Industrials
3933.HK,UNITED LAB,Equity,hk_main,Hong Kong,,,Healthcare
3939.HK,WANGUO GOLD GP,Equity,hk_main,Hong Kong,,,Basic Materials
3958.HK,DFZQ,Equity,hk_main,Hong Kong,,,Financial Services
3968.HK,CM BANK,Equity,hk_main,Hong Kong,,,Financial Services
3969.HK,CHINA CRSC,Equity,hk_main,Hong Kong,,,Industrials
3978.HK,BESTSTUDY EDU,Equity,hk_main,Hong Kong,,,Consumer Defensive
3983.HK,CHINA BLUECHEM,Equity,hk_main,Hong Kong,,,Basic Materials
3986.HK,GIGADEVICE,Equity,hk_main,Hong Kong,,,Technology
3988.HK,BANK OF CHINA,Equity,hk_main,Hong Kong,,,Financial Services
3990.HK,MIDEA REAL EST,Equity,hk_main,Hong Kong,,,Real Estate
3993.HK,CMOC,Equity,hk_main,Hong Kong,,,Basic Materials
3996.HK,CH ENERGY ENG,Equity,hk_main,Hong Kong,,,Industrials
3998.HK,BOSIDENG,Equity,hk_main,Hong Kong,,,Consumer Cyclical
6030.HK,CITIC SEC,Equity,hk_main,Hong Kong,,,Financial Services
6031.HK,SANY HEAVY IND,Equity,hk_main,Hong Kong,,,Industrials
6049.HK,POLY PPT SER,Equity,hk_main,Hong Kong,,,Real Estate
6051.HK,YOUZAN,Equity,hk_main,Hong Kong,,,Technology
6055.HK,CTIHK,Equity,hk_main,Hong Kong,,,Consumer Defensive
6060.HK,ZA ONLINE,Equity,hk_main,Hong Kong,,,Financial Services
6066.HK,CSC,Equity,hk_main,Hong Kong,,,Financial Services
6069.HK,SY HOLDINGS,Equity,hk_main,Hong Kong,,,Financial Services
6078.HK,HYGEIA HEALTH,Equity,hk_main,Hong Kong,,,Healthcare
6082.HK,BIREN TECH,Equity,hk_main,Hong Kong,,,Technology
6086.HK,FANGZHOU JIANKE,Equity,hk_main,Hong Kong,,,Healthcare
6088.HK,FIT HON TENG,Equity,hk_main,Hong Kong,,,Technology
6090.HK,BUTONG GROUP,Equity,hk_main,Hong Kong,,,Consumer Defensive
6098.HK,CG SERVICES,Equity,hk_main,Hong Kong,,,Real Estate
6099.HK,CMSC,Equity,hk_main,Hong Kong,,,Financial Services
6100.HK,TONGDAO LIEPIN,Equity,hk_main,Hong Kong,,,Industrials
6110.HK,TOPSPORTS,Equity,hk_main,Hong Kong,,,Consumer Cyclical
6127.HK,JOINN,Equity,hk_main,Hong Kong,,,Healthcare
6160.HK,BEONE MEDICINES,Equity,hk_main,Hong Kong,,,Healthcare
6166.HK,CIG,Equity,hk_main,Hong Kong,,,Technology
6168.HK,ZHOU LIU FU,Equity,hk_main,Hong Kong,,,
6178.HK,EB SECURITIES,Equity,hk_main,Hong Kong,,,Financial Services
6181.HK,LAOPU GOLD,Equity,hk_main,Hong Kong,,,Consumer Cyclical
6185.HK,CANSINOBIO,Equity,hk_main,Hong Kong,,,Healthcare
6186.HK,CHINA FEIHE,Equity,hk_main,Hong Kong,,,Consumer Defensive
6196.HK,BANKOFZHENGZHOU,Equity,hk_main,Hong Kong,,,Financial Services
6198.HK,QINGDAO PORT,Equity,hk_main,Hong Kong,,,Industrials
6600.HK,ONEROBOTICS,Equity,hk_main,Hong Kong,,,Technology
6603.HK,IFBH,Equity,hk_main,Hong Kong,,,Consumer Defensive
6608.HK,BAIRONG-W,Equity,hk_main,Hong Kong,,,Technology
6613.HK,LENS,Equity,hk_main,Hong Kong,,,Technology
6616.HK,GLOBAL NEW MAT,Equity,hk_main,Hong Kong,,,Basic Materials
6618.HK,JD HEALTH,Equity,hk_main,Hong Kong,,,Healthcare
6636.HK,EXTREME VISION,Equity,hk_main,Hong Kong,,,Technology
6651.HK,51WORLD,Equity,hk_main,Hong Kong,,,Technology
6655.HK,HX BLDG MAT,Equity,hk_main,Hong Kong,,,Basic Materials
6656.HK,SIGENERGY,Equity,hk_main,Hong Kong,,,Industrials
6666.HK,EVERG SERVICES,Equity,hk_main,Hong Kong,,,Real Estate
6680.HK,JLMAG,Equity,hk_main,Hong Kong,,,Industrials
6681.HK,BRAINAURORA-B,Equity,hk_main,Hong Kong,,,Healthcare
6682.HK,PHANCY,Equity,hk_main,Hong Kong,,,Technology
6683.HK,STARPLUS LEGEND,Equity,hk_main,Hong Kong,,,Consumer Defensive
6687.HK,JST GROUP,Equity,hk_main,Hong Kong,,,Technology
6690.HK,HAIER SMARTHOME,Equity,hk_main,Hong Kong,,,Consumer Cyclical
6693.HK,CHIFENG GOLD,Equity,hk_main,Hong Kong,,,Basic Materials
6699.HK,ANGELALIGN,Equity,hk_main,Hong Kong,,,Healthcare
6806.HK,SWHY,Equity,hk_main,Hong Kong,,,Financial Services
6808.HK,SUNART RETAIL,Equity,hk_main,Hong Kong,,,Consumer Cyclical
6809.HK,MONTAGE TECH,Equity,hk_main,Hong Kong,,,Technology
6810.HK,SUNMI TECH-W,Equity,hk_main,Hong Kong,,,Technology
6818.HK,CEB BANK,Equity,hk_main,Hong Kong,,,Financial Services
6821.HK,ASYMCHEM,Equity,hk_main,Hong Kong,,,Healthcare
6823.HK,HKT-SS,Equity,hk_main,Hong Kong,,,Communication Services
6826.HK,HAOHAI BIOTEC,Equity,hk_main,Hong Kong,,,Healthcare
6831.HK,GREEN TEA GROUP,Equity,hk_main,Hong Kong,,,Consumer Cyclical
6855.HK,ASCENTAGE-B,Equity,hk_main,Hong Kong,,,Healthcare
6862.HK,HAIDILAO,Equity,hk_main,Hong Kong,,,Consumer Cyclical
6865.HK,FLAT GLASS,Equity,hk_main,Hong Kong,,,Technology
6869.HK,YOFC,Equity,hk_main,Hong Kong,,,Technology
6881.HK,CGS,Equity,hk_main,Hong Kong,,,Financial Services
6886.HK,HTSC,Equity,hk_main,Hong Kong,,,Financial Services
6887.HK,SUNSHINE PHARMA,Equity,hk_main,Hong Kong,,,Healthcare
6936.HK,SF HOLDING,Equity,hk_main,Hong Kong,,,Industrials
6938.HK,RIBOLIFE-B,Equity,hk_main,Hong Kong,,,Healthcare
6955.HK,BOAN BIOTECH,Equity,hk_main,Hong Kong,,,Healthcare
6960.HK,SHUANGDENG,Equity,hk_main,Hong Kong,,,Industrials
6963.HK,SUNSHINE INS,Equity,hk_main,Hong Kong,,,Financial Services
6969.HK,SMOORE INTL,Equity,hk_main,Hong Kong,,,Consumer Defensive
6979.HK,ZJLD,Equity,hk_main,Hong Kong,,,Consumer Defensive
6990.HK,SKB BIO,Equity,hk_main,Hong Kong,,,Healthcare
6996.HK,ANTENGENE-B,Equity,hk_main,Hong Kong,,,Healthcare
7489.HK,VOYAH AUTO,Equity,hk_main,Hong Kong,,,Consumer Cyclical
7618.HK,JD INDUSTRIALS,Equity,hk_main,Hong Kong,,,Consumer Cyclical
9606.HK,DUALITYBIO-B,Equity,hk_main,Hong Kong,,,Healthcare
9611.HK,LONGCHEER,Equity,hk_main,Hong Kong,,,Technology
9618.HK,JD-SW,Equity,hk_main,Hong Kong,,,Consumer Cyclical
9626.HK,BILIBILI-W,Equity,hk_main,Hong Kong,,,Communication Services
9633.HK,NONGFU SPRING,Equity,hk_main,Hong Kong,,,Consumer Defensive
9636.HK,JF SMARTINVEST,Equity,hk_main,Hong Kong,,,Consumer Defensive
9658.HK,SUPER HI,Equity,hk_main,Hong Kong,,,Consumer Cyclical
9660.HK,HORIZONROBOT-W,Equity,hk_main,Hong Kong,,,Technology
9676.HK,SHIYUE DAOTIAN,Equity,hk_main,Hong Kong,,,Consumer Defensive
9678.HK,UNISOUND,Equity,hk_main,Hong Kong,,,Technology
9688.HK,ZAI LAB,Equity,hk_main,Hong Kong,,,Healthcare
9690.HK,TUHU-W,Equity,hk_main,Hong Kong,,,Consumer Cyclical
9696.HK,TIANQI LITHIUM,Equity,hk_main,Hong Kong,,,Basic Materials
9698.HK,GDS-SW,Equity,hk_main,Hong Kong,,,Technology
9699.HK,SF INTRA-CITY,Equity,hk_main,Hong Kong,,,Industrials
9858.HK,YOURAN DAIRY,Equity,hk_main,Hong Kong,,,Consumer Defensive
9863.HK,LEAPMOTOR,Equity,hk_main,Hong Kong,,,Consumer Cyclical
9866.HK,NIO-SW,Equity,hk_main,Hong Kong,,,Consumer Cyclical
9868.HK,XPENG-W,Equity,hk_main,Hong Kong,,,Consumer Cyclical
9878.HK,HUITONGDA NET,Equity,hk_main,Hong Kong,,,Technology
9880.HK,UBTECH ROBOTICS,Equity,hk_main,Hong Kong,,,Industrials
9885.HK,YSB,Equity,hk_main,Hong Kong,,,Healthcare
9887.HK,LEADS BIOLABS-B,Equity,hk_main,Hong Kong,,,Healthcare
9888.HK,BIDU-SW,Equity,hk_main,Hong Kong,,,Communication Services
9890.HK,TANWAN,Equity,hk_main,Hong Kong,,,Communication Services
9896.HK,MNSO,Equity,hk_main,Hong Kong,,,Consumer Cyclical
9898.HK,WB-SW,Equity,hk_main,Hong Kong,,,Communication Services
9899.HK,NETEASE MUSIC,Equity,hk_main,Hong Kong,,,Communication Services
9901.HK,NEW ORIENTAL-S,Equity,hk_main,Hong Kong,,,Consumer Defensive
9903.HK,ILUVATAR COREX,Equity,hk_main,Hong Kong,,,Technology
9911.HK,NEWBORNTOWN,Equity,hk_main,Hong Kong,,,Technology
9922.HK,JIUMAOJIU,Equity,hk_main,Hong Kong,,,Consumer Cyclical
9923.HK,YEAHKA,Equity,hk_main,Hong Kong,,,Technology
9926.HK,AKESO,Equity,hk_main,Hong Kong,,,Healthcare
9927.HK,SERES,Equity,hk_main,Hong Kong,,,Consumer Cyclical
9959.HK,LINKLOGIS-W,Equity,hk_main,Hong Kong,,,Technology
9961.HK,TRIP.COM-S,Equity,hk_main,Hong Kong,,,Consumer Cyclical
9966.HK,ALPHAMAB-B,Equity,hk_main,Hong Kong,,,Healthcare
9969.HK,INNOCARE,Equity,hk_main,Hong Kong,,,Healthcare
9973.HK,CHERY AUTO,Equity,hk_main,Hong Kong,,,Consumer Cyclical
9979.HK,GREENTOWN MGMT,Equity,hk_main,Hong Kong,,,Real Estate
9980.HK,EASTROC,Equity,hk_main,Hong Kong,,,Consumer Defensive
9981.HK,WOER,Equity,hk_main,Hong Kong,,,Industrials
9985.HK,WL DELICIOUS,Equity,hk_main,Hong Kong,,,Consumer Defensive
9987.HK,YUM CHINA,Equity,hk_main,Hong Kong,,,Consumer Cyclical
9988.HK,BABA-W,Equity,hk_main,Hong Kong,,,Consumer Cyclical
9992.HK,POP MART,Equity,hk_main,Hong Kong,,,Consumer Cyclical
9993.HK,RADIANCE HLDGS,Equity,hk_main,Hong Kong,,,Real Estate
9995.HK,REMEGEN,Equity,hk_main,Hong Kong,,,Healthcare
9996.HK,PEIJIA-B,Equity,hk_main,Hong Kong,,,Healthcare
9999.HK,NTES-S,Equity,hk_main,Hong Kong,,,Communication Services
